ID,EffectAura,DifficultyID,EffectIndex,Effect,EffectAmplitude,EffectAttributes,EffectAuraPeriod,EffectBonusCoefficient,EffectChainAmplitude,EffectChainTargets,EffectItemType,EffectMechanic,EffectPointsPerResource,EffectPos_facing,EffectRealPointsPerLevel,EffectTriggerSpell,BonusCoefficientFromAP,PvpMultiplier,Coefficient,Variance,ResourceCoefficient,GroupSizeBasePointsCoefficient,EffectBasePointsF,ScalingClass,Node__Field_12_0_0_63534_001,EffectMiscValue_0,EffectMiscValue_1,EffectRadiusIndex_0,EffectRadiusIndex_1,EffectSpellClassMask_0,EffectSpellClassMask_1,EffectSpellClassMask_2,EffectSpellClassMask_3,ImplicitTarget_0,ImplicitTarget_1,SpellID
35454,23,0,0,6,0,0,180000,0,1,0,0,0,0,0,0,43681,0,1,0,0,0,1,0,0,0,0,0,0,0,0,0,0,0,25,0,43680
326148,23,0,0,6,0,0,180000,0,1,0,0,0,0,0,0,219004,0,1,0,0,0,1,0,0,0,0,0,0,0,0,0,0,0,25,0,219003
678897,23,0,0,6,0,0,3000,0,1,0,0,0,0,0,0,3052,0,1,0,0,0,1,0,0,0,0,0,0,0,0,0,0,0,21,0,134
678917,23,0,0,6,0,0,3000,0,1,0,0,0,0,0,0,3053,0,1,0,0,0,1,0,0,0,0,0,0,0,0,0,0,0,21,0,184
679133,23,0,0,6,0,0,5000,0,1,0,0,0,0,0,0,10872,0,1,0,0,0,1,0,0,0,0,0,0,0,0,0,0,0,21,0,552
679172,0,0,2,64,0,0,0,1,1,0,0,0,0,0,0,7922,0,1,0,0,0,1,0,0,0,0,0,0,0,0,0,0,0,6,0,100
679280,23,0,0,6,0,0,3000,1,1,0,0,0,0,0,0,26059,0,1,0,0,0,1,0,0,0,0,0,23,0,0,0,0,0,22,7,804
679337,23,0,0,6,0,0,11000,1,1,0,0,0,0,0,0,26626,0,1,0,0,0,1,0,0,0,0,0,0,0,0,0,0,0,25,0,812
679349,0,0,1,64,0,0,0,0,1,0,0,0,0,0,0,11920,0,1,0,0,0,1,1,0,0,0,0,0,0,0,0,0,0,6,0,745
679422,23,0,1,6,0,0,2000,0,1,0,0,0,0,0,0,1348,0,1,0,0,0,1,0,0,0,0,0,0,0,0,0,0,0,1,0,424
679455,23,0,0,6,0,0,1000,1,1,0,0,0,0,0,1,25595,0,1,0,0,0,1,0,0,0,0,0,0,0,0,0,0,0,6,0,1009
679456,0,0,1,64,0,0,0,1,1,0,0,0,0,0,0,25595,0,1,0,0,0,1,0,0,0,0,0,0,0,0,0,0,0,6,0,1009
679459,23,0,2,6,0,0,3000,0,1,0,0,0,0,0,0,1010,0,1,0,0,0,1,0,0,0,0,0,0,0,0,0,0,0,6,0,1010
679569,42,0,0,6,0,0,0,0,1,0,0,0,0,0,0,26545,0,1,0,0,0,1,1,0,0,0,0,0,0,0,0,0,0,1,0,905
679573,42,0,0,6,0,0,0,0,1,0,0,0,0,0,0,26545,0,1,0,0,0,1,1,0,0,0,0,0,0,0,0,0,0,1,0,324
679724,42,0,0,6,0,0,0,0,1,0,0,0,0,0,0,27559,0,1,0,0,0,1,100,0,0,0,0,0,0,0,0,0,0,1,0,27561
679778,0,0,1,64,0,0,0,0,1,0,0,0,0,0,0,29131,0,1,0,0,0,1,0,0,0,0,0,0,0,0,0,0,0,1,0,2687
679780,42,0,0,6,0,0,0,0,1,0,0,0,0,0,0,2690,0,1,0,0,0,1,0,0,0,0,0,0,0,0,0,0,0,1,0,2689
679873,23,0,0,6,0,0,3000,1,1,0,0,0,0,0,0,28757,0,1,0,0,0,1,0,0,0,0,0,0,0,0,0,0,0,1,0,28756
679927,23,0,0,6,0,0,3000,0,1,0,0,0,0,0,0,3054,0,1,0,0,0,1,0,0,0,0,0,0,0,0,0,0,0,21,0,2601
680114,42,0,0,6,0,0,0,0,1,0,0,0,0,0,0,2676,0,1,0,0,0,1,0,0,0,0,0,0,0,0,0,0,0,1,0,742
680258,42,0,0,6,0,0,0,0,1,0,0,0,0,0,0,6591,0,1,0,0,0,1,0,0,0,0,0,0,0,0,0,0,0,1,0,2095
680524,23,0,0,6,0,0,7000,1,1,0,0,0,0,0,0,8732,0,1,0,0,0,1,0,0,0,0,0,0,0,0,0,0,0,25,0,2834
680565,42,0,0,6,0,0,0,0,1,0,0,0,0,0,0,3602,0,1,0,0,0,1,1,0,0,0,0,0,0,0,0,0,0,1,0,3582
680606,42,0,0,6,0,0,0,0,1,0,0,0,0,0,0,3260,0,1,0,0,0,1,0,0,0,0,0,0,0,0,0,0,0,1,0,3284
680733,42,0,0,6,0,0,0,0,1,0,0,0,0,0,0,3322,0,1,0,0,0,1,1,0,0,0,0,0,0,0,0,0,0,1,0,3338
680754,23,0,0,6,0,0,9000,1,1,0,0,0,0,0,0,26546,0,1,0,0,0,1,0,0,0,0,0,0,0,0,0,0,0,25,0,2148
680795,42,0,0,6,0,0,0,0,1,0,0,0,0,0,0,28598,0,1,0,0,0,1,0,0,0,0,0,0,0,0,0,0,0,1,0,2652
680892,0,0,1,64,0,0,0,0,1,0,0,0,0,0,0,368736,0,1,0,0,0,1,0,0,0,0,0,0,0,0,0,0,0,25,0,3286
680893,42,0,0,6,0,0,0,0,1,0,0,0,0,0,0,4160,0,1,0,0,0,1,0,0,0,0,0,0,0,0,0,0,0,1,0,4161
681078,23,0,0,6,0,0,1000,1,1,0,0,0,0,0,0,5857,0,1,0,0,0,1,0,0,0,0,0,0,0,0,0,0,0,1,0,1949
681194,23,0,1,6,0,0,20000,1,1,0,0,0,0,0,0,13535,0,1,0,0,0,1,1,0,0,0,0,0,0,0,0,0,0,6,0,1515
681213,0,0,0,64,0,0,0,0,1,0,0,0,0,0,0,11327,0,1,0,0,0,1,0,0,0,0,0,0,0,0,0,0,0,1,0,1856
681214,0,0,1,64,0,0,0,0,1,0,0,0,0,0,0,18461,0,1,0,0,0,1,0,0,0,0,0,0,0,0,0,0,0,1,0,1856
681233,23,0,0,6,0,0,2000,0,1,0,0,0,0,0,0,3137,0,1,0,0,0,1,0,0,0,0,0,0,0,0,0,0,0,21,0,2893
681398,0,0,0,64,0,0,0,0,1,0,0,0,0,0,0,11329,0,1,0,0,0,1,0,0,0,0,0,0,0,0,0,0,0,1,0,1857
681399,0,0,1,64,0,0,0,0,1,0,0,0,0,0,0,18461,0,1,0,0,0,1,0,0,0,0,0,0,0,0,0,0,0,1,0,1857
681588,42,0,0,6,0,0,0,0,1,0,0,0,0,0,0,744,0,1,0,0,0,1,1,0,0,0,0,13,0,0,0,0,0,20,0,3424
681592,42,0,0,6,0,0,0,0,1,0,0,0,0,0,0,3639,0,1,0,0,0,1,0,0,0,0,0,0,0,0,0,0,0,1,0,3637
681617,42,0,1,6,0,0,0,0,1,0,0,0,0,0,0,5598,0,1,0,0,0,1,0,0,0,0,0,0,0,0,0,0,0,1,0,4389
681651,42,0,0,6,0,0,0,0,1,0,0,0,0,0,0,3391,0,1,0,0,0,1,1,0,0,0,0,0,0,0,0,0,0,1,0,3417
681652,42,0,0,6,0,0,0,0,1,0,0,0,0,0,0,3419,0,1,0,0,0,1,0,0,0,0,0,0,0,0,0,0,0,1,0,3418
681664,42,0,1,6,0,0,0,0,1,0,0,0,0,0,0,5597,0,1,0,0,0,1,0,0,0,0,0,0,0,0,0,0,0,1,0,4388
681673,42,0,0,6,1,0,0,0,1,0,0,0,0,0,0,3393,0,1,0,0,0,1,0,0,0,0,0,0,0,0,0,0,0,1,0,3394
681722,42,0,0,6,0,0,0,0,1,0,0,0,0,0,0,744,0,1,0,0,0,1,1,0,0,0,0,0,0,0,0,0,0,1,0,3616
681814,42,0,0,6,0,0,0,0,1,0,0,0,0,0,0,4240,0,1,0,0,0,1,1,0,0,0,0,0,0,0,0,0,0,1,0,4241
681920,42,0,0,6,0,0,0,0,1,0,0,0,0,0,0,3514,0,1,0,0,0,1,0,0,0,0,0,0,0,0,0,0,0,1,0,3512
681975,42,0,0,6,0,0,0,0,1,0,0,0,0,0,0,3322,0,1,0,0,0,1,1,0,0,0,0,0,0,0,0,0,0,1,0,3235
681986,42,0,0,6,0,0,0,0,1,0,0,0,0,0,0,3510,0,1,0,0,0,1,0,0,0,0,0,0,0,0,0,0,0,1,0,3509
682044,42,0,0,6,0,0,0,0,1,0,0,0,0,0,0,3391,0,1,0,0,0,1,1,0,0,0,0,0,0,0,0,0,0,1,0,8876
682047,42,0,2,6,0,0,0,0,1,0,0,0,0,0,0,3439,0,1,0,0,0,1,1,0,0,0,0,0,0,0,0,0,0,4,0,3439
682048,42,0,0,6,1,0,0,0,1,0,0,0,0,0,0,25,0,1,0,0,0,1,0,0,0,0,0,0,0,0,0,0,0,1,0,3440
682092,42,0,2,6,0,0,0,0,1,0,0,0,0,0,0,3439,0,1,0,0,0,1,1,0,0,0,0,0,0,0,0,0,0,6,0,3436
682112,23,0,0,6,0,0,15000,0,1,0,0,0,0,0,0,3585,0,1,0,0,0,1,0,0,0,0,0,0,0,0,0,0,0,6,0,3584
682141,23,0,0,6,0,0,3000,0,1,0,0,0,0,0,0,3826,0,1,0,0,0,1,0,0,0,0,0,0,0,0,0,0,0,1,0,3825
682229,23,0,1,6,0,0,8000,0,1,0,0,0,0,0,0,3271,0,1,0,0,0,1,1,0,0,0,0,0,0,0,0,0,0,1,0,3269
682261,23,0,0,6,0,0,15000,0,1,0,0,0,0,0,0,3587,0,1,0,0,0,1,1,0,0,0,0,0,0,0,0,0,0,6,0,3586
682263,42,0,0,6,0,0,0,0,1,0,0,0,0,0,0,4111,0,1,0,0,0,1,0,0,0,0,0,0,0,0,0,0,0,1,0,4114
682264,42,0,0,6,0,0,0,0,1,0,0,0,0,0,0,4109,0,1,0,0,0,1,0,0,0,0,0,0,0,0,0,0,0,1,0,4115
682284,42,0,1,6,0,0,0,0,1,0,0,0,0,0,0,5727,0,1,0,0,0,1,0,0,0,0,0,0,0,0,0,0,0,1,0,4496
682296,42,0,1,6,0,0,0,0,1,0,0,0,0,0,0,5726,0,1,0,0,0,1,0,0,0,0,0,0,0,0,0,0,0,1,0,4494
682330,42,0,0,6,0,0,0,0,1,0,0,0,0,0,0,4139,0,1,0,0,0,1,0,0,0,0,0,0,0,0,0,0,0,1,0,4140
682333,42,0,0,6,0,0,0,0,1,0,0,0,0,0,0,4143,0,1,0,0,0,1,0,0,0,0,0,0,0,0,0,0,0,1,0,4142
682359,42,0,0,6,0,0,0,0,1,0,0,0,0,0,0,4282,0,1,0,0,0,1,1,0,0,0,0,0,0,0,0,0,0,1,0,4283
682364,42,0,1,6,0,0,0,0,1,0,0,0,0,0,0,5598,0,1,0,0,0,1,0,0,0,0,0,0,0,0,0,0,0,1,0,4390
682379,42,0,0,6,0,0,0,0,1,0,0,0,0,0,0,4280,0,1,0,0,0,1,0,0,0,0,0,0,0,0,0,0,0,1,0,4279
682417,0,0,1,64,0,0,0,0,1,0,0,0,0,0,0,26651,0,1,0,0,0,1,0,0,0,0,0,0,0,0,0,0,0,1,0,5308
682422,42,0,0,6,0,0,0,0,1,0,0,0,0,0,0,4285,0,1,0,0,0,1,1,0,0,0,0,0,0,0,0,0,0,1,0,4284
682425,42,0,1,6,0,0,0,0,1,0,0,0,0,0,0,5727,0,1,0,0,0,1,0,0,0,0,0,0,0,0,0,0,0,1,0,4495
682435,42,0,0,6,0,0,0,0,1,0,0,0,0,0,0,4316,0,1,0,0,0,1,0,0,0,0,0,0,0,0,0,0,0,1,0,4315
682436,42,0,0,6,0,0,0,0,1,0,0,0,0,0,0,4150,0,1,0,0,0,1,0,0,0,0,0,0,0,0,0,0,0,1,0,4317
682438,42,0,0,6,0,0,0,0,1,0,0,0,0,0,0,4137,0,1,0,0,0,1,0,0,0,0,0,0,0,0,0,0,0,1,0,4138
682500,42,0,0,6,0,0,0,0,1,0,0,0,0,0,0,4107,0,1,0,0,0,1,0,0,0,0,0,0,0,0,0,0,0,1,0,4112
682551,23,0,1,6,0,0,3000,0,1,0,0,0,0,0,0,5113,0,1,0,0,0,1,0,0,0,0,0,0,0,0,0,0,0,1,0,5111
682583,42,0,1,6,0,0,0,0,1,0,0,0,0,0,0,5597,0,1,0,0,0,1,0,0,0,0,0,0,0,0,0,0,0,1,0,4387
682617,42,0,1,6,0,0,0,0,1,0,0,0,0,0,0,5726,0,1,0,0,0,1,0,0,0,0,0,0,0,0,0,0,0,1,0,4493
682636,42,0,0,6,0,0,0,0,1,0,0,0,0,0,0,4108,0,1,0,0,0,1,0,0,0,0,0,0,0,0,0,0,0,1,0,4113
682654,42,0,0,6,0,0,0,0,1,0,0,0,0,0,0,4244,0,1,0,0,0,1,1,0,0,0,0,0,0,0,0,0,0,1,0,4245
682708,42,0,0,6,0,0,0,0,1,0,0,0,0,0,0,4524,0,1,0,0,0,1,0,0,0,0,0,0,0,0,0,0,0,1,0,4525
682727,23,0,0,6,0,0,3000,0,1,0,0,0,0,0,0,4049,0,1,0,0,0,1,0,0,0,0,0,0,0,0,0,0,0,1,0,4048
682780,0,0,1,16,0,0,0,0,1,0,0,0,0,0,0,0,0,1,0,0,0,1,0,0,0,924,0,0,0,0,0,0,0,1,0,5099
682804,42,0,0,6,0,0,0,0,1,0,0,0,0,0,0,5105,0,1,0,0,0,1,1,0,0,0,0,0,0,0,0,0,0,1,0,5104
682808,23,0,0,6,0,0,3000,0,1,0,0,0,0,0,0,4045,0,1,0,0,0,1,1,0,0,0,0,0,0,0,0,0,0,1,0,4044
682823,0,0,0,64,0,0,0,0,1,0,0,0,0,0,0,2647,0,1,0,0,0,1,0,0,0,0,0,0,0,0,0,0,0,6,0,5103
682904,42,0,0,6,0,0,0,0,1,0,0,0,0,0,0,4940,0,1,0,0,0,1,1,0,0,0,0,0,0,0,0,0,0,1,0,4144
682910,0,0,1,64,0,0,0,0,1,0,0,0,0,0,0,3617,0,1,0,0,0,1,0,0,0,0,0,0,0,0,0,0,0,1,0,4050
682921,42,0,0,6,0,0,0,0,1,0,0,0,0,0,0,4243,0,1,0,0,0,1,0,0,0,0,0,0,0,0,0,0,0,1,0,4242
682934,42,0,0,6,0,0,0,0,1,0,0,0,0,0,0,4050,0,1,0,0,0,1,1,0,0,0,0,0,0,0,0,0,0,1,0,4051
683046,42,0,1,6,0,0,0,0,1,0,0,0,0,0,0,5480,0,1,0,0,0,1,0,0,0,0,0,0,0,0,0,0,0,1,0,5345
683050,42,0,0,6,0,0,0,0,1,0,0,0,0,0,0,4950,0,1,0,0,0,1,0,0,0,0,0,0,0,0,0,0,0,1,0,4951
683065,23,0,0,6,0,0,2000,0,1,0,0,0,0,0,0,5251,0,1,0,0,0,1,1,0,0,0,0,0,0,0,0,0,0,1,0,5250
683087,42,0,1,6,0,0,0,0,1,0,0,0,0,0,0,5508,0,1,0,0,0,1,0,0,0,0,0,0,0,0,0,0,0,1,0,5341
683092,23,0,0,6,0,0,2000,0,1,0,0,0,0,0,0,5729,0,1,0,0,0,1,0,0,0,0,0,0,0,0,0,0,0,1,0,5728
683115,42,0,0,6,0,0,0,0,1,0,0,0,0,0,0,5366,0,1,0,0,0,1,0,0,0,0,0,0,0,0,0,0,0,1,0,5369
683117,42,0,0,6,0,0,0,0,1,0,0,0,0,0,0,5363,0,1,0,0,0,1,0,0,0,0,0,0,0,0,0,0,0,1,0,5364
683145,42,0,0,6,0,0,0,0,1,0,0,0,0,0,0,5302,0,1,0,0,0,1,0,0,0,0,0,0,0,0,0,0,0,1,0,5301
683162,23,0,0,6,0,0,3000,0,1,0,0,0,0,0,0,5016,0,1,0,0,0,1,0,0,0,0,0,0,0,0,0,0,0,1,0,4972
683166,0,0,2,64,0,0,0,1,1,0,0,0,0,0,0,7922,0,1,0,0,0,1,0,0,0,0,0,0,0,0,0,0,0,6,0,5696
683193,42,0,1,6,0,0,0,0,1,0,0,0,0,0,0,5508,0,1,0,0,0,1,0,0,0,0,0,0,0,0,0,0,0,1,0,5431
683204,42,0,1,6,0,0,0,0,1,0,0,0,0,0,0,5531,0,1,0,0,0,1,0,0,0,0,0,0,0,0,0,0,0,1,0,5354
683206,42,0,0,6,0,0,0,0,1,0,0,0,0,0,0,5365,0,1,0,0,0,1,0,0,0,0,0,0,0,0,0,0,0,1,0,5368
683230,23,0,1,6,0,0,10000,0,1,0,0,0,0,0,0,19705,0,1,0,0,0,1,1,0,0,0,0,0,0,0,0,0,0,1,0,5004
683264,42,0,1,6,0,0,0,0,1,0,0,0,0,0,0,5508,0,1,0,0,0,1,0,0,0,0,0,0,0,0,0,0,0,1,0,5430
683266,42,0,1,6,0,0,0,0,1,0,0,0,0,0,0,5508,0,1,0,0,0,1,0,0,0,0,0,0,0,0,0,0,0,1,0,5343
683268,42,0,1,6,0,0,0,0,1,0,0,0,0,0,0,5508,0,1,0,0,0,1,0,0,0,0,0,0,0,0,0,0,0,1,0,5344
683280,42,0,1,6,0,0,0,0,1,0,0,0,0,0,0,5531,0,1,0,0,0,1,0,0,0,0,0,0,0,0,0,0,0,1,0,5554
683285,0,0,1,16,0,0,0,0,1,0,0,0,0,0,0,0,0,1,0,0,0,1,0,0,0,754,0,0,0,0,0,0,0,1,0,4975
683301,23,0,0,6,0,0,3000,0,1,0,0,0,0,0,0,5607,0,1,0,0,0,1,0,0,0,0,0,0,0,0,0,0,0,1,0,5608
683324,23,0,1,6,0,0,10000,1,1,0,0,0,0,0,0,19706,0,1,0,0,0,1,0,0,0,0,0,0,0,0,0,0,0,1,0,5005
683354,42,0,1,6,0,0,0,0,1,0,0,0,0,0,0,5508,0,1,0,0,0,1,0,0,0,0,0,0,0,0,0,0,0,1,0,5342
683356,42,0,1,6,0,0,0,0,1,0,0,0,0,0,0,4937,0,1,0,0,0,1,1,0,0,0,0,0,0,0,0,0,0,1,0,4932
683408,23,0,0,6,0,0,3000,0,1,0,0,0,0,0,0,6275,0,1,0,0,0,1,0,0,0,0,0,0,0,0,0,0,0,1,0,6276
683482,42,0,0,6,0,0,0,0,1,0,0,0,0,0,0,4135,0,1,0,0,0,1,0,0,0,0,0,0,0,0,0,0,0,1,0,4136
683495,42,0,0,6,0,0,0,0,1,0,0,0,0,0,0,4134,0,1,0,0,0,1,0,0,0,0,0,0,0,0,0,0,0,1,0,4133
683527,23,0,0,6,0,0,1000,0,1,0,0,0,0,0,0,7268,0,1,0,0,0,1,0,0,0,0,0,0,0,0,0,0,0,1,0,5143
683529,23,0,0,6,0,0,1000,0,1,0,0,0,0,0,0,7269,0,1,0,0,0,1,0,0,0,0,0,0,0,0,0,0,0,1,0,5144
683538,42,0,1,6,0,0,0,1,1,0,0,0,0,0,0,15571,0,1,0,0,0,1,0,0,0,0,0,0,0,0,0,0,0,1,0,5118
683562,42,0,0,6,0,0,0,0,1,0,0,0,0,0,0,19105,0,1,0,0,0,1,0,0,0,0,0,0,0,0,0,0,0,1,0,5202
683598,42,0,1,6,0,0,0,0,1,0,0,0,0,0,0,5480,0,1,0,0,0,1,0,0,0,0,0,0,0,0,0,0,0,1,0,5346
683634,23,0,1,6,0,0,10000,0,1,0,0,0,0,0,0,19709,0,1,0,0,0,1,0,0,0,0,0,0,0,0,0,0,0,1,0,5007
683661,42,0,1,6,0,0,0,0,1,0,0,0,0,0,0,5164,0,1,0,0,0,1,0,0,0,0,0,0,0,0,0,0,0,1,0,5205
683664,42,0,0,6,0,0,0,0,1,0,0,0,0,0,0,5367,0,1,0,0,0,1,0,0,0,0,0,0,0,0,0,0,0,1,0,5370
683683,23,0,1,6,0,0,10000,0,1,0,0,0,0,0,0,19708,0,1,0,0,0,1,1,0,0,0,0,0,0,0,0,0,0,1,0,5006
683710,42,0,1,6,0,0,0,0,1,0,0,0,0,0,0,5480,0,1,0,0,0,1,0,0,0,0,0,0,0,0,0,0,0,1,0,5513
683778,42,0,1,6,0,0,0,0,1,0,0,0,0,0,0,5530,0,1,0,0,0,1,0,0,0,0,0,0,0,0,0,0,0,1,0,5349
683795,0,0,1,16,0,0,0,0,1,0,0,0,0,0,0,0,0,1,0,0,0,1,0,0,0,758,0,0,0,0,0,0,0,1,0,4977
683797,0,0,1,16,0,0,0,0,1,0,0,0,0,0,0,0,0,1,0,0,0,1,0,0,0,760,0,0,0,0,0,0,0,1,0,4978
683804,42,0,0,6,0,0,0,0,1,0,0,0,0,0,0,5376,0,1,0,0,0,1,1,0,0,0,0,0,0,0,0,0,0,1,0,5377
683817,23,0,1,6,0,0,1000,0,1,0,0,0,0,0,0,8136,0,1,0,0,0,1,0,0,0,0,0,0,0,0,0,0,0,1,0,6271
683820,42,0,1,6,0,0,0,0,1,0,0,0,0,0,0,5649,0,1,0,0,0,1,0,0,0,0,0,0,0,0,0,0,0,1,0,5642
683844,42,0,0,6,0,0,0,0,1,0,0,0,0,0,0,5164,0,1,0,0,0,1,0,0,0,0,0,0,0,0,0,0,0,1,0,7095
683846,0,0,1,64,0,0,0,0,1,0,0,0,0,0,0,18191,0,1,0,0,0,1,0,0,0,0,0,0,0,0,0,0,0,1,0,26030
683867,23,0,0,6,0,0,3000,0,1,0,0,0,0,0,0,3600,0,1,0,0,0,1,0,0,0,0,0,0,0,0,0,0,0,1,0,6474
683924,0,0,1,64,0,0,0,0,1,0,0,0,0,0,0,6581,0,1,0,0,0,1,0,0,0,0,0,0,0,0,0,0,0,6,0,6580
683939,42,0,1,6,0,0,0,0,1,0,0,0,0,0,0,5597,0,1,0,0,0,1,0,0,0,0,0,0,0,0,0,0,0,1,0,5752
683946,23,0,1,6,0,0,1000,0,1,0,0,0,0,0,0,7022,0,1,0,0,0,1,0,0,0,0,0,0,0,0,0,0,0,1,0,7023
683953,42,0,1,6,0,0,0,0,1,0,0,0,0,0,0,5531,0,1,0,0,0,1,0,0,0,0,0,0,0,0,0,0,0,1,0,5353
683958,42,0,1,6,0,0,0,0,1,0,0,0,0,0,0,5597,0,1,0,0,0,1,0,0,0,0,0,0,0,0,0,0,0,1,0,5751
683965,42,0,1,6,0,0,0,0,1,0,0,0,0,0,0,5597,0,1,0,0,0,1,0,0,0,0,0,0,0,0,0,0,0,1,0,5976
683992,23,0,1,6,0,0,3000,0,1,0,0,0,0,0,0,6714,0,1,0,0,0,1,0,0,0,0,0,0,0,0,0,0,0,25,0,6716
684013,42,0,0,6,0,0,0,0,1,0,0,0,0,0,0,6946,0,1,0,0,0,1,0,0,0,0,0,0,0,0,0,0,0,1,0,6947
684017,42,0,1,6,0,0,0,0,1,0,0,0,0,0,0,5649,0,1,0,0,0,1,0,0,0,0,0,0,0,0,0,0,0,1,0,5643
684059,42,0,1,6,0,0,0,0,1,0,0,0,0,0,0,5508,0,1,0,0,0,1,0,0,0,0,0,0,0,0,0,0,0,1,0,5432
684160,23,0,1,6,0,0,1000,0,1,0,0,0,0,0,0,6955,0,1,0,0,0,1,0,0,0,0,0,0,0,0,0,0,0,1,0,6974
684171,23,0,0,6,0,0,3000,0,1,0,0,0,0,0,0,6497,0,1,0,0,0,1,1,0,0,0,0,0,0,0,0,0,0,1,0,6498
684179,23,0,0,6,0,0,1000,0,1,0,0,0,0,0,0,8418,0,1,0,0,0,1,0,0,0,0,0,0,0,0,0,0,0,1,0,8417
684181,23,0,0,6,0,0,1000,0,1,0,0,0,0,0,0,8419,0,1,0,0,0,1,0,0,0,0,0,0,0,0,0,0,0,1,0,8416
684196,42,0,1,6,0,0,0,0,1,0,0,0,0,0,0,5648,0,1,0,0,0,1,0,0,0,0,0,0,0,0,0,0,0,1,0,5638
684198,42,0,1,6,0,0,0,0,1,0,0,0,0,0,0,5648,0,1,0,0,0,1,0,0,0,0,0,0,0,0,0,0,0,1,0,5639
684203,42,0,1,6,0,0,0,0,1,0,0,0,0,0,0,5648,0,1,0,0,0,1,0,0,0,0,0,0,0,0,0,0,0,0,0,5640
684214,42,0,1,6,0,0,0,0,1,0,0,0,0,0,0,5531,0,1,0,0,0,1,0,0,0,0,0,0,0,0,0,0,0,1,0,5553
684226,42,0,1,6,0,0,0,0,1,0,0,0,0,0,0,5648,0,1,0,0,0,1,0,0,0,0,0,0,0,0,0,0,0,1,0,5641
684284,42,0,1,6,0,0,0,0,1,0,0,0,0,0,0,5480,0,1,0,0,0,1,0,0,0,0,0,0,0,0,0,0,0,1,0,5427
684288,42,0,1,6,0,0,0,0,1,0,0,0,0,0,0,5530,0,1,0,0,0,1,0,0,0,0,0,0,0,0,0,0,0,1,0,5350
684296,23,0,0,6,0,0,3000,0,1,0,0,0,0,0,0,6817,0,1,0,0,0,1,1,0,0,0,0,0,0,0,0,0,0,1,0,6820
684297,23,0,0,6,0,0,3000,0,1,0,0,0,0,0,0,6816,0,1,0,0,0,1,1,0,0,0,0,0,0,0,0,0,0,1,0,6821
684298,23,0,0,6,0,0,3000,0,1,0,0,0,0,0,0,6819,0,1,0,0,0,1,1,0,0,0,0,0,0,0,0,0,0,1,0,6822
684320,42,0,1,6,0,0,0,0,1,0,0,0,0,0,0,5598,0,1,0,0,0,1,0,0,0,0,0,0,0,0,0,0,0,1,0,5755
684333,23,0,0,6,0,0,1000,0,1,0,0,0,0,0,0,7270,0,1,0,0,0,1,0,0,0,0,0,0,0,0,0,0,0,1,0,5145
684345,42,0,1,6,0,0,0,0,1,0,0,0,0,0,0,5598,0,1,0,0,0,1,0,0,0,0,0,0,0,0,0,0,0,1,0,5756
684363,0,0,0,64,0,0,0,1,1,0,0,0,0,0,0,20511,0,1,0,0,0,1,0,0,0,0,0,0,0,0,0,0,0,6,0,5246
684370,42,0,1,6,0,0,0,0,1,0,0,0,0,0,0,5530,0,1,0,0,0,1,0,0,0,0,0,0,0,0,0,0,0,1,0,5351
684372,42,0,1,6,0,0,0,0,1,0,0,0,0,0,0,5530,0,1,0,0,0,1,0,0,0,0,0,0,0,0,0,0,0,1,0,5352
684426,42,0,1,6,0,0,0,0,1,0,0,0,0,0,0,5597,0,1,0,0,0,1,0,0,0,0,0,0,0,0,0,0,0,1,0,5977
684462,42,0,1,6,0,0,0,0,1,0,0,0,0,0,0,5530,0,1,0,0,0,1,0,0,0,0,0,0,0,0,0,0,0,1,0,5550
684469,42,0,1,6,0,0,0,0,1,0,0,0,0,0,0,5530,0,1,0,0,0,1,0,0,0,0,0,0,0,0,0,0,0,1,0,5551
684509,42,0,1,6,0,0,0,0,1,0,0,0,0,0,0,5598,0,1,0,0,0,1,0,0,0,0,0,0,0,0,0,0,0,1,0,5979
684522,42,0,1,6,0,0,0,0,1,0,0,0,0,0,0,5530,0,1,0,0,0,1,0,0,0,0,0,0,0,0,0,0,0,1,0,5549
684532,42,0,1,6,0,0,0,0,1,0,0,0,0,0,0,5530,0,1,0,0,0,1,0,0,0,0,0,0,0,0,0,0,0,1,0,5552
684535,42,0,1,6,0,0,0,0,1,0,0,0,0,0,0,5597,0,1,0,0,0,1,0,0,0,0,0,0,0,0,0,0,0,1,0,5753
684537,42,0,1,6,0,0,0,0,1,0,0,0,0,0,0,5597,0,1,0,0,0,1,0,0,0,0,0,0,0,0,0,0,0,1,0,5754
684572,42,0,1,6,0,0,0,0,1,0,0,0,0,0,0,5508,0,1,0,0,0,1,0,0,0,0,0,0,0,0,0,0,0,1,0,5429
684645,0,0,1,16,0,0,0,0,1,0,0,0,0,0,0,0,0,1,0,0,0,1,0,0,0,1086,0,0,0,0,0,0,0,1,0,6620
684648,42,0,0,6,0,0,0,0,1,0,0,0,0,0,0,6264,0,1,0,0,0,1,1,0,0,0,0,0,0,0,0,0,0,1,0,6433
684723,42,0,0,6,0,0,0,0,1,0,0,0,0,0,0,6749,0,1,0,0,0,1,0,0,0,0,0,0,0,0,0,0,0,1,0,6750
684793,42,0,0,6,0,0,0,0,1,0,0,0,0,0,0,6866,0,1,0,0,0,1,0,0,0,0,0,0,0,0,0,0,0,1,0,6867
684795,0,0,1,64,0,0,0,0,1,0,0,0,0,0,0,11920,0,1,0,0,0,1,1,0,0,0,0,0,0,0,0,0,0,6,0,12024
684820,23,0,0,6,0,0,3000,0,1,0,0,0,0,0,0,6818,0,1,0,0,0,1,1,0,0,0,0,0,0,0,0,0,0,1,0,6823
684852,0,0,1,64,0,0,0,0,1,0,0,0,0,0,0,11920,0,1,0,0,0,1,1,0,0,0,0,0,0,0,0,0,0,6,0,12023
684920,42,0,2,6,1,0,0,1,1,0,0,0,0,0,0,7136,0,1,0,0,0,1,1,0,0,0,0,0,0,0,0,0,0,1,0,7137
684926,23,0,0,6,0,0,2000,0,1,0,0,0,0,0,0,6393,0,1,0,0,0,1,0,0,0,0,0,0,0,0,0,0,0,1,0,6397
684943,42,0,0,6,0,0,0,0,1,0,0,0,0,0,0,6751,0,1,0,0,0,1,1,0,0,0,0,0,0,0,0,0,0,1,0,6752
684947,42,0,1,6,0,0,0,0,1,0,0,0,0,0,0,6136,0,1,0,0,0,1,0,0,0,0,0,0,0,0,0,0,0,1,0,7301
684949,42,0,0,6,0,0,0,0,1,0,0,0,0,0,0,3409,0,1,0,0,0,1,0,0,0,0,0,0,0,0,0,0,0,1,0,6645
684958,23,0,0,6,0,0,90000,0,1,0,0,0,0,0,0,3648,0,1,0,0,0,1,1,0,0,0,0,0,0,0,0,0,0,1,0,6523
684997,23,0,0,6,0,0,20000,0,1,0,0,0,0,0,0,6634,0,1,0,0,0,1,0,0,0,0,0,0,0,0,0,0,0,1,0,6718
685040,23,0,0,6,0,0,2000,0,1,0,0,0,0,0,0,6394,0,1,0,0,0,1,0,0,0,0,0,0,0,0,0,0,0,1,0,6398
685041,23,0,0,6,0,0,2000,0,1,0,0,0,0,0,0,6395,0,1,0,0,0,1,0,0,0,0,0,0,0,0,0,0,0,1,0,6399
685063,23,0,0,6,0,0,2000,0,1,0,0,0,0,0,0,9737,0,1,0,0,0,1,0,0,0,0,0,0,0,0,0,0,0,1,0,9733
685114,42,0,0,6,0,0,0,0,1,0,0,0,0,0,0,6910,0,1,0,0,0,1,0,0,0,0,0,0,0,0,0,0,0,6,0,6909
685197,0,0,2,64,0,0,0,1,1,0,0,0,0,0,0,7922,0,1,0,0,0,1,0,0,0,0,0,0,0,0,0,0,0,6,0,6178
685308,42,0,0,6,0,0,0,0,1,0,0,0,0,0,0,6870,0,1,0,0,0,1,0,0,0,0,0,0,0,0,0,0,0,1,0,6871
685312,42,0,1,6,0,0,0,0,1,0,0,0,0,0,0,6136,0,1,0,0,0,1,0,0,0,0,0,0,0,0,0,0,0,1,0,7300
685316,0,0,2,64,0,0,0,0,1,0,0,0,0,0,0,6669,0,1,0,0,0,1,1,0,0,0,0,0,0,0,0,0,0,0,0,6664
685324,42,0,0,6,0,0,0,0,1,0,0,0,0,0,0,7099,0,1,0,0,0,1,0,0,0,0,0,0,0,0,0,0,0,6,0,7098
685342,42,0,0,6,0,0,0,0,1,0,0,0,0,0,0,5164,0,1,0,0,0,1,0,0,0,0,0,0,0,0,0,0,0,1,0,6961
685345,42,0,0,6,0,0,0,0,1,0,0,0,0,0,0,5810,0,1,0,0,0,1,0,0,0,0,0,0,0,0,0,0,0,1,0,5811
685585,23,0,0,6,0,0,2000,0,1,0,0,0,0,0,0,8187,0,1,0,0,0,1,0,0,0,0,0,0,0,0,0,0,0,1,0,8188
685587,23,0,0,6,0,0,5000,0,1,0,0,0,0,0,0,8377,0,1,0,0,0,1,1,0,0,0,0,0,0,0,0,0,0,1,0,8378
685617,23,0,0,6,0,0,4000,0,1,0,0,0,0,0,0,8433,0,1,0,0,0,1,0,0,0,0,0,0,0,0,0,0,0,1,0,8434
685669,0,0,2,64,0,0,0,1,1,0,0,0,0,0,0,25999,0,1,0,0,0,1,0,0,0,0,0,0,0,0,0,0,0,6,0,7371
685676,42,0,1,6,0,0,0,0,1,0,0,0,0,0,0,7321,0,1,0,0,0,1,0,0,0,0,0,0,0,0,0,0,0,1,0,7302
685714,42,0,1,6,0,0,0,0,1,0,0,0,0,0,0,7321,0,1,0,0,0,1,0,0,0,0,0,0,0,0,0,0,0,1,0,7320
685740,42,0,0,6,0,0,0,0,1,0,0,0,0,0,0,744,0,1,0,0,0,1,1,0,0,0,0,0,0,0,0,0,0,1,0,7276
685758,42,0,1,6,0,0,0,0,1,0,0,0,0,0,0,6136,0,1,0,0,0,1,0,0,0,0,0,0,0,0,0,0,0,1,0,168
685772,42,0,0,6,0,0,0,0,1,0,0,0,0,0,0,7848,0,1,0,0,0,1,0,0,0,0,0,0,0,0,0,0,0,1,0,7849
685832,42,0,0,6,0,0,0,0,1,0,0,0,0,0,0,7712,0,1,0,0,0,1,0,0,0,0,0,0,0,0,0,0,0,1,0,7711
685837,42,0,0,6,0,0,0,0,1,0,0,0,0,0,0,1293421,0,1,0,0,0,1,0,0,0,0,0,0,0,0,0,0,0,1,0,7619
685888,42,0,1,6,0,0,0,0,1,0,0,0,0,0,0,5480,0,1,0,0,0,1,0,0,0,0,0,0,0,0,0,0,0,1,0,5433
685906,42,0,0,6,0,0,0,0,1,0,0,0,0,0,0,7485,0,1,0,0,0,1,0,0,0,0,0,0,0,0,0,0,0,1,0,7486
685918,42,0,2,6,0,0,0,0,1,0,0,0,0,0,0,7103,0,1,0,0,0,1,1,0,0,0,0,0,0,0,0,0,0,6,0,7102
685921,42,0,2,6,0,0,0,0,1,0,0,0,0,0,0,7103,0,1,0,0,0,1,1,0,0,0,0,0,0,0,0,0,0,4,0,7103
685922,42,0,0,6,0,0,0,0,1,0,0,0,0,0,0,7714,0,1,0,0,0,1,0,0,0,0,0,0,0,0,0,0,0,1,0,7721
685923,42,0,0,6,0,0,0,0,1,0,0,0,0,0,0,7715,0,1,0,0,0,1,0,0,0,0,0,0,0,0,0,0,0,1,0,7722
685945,42,0,0,6,0,0,0,0,1,0,0,0,0,0,0,7716,0,1,0,0,0,1,0,0,0,0,0,0,0,0,0,0,0,1,0,7723
685959,23,0,0,6,0,0,2000,0,1,0,0,0,0,0,0,8351,0,1,0,0,0,1,0,0,0,0,0,0,0,0,0,0,0,1,0,8350
685970,0,0,1,16,0,0,0,1,1,0,0,0,0,0,0,0,0,1,0,0,0,1,0,0,0,9051,0,0,0,0,0,0,0,1,0,7211
685975,0,0,1,64,0,0,0,0,1,0,0,0,0,0,0,6608,0,1,0,0,0,1,0,0,0,0,0,0,0,0,0,0,0,6,0,6607
685992,42,0,0,6,0,0,0,0,1,0,0,0,0,0,0,4148,0,1,0,0,0,1,1,0,0,0,0,0,0,0,0,0,0,1,0,6923
685995,42,0,0,6,0,0,0,0,1,0,0,0,0,0,0,6594,0,1,0,0,0,1,0,0,0,0,0,0,0,0,0,0,0,1,0,6592
685996,42,0,0,6,0,0,0,0,1,0,0,0,0,0,0,6594,0,1,0,0,0,1,0,0,0,0,0,0,0,0,0,0,0,1,0,6593
686002,42,0,0,6,0,0,0,0,1,0,0,0,0,0,0,7718,0,1,0,0,0,1,0,0,0,0,0,0,0,0,0,0,0,1,0,7725
686003,42,0,0,6,0,0,0,0,1,0,0,0,0,0,0,7719,0,1,0,0,0,1,0,0,0,0,0,0,0,0,0,0,0,1,0,7726
686018,0,0,1,64,0,0,0,0,1,0,0,0,0,0,0,8320,0,1,0,0,0,1,0,0,0,0,0,0,0,0,0,0,0,1,0,7669
686056,42,0,0,6,0,0,0,0,1,0,0,0,0,0,0,9204,0,1,0,0,0,1,1,0,0,0,0,0,0,0,0,0,0,1,0,10095
686089,23,0,0,6,0,0,1000,0,1,0,0,0,0,0,0,8553,0,1,0,0,0,1,0,0,0,0,0,0,0,0,0,0,0,25,0,8554
686095,42,0,0,6,0,0,0,0,1,0,0,0,0,0,0,3436,0,1,0,0,0,1,0,0,0,0,0,0,0,0,0,0,0,1,0,8247
686107,42,0,0,6,0,0,0,0,1,0,0,0,0,0,0,3288,0,1,0,0,0,1,1,0,0,0,0,0,0,0,0,0,0,1,0,8852
686198,0,0,1,64,0,0,0,0,1,0,0,0,0,0,0,11920,0,1,0,0,0,1,1,0,0,0,0,0,0,0,0,0,0,6,0,6533
686206,0,0,1,64,0,0,0,0,1,0,0,0,0,0,0,7950,0,1,0,0,0,1,0,0,0,0,0,0,0,0,0,0,0,1,0,7949
686277,23,0,0,6,0,0,2000,0,1,0,0,0,0,0,0,8506,0,1,0,0,0,1,0,0,0,0,0,0,0,0,0,0,0,1,0,8508
686291,23,0,0,6,0,0,5000,0,1,0,0,0,0,0,0,8834,0,1,0,0,0,1,0,0,0,0,0,0,0,0,0,0,0,1,0,8833
686312,0,0,2,64,0,0,0,0,1,0,0,0,0,0,0,5164,0,1,0,0,0,1,0,0,0,0,0,13,0,0,0,0,0,22,15,8142
686358,42,0,0,6,0,0,0,0,1,0,0,0,0,0,0,26545,0,1,0,0,0,1,1,0,0,0,0,0,0,0,0,0,0,1,0,945
686375,42,0,0,6,0,0,0,0,1,0,0,0,0,0,0,7717,0,1,0,0,0,1,0,0,0,0,0,0,0,0,0,0,0,1,0,7724
686392,0,0,2,64,0,0,0,0,1,0,0,0,0,0,0,5164,0,1,0,0,0,1,0,0,0,0,0,0,0,0,0,0,0,6,0,8716
686456,42,0,2,6,1,0,0,1,1,0,0,0,0,0,0,6922,0,1,0,0,0,1,1,0,0,0,0,0,0,0,0,0,0,1,0,6921
686465,23,0,0,6,0,0,4000,0,1,0,0,0,0,0,0,8502,0,1,0,0,0,1,0,0,0,0,0,0,0,0,0,0,0,1,0,8504
686486,42,0,0,6,0,0,0,0,1,0,0,0,0,0,0,7423,0,1,0,0,0,1,0,0,0,0,0,0,0,0,0,0,0,1,0,7445
686500,23,0,0,6,0,0,4000,0,1,0,0,0,0,0,0,8349,0,1,0,0,0,1,0,0,0,0,0,0,0,0,0,0,0,1,0,8443
686563,0,0,1,64,0,0,0,0,1,0,0,0,0,0,0,6411,0,1,0,0,0,1,1,0,0,0,0,0,0,0,0,0,0,1,0,6410
686569,42,0,0,6,0,0,0,0,1,0,0,0,0,0,0,8225,0,1,0,0,0,1,1,0,0,0,0,0,0,0,0,0,0,1,0,8224
686570,0,0,1,64,0,0,0,0,1,0,0,0,0,0,0,8225,0,1,0,0,0,1,0,0,0,0,0,0,0,0,0,0,0,1,0,8224
686574,42,0,0,6,0,0,0,0,1,0,0,0,0,0,0,16783,0,1,0,0,0,1,0,0,0,0,0,0,0,0,0,0,0,1,0,7617
686670,42,0,0,6,0,0,0,0,1,0,0,0,0,0,0,10368,0,1,0,0,0,1,2,0,0,0,0,0,0,0,0,0,0,1,0,8397
686677,0,0,0,64,0,0,0,0,1,0,0,0,0,0,0,7657,0,1,0,0,0,1,0,0,0,0,0,0,0,0,0,0,0,1,0,7655
686678,0,0,1,64,0,0,0,0,1,0,0,0,0,0,0,7656,0,1,0,0,0,1,0,0,0,0,0,0,0,0,0,0,0,6,0,7655
686760,42,0,0,6,0,0,0,0,1,0,0,0,0,0,0,26545,0,1,0,0,0,1,1,0,0,0,0,0,0,0,0,0,0,1,0,325
686766,23,0,0,6,0,0,3000,0,1,0,0,0,0,0,0,8265,0,1,0,0,0,1,0,0,0,0,0,0,0,0,0,0,0,1,0,8266
686799,23,0,0,6,0,0,4000,0,1,0,0,0,0,0,0,8503,0,1,0,0,0,1,0,0,0,0,0,0,0,0,0,0,0,1,0,8505
686810,23,0,0,6,0,0,2000,0,1,0,0,0,0,0,0,8507,0,1,0,0,0,1,0,0,0,0,0,0,0,0,0,0,0,1,0,8509
686828,42,0,0,6,0,0,0,0,1,0,0,0,0,0,0,7447,0,1,0,0,0,1,0,0,0,0,0,0,0,0,0,0,0,1,0,7446
686868,42,0,0,6,0,0,0,0,1,0,0,0,0,0,0,8611,0,1,0,0,0,1,0,0,0,0,0,0,0,0,0,0,0,1,0,8612
686913,0,0,1,64,0,0,0,0,1,0,0,0,0,0,0,9178,0,1,0,0,0,1,1,0,0,0,0,0,0,0,0,0,0,1,0,9177
686915,0,0,1,64,0,0,0,0,1,0,0,0,0,0,0,9179,0,1,0,0,0,1,0,0,0,0,0,0,0,0,0,0,0,1,0,9178
686929,42,0,0,6,0,0,0,0,1,0,0,0,0,0,0,5263,0,1,0,0,0,1,1,0,0,0,0,0,0,0,0,0,0,1,0,5262
686931,42,0,0,6,0,0,0,0,1,0,0,0,0,0,0,26545,0,1,0,0,0,1,1,0,0,0,0,0,0,0,0,0,0,1,0,8134
686976,42,0,0,6,0,0,0,0,1,0,0,0,0,0,0,7992,0,1,0,0,0,1,0,0,0,0,0,0,0,0,0,0,0,1,0,8601
687004,42,0,0,6,0,0,0,0,1,0,0,0,0,0,0,9777,0,1,0,0,0,1,1,0,0,0,0,0,0,0,0,0,0,1,0,9778
687020,42,0,0,6,0,0,0,0,1,0,0,0,0,0,0,9204,0,1,0,0,0,1,1,0,0,0,0,0,0,0,0,0,0,1,0,9205
687077,23,0,0,6,0,0,10000,0,1,0,0,0,0,0,0,8178,0,1,0,0,0,1,0,0,0,0,0,0,0,0,0,0,0,1,0,8179
687107,23,0,0,6,0,0,600000,0,1,0,0,0,0,0,0,8329,0,1,0,0,0,1,1,0,0,0,0,0,0,0,0,0,0,1,0,8328
687163,23,0,0,6,0,0,1000,0,1,0,0,0,0,0,0,10273,0,1,0,0,0,1,0,0,0,0,0,0,0,0,0,0,0,1,0,10211
687165,23,0,0,6,0,0,1000,0,1,0,0,0,0,0,0,10274,0,1,0,0,0,1,0,0,0,0,0,0,0,0,0,0,0,1,0,10212
687221,23,0,0,6,0,0,3000,0,1,0,0,0,0,0,0,9770,0,1,0,0,0,1,1,0,0,0,0,0,0,0,0,0,0,1,0,9769
687300,42,0,0,6,0,0,0,0,1,0,0,0,0,0,0,9057,0,1,0,0,0,1,0,0,0,0,0,0,0,0,0,0,0,1,0,9233
687344,23,0,0,6,0,0,4000,0,1,0,0,0,0,0,0,8146,0,1,0,0,0,1,0,0,0,0,0,0,0,0,0,0,0,1,0,8145
687366,23,0,0,6,0,0,3000,0,1,0,0,0,0,0,0,7668,0,1,0,0,0,1,0,0,0,0,0,0,0,0,0,0,0,1,0,7667
687376,0,0,2,64,0,0,0,0,1,0,0,0,0,0,0,8822,0,1,0,0,0,1,0,0,0,0,0,0,0,0,0,0,0,1,0,8817
687393,42,0,0,6,0,0,0,0,1,0,0,0,0,0,0,3583,0,1,0,0,0,1,1,0,0,0,0,0,0,0,0,0,0,1,0,10022
687548,23,0,0,6,0,0,180000,0,1,0,0,0,0,0,0,8329,0,1,0,0,0,1,1,0,0,0,0,0,0,0,0,0,0,1,0,8327
687585,42,0,1,6,0,0,0,0,1,0,0,0,0,0,0,7321,0,1,0,0,0,1,0,0,0,0,0,0,0,0,0,0,0,1,0,10220
687611,42,0,1,6,0,0,0,0,1,0,0,0,0,0,0,7321,0,1,0,0,0,1,0,0,0,0,0,0,0,0,0,0,0,1,0,10219
687628,0,0,1,64,0,0,0,0,1,0,0,0,0,0,0,9775,0,1,0,0,0,1,1,0,0,0,0,0,0,0,0,0,0,6,0,9771
687629,0,0,0,64,0,0,0,0,1,0,0,0,0,0,0,951,0,1,0,0,0,1,0,0,0,0,0,0,0,0,0,0,0,0,0,9772
687653,23,0,0,6,0,0,3000,0,1,0,0,0,0,0,0,9633,0,1,0,0,0,1,0,0,0,0,0,0,0,0,0,0,0,1,0,9632
687675,0,0,1,64,0,0,0,0,1,0,0,0,0,0,0,9824,0,1,0,0,0,1,0,0,0,0,0,0,0,0,0,0,0,6,0,9823
687680,0,0,1,64,0,0,0,0,1,0,0,0,0,0,0,9826,0,1,0,0,0,1,0,0,0,0,0,0,0,0,0,0,0,6,0,9827
687690,42,0,0,6,0,0,0,0,1,0,0,0,0,0,0,9159,0,1,0,0,0,1,0,0,0,0,0,0,0,0,0,0,0,1,0,9160
687692,23,0,0,6,0,0,60000,0,1,0,0,0,0,0,0,9615,0,1,0,0,0,1,1,0,0,0,0,0,0,0,0,0,0,6,0,9614
687708,23,0,0,6,0,0,2000,0,1,0,0,0,0,0,0,10423,0,1,0,0,0,1,0,0,0,0,0,0,0,0,0,0,0,1,0,10425
687731,109,0,0,6,0,0,0,0,1,0,0,0,0,0,0,22959,0,1,0,0,0,1,100,0,0,0,0,0,0,16,0,0,0,6,0,11095
687786,23,0,0,6,0,0,2000,0,1,0,0,0,0,0,0,10424,0,1,0,0,0,1,0,0,0,0,0,0,0,0,0,0,0,1,0,10426
687816,23,0,2,6,0,0,7000,0,1,0,0,0,0,0,0,10856,0,1,0,0,0,1,1,0,0,0,0,0,0,0,0,0,0,6,0,10855
687849,23,0,1,6,0,0,10000,1,1,0,0,0,0,0,0,19711,0,1,0,0,0,1,0,0,0,0,0,0,0,0,0,0,0,1,0,10257
687862,23,0,0,6,0,0,2000,0,1,0,0,0,0,0,0,15578,0,1,0,0,0,1,0,0,0,0,0,0,0,0,0,0,0,1,0,8989
687865,23,0,0,6,0,0,11000,1,1,0,0,0,0,0,0,24573,0,1,0,0,0,1,0,0,0,0,0,0,0,0,0,0,0,25,0,9347
687912,23,0,0,6,0,0,5000,0,1,0,0,0,0,0,0,8171,0,1,0,0,0,1,0,0,0,0,0,0,0,0,0,0,0,1,0,8172
687928,42,0,0,6,0,0,0,0,1,0,0,0,0,0,0,26545,0,1,0,0,0,1,1,0,0,0,0,0,0,0,0,0,0,1,0,10432
687980,23,0,1,6,0,0,10000,0,1,0,0,0,0,0,0,19710,0,1,0,0,0,1,0,0,0,0,0,0,0,0,0,0,0,1,0,10256
688008,42,0,0,6,0,0,0,0,1,0,0,0,0,0,0,26545,0,1,0,0,0,1,1,0,0,0,0,0,0,0,0,0,0,1,0,10431
688072,42,0,0,6,0,0,0,0,1,0,0,0,0,0,0,12579,0,1,0,0,0,1,5,0,0,0,0,0,0,0,0,0,0,1,0,11180
688112,23,0,0,6,0,0,3000,0,1,0,0,0,0,0,0,9776,0,1,0,0,0,1,1,0,0,0,0,0,0,0,0,0,0,6,0,9775
688131,42,0,0,6,0,0,0,0,1,0,0,0,0,0,0,9459,0,1,0,0,0,1,1,0,0,0,0,0,0,0,0,0,0,1,0,9460
688188,42,0,0,6,0,0,0,0,1,0,0,0,0,0,0,9462,0,1,0,0,0,1,1,0,0,0,0,0,0,0,0,0,0,1,0,9463
688198,23,0,0,6,0,0,3000,0,1,0,0,0,0,0,0,9770,0,1,0,0,0,1,1,0,0,0,0,13,0,0,0,0,0,22,30,9798
688237,42,0,1,6,0,0,0,0,1,0,0,0,0,0,0,6136,0,1,0,0,0,1,0,0,0,0,0,0,0,0,0,0,0,1,0,12544
688264,23,0,0,6,0,0,12000,0,1,0,0,0,0,0,0,10829,0,1,0,0,0,1,1,0,0,0,0,0,0,0,0,0,0,1,0,10830
688281,0,0,0,64,0,0,0,0,1,0,0,0,0,0,0,10857,0,1,0,0,0,1,1,0,0,0,0,13,0,0,0,0,0,24,0,10854
688287,23,0,0,6,0,0,5000,0,1,0,0,0,0,0,0,11088,0,1,0,0,0,1,0,0,0,0,0,0,0,0,0,0,0,1,0,11087
688299,23,0,0,6,0,0,5000,0,1,0,0,0,0,0,0,23396,0,1,0,0,0,1,0,0,0,0,0,0,0,0,0,0,0,1,0,11359
688367,23,0,0,6,0,0,5000,0,1,0,0,0,0,0,0,8168,0,1,0,0,0,1,0,0,0,0,0,0,0,0,0,0,0,1,0,8167
688384,42,0,0,6,0,0,0,0,1,0,0,0,0,0,0,12355,0,1,0,0,0,1,10,0,0,0,0,0,0,0,0,0,0,1,0,11103
688443,0,0,1,16,0,0,0,0,1,0,0,0,0,0,0,0,0,1,0,0,0,1,0,0,0,2520,0,0,0,0,0,0,0,1,0,10459
688465,23,0,0,6,0,0,3000,0,1,0,0,0,0,0,0,8714,0,1,0,0,0,1,1,0,0,0,0,0,0,0,0,0,0,1,0,8713
688478,0,0,1,64,0,0,0,0,1,0,0,0,0,0,0,9007,0,1,0,0,0,1,0,0,0,0,0,0,0,0,0,0,0,6,0,9005
688483,23,0,0,6,0,0,1000,0,1,0,0,0,0,0,0,10093,0,1,0,0,0,1,1,0,0,0,0,0,0,0,0,0,0,1,0,10092
688484,42,0,1,6,0,0,0,1,1,0,0,0,0,0,0,10134,0,1,0,0,0,1,1,0,0,0,0,0,0,0,0,0,0,1,0,10092
688532,0,0,1,64,0,0,0,0,1,0,0,0,0,0,0,11825,0,1,0,0,0,1,0,0,0,0,0,0,0,0,0,0,0,6,0,11820
688546,42,0,0,6,0,0,0,0,1,0,0,0,0,0,0,11442,0,1,0,0,0,1,1,0,0,0,0,0,0,0,0,0,0,1,0,11441
688549,42,0,0,6,0,0,0,0,1,0,0,0,0,0,0,12545,0,1,0,0,0,1,0,0,0,0,0,0,0,0,0,0,0,1,0,12546
688646,23,0,0,6,0,0,2000,0,1,0,0,0,0,0,0,10580,0,1,0,0,0,1,0,0,0,0,0,0,0,0,0,0,0,1,0,10583
688651,42,0,0,6,0,0,0,0,1,0,0,0,0,0,0,11918,0,1,0,0,0,1,1,0,0,0,0,0,0,0,0,0,0,1,0,11919
688663,23,0,0,6,0,0,4000,0,1,0,0,0,0,0,0,11306,0,1,0,0,0,1,0,0,0,0,0,0,0,0,0,0,0,1,0,11310
688664,23,0,0,6,0,0,4000,0,1,0,0,0,0,0,0,11307,0,1,0,0,0,1,0,0,0,0,0,0,0,0,0,0,0,1,0,11311
688710,23,0,1,6,0,0,5000,0,1,0,0,0,0,0,0,11884,0,1,0,0,0,1,1,0,0,0,0,0,0,0,0,0,0,6,0,11877
688711,23,0,2,6,0,0,5000,0,1,0,0,0,0,0,0,11878,0,1,0,0,0,1,1,0,0,0,0,0,0,0,0,0,0,6,0,11877
688716,23,0,0,6,0,0,3000,0,1,0,0,0,0,0,0,11351,0,1,0,0,0,1,20,0,0,0,0,0,0,0,0,0,0,1,0,11350
688743,109,0,0,6,0,0,0,0,1,0,0,0,0,0,0,12494,0,1,0,0,0,1,15,0,0,0,0,0,0,1048576,0,0,0,1,0,11071
688755,23,0,0,6,0,0,1000,1,1,0,0,0,0,0,0,11682,0,1,0,0,0,1,0,0,0,0,0,0,0,0,0,0,0,1,0,11684
688789,23,0,0,6,0,0,3000,0,1,0,0,0,0,0,0,12188,0,1,0,0,0,1,1,0,0,0,0,0,0,0,0,0,0,1,0,12187
688809,23,0,0,6,0,0,3000,0,1,0,0,0,0,0,0,11900,0,1,0,0,0,1,0,0,0,0,0,0,0,0,0,0,0,1,0,11901
688811,42,0,0,6,0,0,0,0,1,0,0,0,0,0,0,11918,0,1,0,0,0,1,1,0,0,0,0,0,0,0,0,0,0,1,0,11959
688819,42,0,1,6,0,0,0,0,1,0,0,0,0,0,0,11374,0,1,0,0,0,1,0,0,0,0,0,0,0,0,0,0,0,1,0,11371
688832,42,0,0,6,0,0,0,0,1,0,0,0,0,0,0,12536,0,1,0,0,0,1,100,0,0,0,0,0,0,0,0,0,0,1,0,11213
688843,42,0,0,6,0,0,0,0,1,0,0,0,0,0,0,1257049,0,1,0,0,0,1,0,0,0,0,0,0,0,0,0,0,0,1,0,12281
688849,23,0,0,6,0,0,3000,0,1,0,0,0,0,0,0,11968,0,1,0,0,0,1,0,0,0,0,0,0,0,0,0,0,0,21,0,11966
688875,0,0,2,64,0,0,0,1,1,0,0,0,0,0,0,7922,0,1,0,0,0,1,0,0,0,0,0,0,0,0,0,0,0,6,0,11578
688878,23,0,0,6,0,0,2000,0,1,0,0,0,0,0,0,10579,0,1,0,0,0,1,0,0,0,0,0,0,0,0,0,0,0,1,0,10582
688881,0,0,1,64,0,0,0,0,1,0,0,0,0,0,0,28682,0,1,0,0,0,1,0,0,0,0,0,0,0,0,0,0,0,1,0,11129
688883,0,0,1,64,0,0,0,1,1,0,0,0,0,0,0,22196,0,1,0,0,0,1,0,0,0,0,0,0,0,0,0,0,0,0,0,22195
688914,23,0,0,6,0,0,1000,0,1,0,0,0,0,0,0,11817,0,1,0,0,0,1,1,0,0,0,0,0,0,0,0,0,0,1,0,11816
688918,0,0,1,16,0,0,0,0,1,0,0,0,0,0,0,0,0,1,0,0,0,1,0,0,0,2561,0,0,0,0,0,0,0,1,0,10617
688952,0,0,2,64,0,0,0,0,1,0,0,0,0,0,0,8822,0,1,0,0,0,1,0,0,0,0,0,0,0,0,0,0,0,1,0,9458
688953,42,0,0,6,0,0,0,0,1,0,0,0,0,0,0,3617,0,1,0,0,0,1,1,0,0,0,0,0,0,0,0,0,0,1,0,10868
689073,0,0,1,64,0,0,0,1,1,0,0,0,0,0,0,22197,0,1,0,0,0,1,0,0,0,0,0,0,0,0,0,0,0,0,0,22196
689074,23,0,0,6,0,0,2000,0,1,0,0,0,0,0,0,11308,0,1,0,0,0,1,0,0,0,0,0,0,0,0,0,0,0,1,0,11312
689075,23,0,0,6,0,0,2000,0,1,0,0,0,0,0,0,11309,0,1,0,0,0,1,0,0,0,0,0,0,0,0,0,0,0,1,0,11313
689077,23,0,0,6,0,0,2000,0,1,0,0,0,0,0,0,10581,0,1,0,0,0,1,0,0,0,0,0,0,0,0,0,0,0,1,0,10584
689098,0,0,1,64,0,0,0,1,1,0,0,0,0,0,0,22202,0,1,0,0,0,1,0,0,0,0,0,0,0,0,0,0,0,0,0,22201
689281,23,0,0,6,0,0,1000,0,1,0,0,0,0,0,0,10734,0,1,0,0,0,1,1,0,0,0,0,0,0,0,0,0,0,1,0,10737
689306,42,0,0,6,0,0,0,0,1,0,0,0,0,0,0,11443,0,1,0,0,0,1,0,0,0,0,0,0,0,0,0,0,0,1,0,12552
689338,42,0,0,6,0,0,0,1,1,0,0,0,0,0,0,19615,0,1,0,0,0,1,0,0,0,0,0,0,0,0,0,0,0,1,0,20784
689341,23,0,1,6,0,0,3000,0,1,0,0,0,0,0,0,12510,0,1,0,0,0,1,0,0,0,0,0,0,0,0,0,0,0,25,0,12509
689368,42,0,1,6,0,0,0,0,1,0,0,0,0,0,0,6136,0,1,0,0,0,1,0,0,0,0,0,0,0,0,0,0,0,1,0,12556
689370,42,0,0,6,0,0,0,0,1,0,0,0,0,0,0,18270,0,1,0,0,0,1,0,0,0,0,0,0,0,0,0,0,0,1,0,12038
689376,42,0,0,6,0,0,0,0,1,0,0,0,0,0,0,12541,0,1,0,0,0,1,1,0,0,0,0,0,0,0,0,0,0,1,0,12539
689405,109,0,0,6,0,0,0,0,1,0,0,0,0,0,0,12705,0,1,0,0,0,1,40,0,0,0,0,0,0,8,0,0,0,1,0,12708
689427,42,0,0,6,0,0,0,0,1,0,0,0,0,0,0,12964,0,1,0,0,0,1,0,0,0,0,0,0,0,0,0,0,0,1,0,12322
689468,42,0,0,6,0,0,0,0,1,0,0,0,0,0,0,12531,0,1,0,0,0,1,0,0,0,0,0,0,0,0,0,0,0,1,0,12529
689599,42,0,0,6,0,0,0,0,1,0,0,0,0,0,0,12001,0,1,0,0,0,1,0,0,0,0,0,0,0,0,0,0,0,1,0,12002
689614,23,0,0,6,0,0,4000,0,1,0,0,0,0,0,0,13280,0,1,0,0,0,1,1,0,0,0,0,0,0,0,0,0,0,1,0,13278
689620,23,0,0,6,0,0,1000,1,1,0,0,0,0,0,0,11681,0,1,0,0,0,1,0,0,0,0,0,0,0,0,0,0,0,1,0,11683
689628,109,0,0,6,0,0,0,0,1,0,0,0,0,0,0,12705,0,1,0,0,0,1,50,0,0,0,0,0,0,8,0,0,0,1,0,12707
689647,0,0,1,64,0,0,0,0,1,0,0,0,0,0,0,11920,0,1,0,0,0,1,1,0,0,0,0,9,0,0,0,0,0,24,0,12252
689653,0,0,2,64,0,0,0,0,1,0,0,0,0,0,0,13139,0,1,0,0,0,1,0,0,0,0,0,0,0,0,0,0,0,1,0,13119
689663,0,0,1,64,0,0,0,0,1,0,0,0,0,0,0,12670,0,1,0,0,0,1,1,0,0,0,0,0,0,0,0,0,0,1,0,12642
689664,0,0,2,64,0,0,0,0,1,0,0,0,0,0,0,12671,0,1,0,0,0,1,1,0,0,0,0,0,0,0,0,0,0,1,0,12642
689674,0,0,1,64,0,0,0,1,1,0,0,0,0,0,0,14802,0,1,0,0,0,1,1,0,0,0,0,0,0,0,0,0,0,1,0,12694
689675,0,0,2,64,0,0,0,1,1,0,0,0,0,0,0,14801,0,1,0,0,0,1,1,0,0,0,0,0,0,0,0,0,0,1,0,12694
689686,42,0,0,6,0,0,0,0,1,0,0,0,0,0,0,15642,0,1,0,0,0,1,1,0,0,0,0,0,0,0,0,0,0,1,0,15641
689728,42,0,0,6,0,0,0,0,1,0,0,0,0,0,0,9204,0,1,0,0,0,1,1,0,0,0,0,0,0,0,0,0,0,1,0,11838
689737,23,0,1,6,0,0,3000,0,1,0,0,0,0,0,0,12520,0,1,0,0,0,1,0,0,0,0,0,0,0,0,0,0,0,25,0,12521
689773,23,0,1,6,0,0,3000,0,1,0,0,0,0,0,0,12241,0,1,0,0,0,1,0,0,0,0,0,0,0,0,0,0,0,25,0,12242
689804,42,0,0,6,0,0,0,0,1,0,0,0,0,0,0,8139,0,1,0,0,0,1,0,0,0,0,0,0,0,0,0,0,0,1,0,11964
689814,42,0,0,6,0,0,0,0,1,0,0,0,0,0,0,3584,0,1,0,0,0,1,0,0,0,0,0,0,0,0,0,0,0,1,0,12094
689832,23,0,1,6,0,0,4000,0,1,0,0,0,0,0,0,12139,0,1,0,0,0,1,1,0,0,0,0,0,0,0,0,0,0,1,0,12134
689857,42,0,0,6,0,0,0,0,1,0,0,0,0,0,0,23694,0,1,0,0,0,1,0,0,0,0,0,0,0,0,0,0,0,6,0,12289
689961,0,0,1,16,0,0,0,0,1,0,0,0,0,0,0,0,0,1,0,0,0,1,0,0,0,2932,0,0,0,0,0,0,0,1,0,11547
689987,0,0,1,64,0,0,0,0,1,0,0,0,0,0,0,11841,0,1,0,0,0,1,1,0,0,0,0,0,0,0,0,0,0,1,0,11826
689996,42,0,0,6,0,0,0,0,1,0,0,0,0,0,0,11504,0,1,0,0,0,1,1,0,0,0,0,0,0,0,0,0,0,1,0,11830
690021,42,0,0,6,0,0,0,0,1,0,0,0,0,0,0,11960,0,1,0,0,0,1,1,0,0,0,0,0,0,0,0,0,0,6,0,11961
690074,23,0,0,6,0,0,5000,0,1,0,0,0,0,0,0,12504,0,1,0,0,0,1,1,0,0,0,0,0,0,0,0,0,0,1,0,12507
690127,23,0,0,6,0,0,1800000,0,1,0,0,0,0,0,0,8329,0,1,0,0,0,1,1,0,0,0,0,0,0,0,0,0,0,1,0,13167
690128,42,0,0,6,0,0,0,0,1,0,0,0,0,0,0,4974,0,1,0,0,0,1,0,0,0,0,0,0,0,0,0,0,0,1,0,13483
690141,42,0,0,6,0,0,0,0,1,0,0,0,0,0,0,11442,0,1,0,0,0,1,1,0,0,0,0,0,0,0,0,0,0,1,0,12947
690144,42,0,0,6,0,0,0,0,1,0,0,0,0,0,0,12251,0,1,0,0,0,1,1,0,0,0,0,0,0,0,0,0,0,1,0,12254
690177,109,0,0,6,0,0,0,0,1,0,0,0,0,0,0,12705,0,1,0,0,0,1,25,0,0,0,0,0,0,8,0,0,0,1,0,12288
690215,23,0,0,6,0,0,3000,0,1,0,0,0,0,0,0,12567,0,1,0,0,0,1,0,0,0,0,0,0,0,0,0,0,0,1,0,12566
690301,23,0,0,6,0,0,1000,0,1,0,0,0,0,0,0,13184,0,1,0,0,0,1,1,0,0,0,0,0,0,0,0,0,0,1,0,13183
690308,42,0,0,6,0,0,0,0,1,0,0,0,0,0,0,6347,0,1,0,0,0,1,0,0,0,0,0,0,0,0,0,0,0,1,0,13896
690344,23,0,0,6,0,0,2000,0,1,0,0,0,0,0,0,12568,0,1,0,0,0,1,1,0,0,0,0,0,0,0,0,0,0,1,0,12567
690375,23,0,0,6,0,0,1000,1,1,0,0,0,0,0,0,11027,0,1,0,0,0,1,1,0,0,0,0,0,0,0,0,0,0,1,0,13541
690385,42,0,0,6,0,0,0,0,1,0,0,0,0,0,0,12162,0,1,0,0,0,1,0,0,0,0,0,0,0,0,0,0,0,1,0,12834
690401,42,0,1,6,0,0,0,0,1,0,0,0,0,0,0,6150,0,1,0,0,0,1,0,0,0,0,0,0,0,0,0,0,0,1,0,13165
690457,23,0,0,6,0,0,1000,0,1,0,0,0,0,0,0,12278,0,1,0,0,0,1,1,0,0,0,0,0,0,0,0,0,0,1,0,12257
690458,0,0,1,64,0,0,0,0,1,0,0,0,0,0,0,11009,0,1,0,0,0,1,2,0,0,0,0,0,0,0,0,0,0,1,0,12257
690470,23,0,0,6,0,0,1000,1,1,0,0,0,0,0,0,11027,0,1,0,0,0,1,1,0,0,0,0,0,0,0,0,0,0,25,0,13566
690474,42,0,0,6,0,0,0,0,1,0,0,0,0,0,0,18498,0,1,0,0,0,1,100,0,0,0,0,0,0,0,0,0,0,1,0,12311
690482,42,0,0,6,0,0,0,0,1,0,0,0,0,0,0,13319,0,1,0,0,0,1,1,0,0,0,0,0,0,0,0,0,0,1,0,13320
690498,109,0,1,6,0,0,0,0,1,0,0,0,0,0,0,5,0,1,0,0,0,1,50,0,0,0,0,0,0,4,0,0,0,0,0,12256
690624,42,0,0,6,0,0,0,0,1,0,0,0,0,0,0,14792,0,1,0,0,0,1,0,0,0,0,0,0,0,0,0,0,0,6,0,14108
690661,0,0,0,64,0,0,0,0,1,0,0,0,0,0,0,11637,0,1,0,0,0,1,1,0,0,0,0,0,0,0,0,0,0,38,0,12709
690662,0,0,1,64,0,0,0,0,1,0,0,0,0,0,0,11638,0,1,0,0,0,1,1,0,0,0,0,0,0,0,0,0,0,1,0,12709
690722,23,0,0,6,0,0,3000,0,1,0,0,0,0,0,0,12626,0,1,0,0,0,1,1,0,0,0,0,0,0,0,0,0,0,1,0,12627
690738,42,0,0,6,0,0,0,0,1,0,0,0,0,0,0,12245,0,1,0,0,0,1,0,0,0,0,0,0,0,0,0,0,0,6,0,12246
690740,42,0,0,6,0,0,0,1,1,0,0,0,0,0,0,15651,0,1,0,0,0,1,0,0,0,0,0,0,0,0,0,0,0,1,0,15650
690741,42,0,0,6,0,0,0,1,1,0,0,0,0,0,0,13880,0,1,0,0,0,1,0,0,0,0,0,0,0,0,0,0,0,1,0,13879
690857,23,0,0,6,0,0,3000,0,1,0,0,0,0,0,0,13376,0,1,0,0,0,1,0,0,0,0,0,0,0,0,0,0,0,21,0,13377
690867,42,0,0,6,0,0,0,0,1,0,0,0,0,0,0,13619,0,1,0,0,0,1,0,0,0,0,0,0,0,0,0,0,0,1,0,13616
690881,42,0,0,6,0,0,0,0,1,0,0,0,0,0,0,14130,0,1,0,0,0,1,1,0,0,0,0,0,0,0,0,0,0,1,0,14133
690890,0,0,1,64,0,0,0,1,1,0,0,0,0,0,0,22646,0,1,0,0,0,1,0,0,0,0,0,0,0,0,0,0,0,6,0,13327
691017,23,0,1,6,0,0,1000,1,1,0,0,0,0,0,0,13914,0,1,0,0,0,1,0,0,0,0,0,0,0,0,0,0,0,1,0,13913
691019,42,0,0,6,0,0,0,0,1,0,0,0,0,0,0,16782,0,1,0,0,0,1,0,0,0,0,0,0,0,0,0,0,0,1,0,13959
691043,42,0,2,6,0,0,0,1,1,0,0,0,0,0,0,15643,0,1,0,0,0,1,1,0,0,0,0,0,0,0,0,0,0,1,0,15636
691109,42,0,0,6,0,0,0,1,1,0,0,0,0,0,0,14093,0,1,0,0,0,1,60,0,0,0,0,0,0,0,0,0,0,1,0,14094
691113,42,0,0,6,0,0,0,1,1,0,0,0,0,0,0,5,0,1,0,0,0,1,0,0,0,0,0,0,0,0,0,0,0,1,0,13716
691118,42,0,0,6,0,0,0,1,1,0,0,0,0,0,0,18425,0,1,0,0,0,1,100,0,0,0,0,0,0,0,0,0,0,1,0,13754
691119,42,0,0,6,0,0,0,0,1,0,0,0,0,0,0,9204,0,1,0,0,0,1,1,0,0,0,0,0,0,0,0,0,0,1,0,13767
691130,42,0,0,6,0,0,0,1,1,0,0,0,0,0,0,14870,0,1,0,0,0,1,1,0,0,0,0,0,0,0,0,0,0,1,0,14869
691139,109,0,0,6,0,0,0,1,1,0,0,0,0,0,0,30918,0,1,0,0,0,1,100,0,0,0,0,0,0,64,0,0,0,1,0,13743
691185,23,0,0,6,0,0,2000,0,1,0,0,0,0,0,0,15589,0,1,0,0,0,1,0,0,0,0,0,0,0,0,0,0,0,1,0,13736
691243,0,0,1,64,0,0,0,0,1,0,0,0,0,0,0,3617,0,1,0,0,0,1,0,0,0,0,0,0,0,0,0,0,0,1,0,13259
691297,42,0,0,6,0,0,0,0,1,0,0,0,0,0,0,13298,0,1,0,0,0,1,1,0,0,0,0,0,0,0,0,0,0,1,0,13299
691304,42,0,0,6,0,0,0,1,1,0,0,0,0,0,0,13977,0,1,0,0,0,1,100,0,0,0,0,0,0,0,0,0,0,1,0,13976
691317,42,0,0,6,0,0,0,0,1,0,0,0,0,0,0,5302,0,1,0,0,0,1,0,0,0,0,0,0,0,0,0,0,0,1,0,13358
691320,42,0,0,6,0,0,0,0,1,0,0,0,0,0,0,14797,0,1,0,0,0,1,0,0,0,0,0,0,0,0,0,0,0,1,0,14796
691335,42,0,0,6,0,0,0,0,1,0,0,0,0,0,0,13259,0,1,0,0,0,1,1,0,0,0,0,0,0,0,0,0,0,1,0,13260
691359,42,0,0,6,0,0,0,1,1,0,0,0,0,0,0,14093,0,1,0,0,0,1,90,0,0,0,0,0,0,0,0,0,0,1,0,14095
691365,23,0,2,6,0,0,1000,1,1,0,0,0,0,0,0,13479,0,1,0,0,0,1,1,0,0,0,0,0,0,0,0,0,0,1,0,13466
691388,42,0,0,6,0,0,0,0,1,0,0,0,0,0,0,13884,0,1,0,0,0,1,1,0,0,0,0,0,0,0,0,0,0,1,0,13886
691475,42,0,0,6,0,0,0,0,1,0,0,0,0,0,0,3391,0,1,0,0,0,1,1,0,0,0,0,0,0,0,0,0,0,1,0,12787
691506,42,0,0,6,0,0,0,1,1,0,0,0,0,0,0,14157,0,1,0,0,0,1,60,0,0,0,0,0,0,0,0,0,0,6,0,14156
691557,42,0,0,6,0,0,0,1,1,0,0,0,0,0,0,14093,0,1,0,0,0,1,30,0,0,0,0,0,0,0,0,0,0,1,0,14076
691577,42,0,0,6,0,0,0,0,1,0,0,0,0,0,0,14110,0,1,0,0,0,1,1,0,0,0,0,0,0,0,0,0,0,1,0,14111
691638,42,0,0,6,0,0,0,0,1,0,0,0,0,0,0,15269,0,1,0,0,0,1,0,0,0,0,0,0,0,0,0,0,0,1,0,15323
691645,0,0,1,64,0,0,0,1,1,0,0,0,0,0,0,21137,0,1,0,0,0,1,0,0,0,0,0,0,0,0,0,0,0,0,0,21136
691710,42,0,1,6,0,0,0,0,1,0,0,0,0,0,0,1284536,0,1,0,0,0,1,10,0,0,0,0,0,0,0,0,0,0,1,0,14909
691754,42,0,0,6,0,0,0,0,1,0,0,0,0,0,0,15269,0,1,0,0,0,1,0,0,0,0,0,0,0,0,0,0,0,1,0,15324
691761,109,0,0,6,0,0,0,1,1,0,0,0,20,0,0,14181,0,1,0,0,0,1,0,0,0,0,0,0,0,4063232,0,67108864,0,1,0,14179
691789,23,0,0,6,0,0,3000,0,1,0,0,0,0,0,0,12625,0,1,0,0,0,1,1,0,0,0,0,0,0,0,0,0,0,1,0,16577
691885,42,0,1,6,0,0,0,0,1,0,0,0,0,0,0,6150,0,1,0,0,0,1,0,0,0,0,0,0,0,0,0,0,0,1,0,14318
691887,42,0,1,6,0,0,0,0,1,0,0,0,0,0,0,6150,0,1,0,0,0,1,0,0,0,0,0,0,0,0,0,0,0,1,0,14319
692029,23,0,1,6,0,0,15000,1,1,0,0,0,0,0,0,14822,0,1,0,0,0,1,0,0,0,0,0,0,0,0,0,0,0,1,0,14823
692040,42,0,0,6,0,0,0,0,1,0,0,0,0,0,0,15269,0,1,0,0,0,1,0,0,0,0,0,0,0,0,0,0,0,1,0,15325
692069,42,0,0,6,0,0,0,0,1,0,0,0,0,0,0,14180,0,1,0,0,0,1,0,0,0,0,0,0,0,0,0,0,0,6,0,14178
692099,0,0,1,16,0,0,0,0,1,0,0,0,0,0,0,0,0,1,0,0,0,1,1,0,0,4299,0,0,0,0,0,0,0,1,0,15066
692139,42,0,1,6,0,0,0,0,1,0,0,0,0,0,0,6150,0,1,0,0,0,1,0,0,0,0,0,0,0,0,0,0,0,1,0,14322
692150,23,0,0,6,0,0,2000,0,1,0,0,0,0,0,0,3137,0,1,0,0,0,1,0,0,0,0,0,0,0,0,0,0,0,21,0,14253
692163,42,0,0,6,0,0,0,0,1,0,0,0,0,0,0,15269,0,1,0,0,0,1,10,0,0,0,0,0,0,0,0,0,0,1,0,15326
692213,42,0,1,6,0,0,0,0,1,0,0,0,0,0,0,6150,0,1,0,0,0,1,0,0,0,0,0,0,0,0,0,0,0,1,0,14320
692251,0,0,0,16,0,0,0,0,1,0,0,0,0,0,0,0,0,1,0,0,0,1,0,0,0,2561,0,0,0,0,0,0,0,6,0,14804
692268,23,0,0,6,0,0,5000,1,1,0,0,0,0,0,0,15126,0,1,0,0,0,1,1,0,0,0,0,0,0,0,0,0,0,1,0,15127
692283,42,0,0,6,0,0,0,0,1,0,0,0,0,0,0,16573,0,1,0,0,0,1,1,0,0,0,0,0,0,0,0,0,0,1,0,16574
692292,42,0,0,6,0,0,0,1,1,0,0,0,0,0,0,15061,0,1,0,0,0,1,0,0,0,0,0,0,0,0,0,0,0,1,0,15097
692298,42,0,0,6,0,0,0,1,1,0,0,0,0,0,0,25753,0,1,0,0,0,1,0,0,0,0,0,0,0,0,0,0,0,1,0,25752
692312,42,0,1,6,0,0,0,0,1,0,0,0,0,0,0,6136,0,1,0,0,0,1,0,0,0,0,0,0,0,0,0,0,0,21,0,15784
692347,42,0,0,6,0,0,0,0,1,0,0,0,0,0,0,5679,0,1,0,0,0,1,1,0,0,0,0,0,0,0,0,0,0,1,0,5680
692411,0,0,2,64,0,0,0,0,1,0,0,0,0,0,0,16630,0,1,0,0,0,1,0,0,0,0,0,0,0,0,0,0,0,1,0,16613
692439,4,0,0,6,0,0,0,1,1,0,0,0,0,0,0,15250,0,1,0,0,0,1,0,0,0,0,0,0,0,0,0,0,0,1,0,13983
692451,42,0,0,6,0,0,0,0,1,0,0,0,0,0,0,16621,0,1,0,0,0,1,1,0,0,0,0,0,0,0,0,0,0,1,0,16620
692547,42,0,0,6,0,0,0,0,1,0,0,0,0,0,0,16248,0,1,0,0,0,1,0,0,0,0,0,0,0,0,0,0,0,6,0,16247
692576,42,0,0,6,0,0,0,0,1,0,0,0,0,0,0,16573,0,1,0,0,0,1,1,0,0,0,0,0,0,0,0,0,0,1,0,16575
692602,42,0,0,6,0,0,0,0,1,0,0,0,0,0,0,5373,0,1,0,0,0,1,0,0,0,0,0,0,0,0,0,0,0,6,0,25751
692608,42,0,1,6,0,0,0,0,1,0,0,0,0,0,0,6150,0,1,0,0,0,1,0,0,0,0,0,0,0,0,0,0,0,1,0,14321
692612,4,0,0,6,0,0,0,1,1,0,0,0,0,0,0,16177,0,1,0,0,0,1,0,0,0,0,0,0,0,0,0,0,0,1,0,16176
692628,42,0,0,6,0,0,0,0,1,0,0,0,0,0,0,15730,0,1,0,0,0,1,0,0,0,0,0,0,0,0,0,0,0,6,0,15730
692644,42,0,0,6,0,0,0,0,1,0,0,0,0,0,0,16143,0,1,0,0,0,1,1,0,0,0,0,0,0,0,0,0,0,1,0,16142
692673,42,0,0,6,0,0,0,0,1,0,0,0,0,0,0,17687,0,1,0,0,0,1,1,0,0,0,0,0,0,0,0,0,0,1,0,15088
692725,42,0,0,6,0,0,0,0,1,0,0,0,0,0,0,15269,0,1,0,0,0,1,0,0,0,0,0,0,0,0,0,0,0,1,0,15268
692735,0,0,1,64,0,0,0,0,1,0,0,0,0,0,0,11920,0,1,0,0,0,1,1,0,0,0,0,10,0,0,0,0,0,22,15,15474
692747,0,0,1,64,0,0,0,1,1,0,0,0,0,0,0,23770,0,1,0,0,0,1,0,0,0,0,0,0,0,0,0,0,0,25,0,23766
692883,42,0,0,6,0,0,0,1,1,0,0,0,0,0,0,19450,0,1,0,0,0,1,0,0,0,0,0,0,0,0,0,0,0,1,0,19449
692894,0,0,1,64,0,0,0,0,1,0,0,0,0,0,0,15093,0,1,0,0,0,1,1,0,0,0,0,0,0,0,0,0,0,1,0,15092
692895,0,0,2,64,0,0,0,0,1,0,0,0,0,0,0,15094,0,1,0,0,0,1,1,0,0,0,0,0,0,0,0,0,0,1,0,15092
692937,42,0,0,6,0,0,0,0,1,0,0,0,0,0,0,5302,0,1,0,0,0,1,0,0,0,0,0,0,0,0,0,0,0,1,0,16092
692964,0,0,1,64,0,0,0,1,1,0,0,0,0,0,0,16631,0,1,0,0,0,1,0,0,0,0,0,0,0,0,0,0,0,1,0,16630
692965,42,0,0,6,0,0,0,0,1,0,0,0,0,0,0,15278,0,1,0,0,0,1,0,0,0,0,0,0,0,0,0,0,0,21,0,15277
692966,42,0,0,6,0,0,0,0,1,0,0,0,0,0,0,16608,0,1,0,0,0,1,0,0,0,0,0,0,0,0,0,0,0,1,0,16611
692977,42,0,0,6,0,0,0,0,1,0,0,0,0,0,0,15347,0,1,0,0,0,1,0,0,0,0,0,0,0,0,0,0,0,21,0,15346
692981,23,0,2,6,0,0,4000,1,1,0,0,0,0,0,0,19272,0,1,0,0,0,1,0,0,0,0,0,0,0,0,0,0,0,1,0,19451
693004,23,0,0,6,0,0,1000,0,1,0,0,0,0,0,0,15538,0,1,0,0,0,1,1,0,0,0,0,0,0,0,0,0,0,1,0,15529
693015,0,0,1,64,0,0,0,0,1,0,0,0,0,0,0,15752,0,1,0,0,0,1,0,0,0,0,0,0,0,0,0,0,0,6,0,15712
693016,0,0,2,64,0,0,0,0,1,0,0,0,0,0,0,15753,0,1,0,0,0,1,0,0,0,0,0,0,0,0,0,0,0,6,0,15712
693063,42,0,0,6,0,0,0,1,1,0,0,0,0,0,0,27828,0,1,0,0,0,1,0,0,0,0,0,0,0,0,0,0,0,1,0,14531
693069,0,0,1,16,0,0,0,0,1,0,0,0,0,0,0,0,0,1,0,0,0,1,0,0,0,4734,0,0,0,0,0,0,0,1,0,16028
693101,42,0,0,6,0,0,0,0,1,0,0,0,0,0,0,16555,0,1,0,0,0,1,1,0,0,0,0,0,0,0,0,0,0,1,0,16563
693118,23,0,0,6,0,0,3000,0,1,0,0,0,0,0,0,16346,0,1,0,0,0,1,1,0,0,0,0,0,0,0,0,0,0,1,0,16345
693184,23,0,0,6,0,0,2000,0,1,0,0,0,0,0,0,15576,0,1,0,0,0,1,0,0,0,0,0,0,0,0,0,0,0,1,0,17207
693209,42,0,1,6,0,0,0,1,1,0,0,0,0,0,0,19975,0,1,0,0,0,1,0,0,0,0,0,0,0,0,0,0,0,1,0,16689
693214,23,0,0,6,0,0,720000,1,1,0,0,0,0,0,0,18874,0,1,0,0,0,1,1,0,0,0,0,0,0,0,0,0,0,1,0,18873
693220,42,0,0,6,0,0,0,1,1,0,0,0,0,0,0,15976,0,1,0,0,0,1,1,0,0,0,0,0,0,0,0,0,0,1,0,15978
693246,42,0,0,6,0,0,0,0,1,0,0,0,0,0,0,17351,0,1,0,0,0,1,1,0,0,0,0,0,0,0,0,0,0,1,0,17350
693248,23,0,0,6,0,0,1000,0,1,0,0,0,0,0,0,15791,0,1,0,0,0,1,0,0,0,0,0,0,0,0,0,0,0,1,0,15790
693264,23,0,1,6,0,0,3000,0,1,0,0,0,0,0,0,29715,0,1,0,0,0,1,0,0,0,0,0,0,0,0,0,0,0,1,0,29705
693275,42,0,0,6,0,0,0,0,1,0,0,0,0,0,0,8139,0,1,0,0,0,1,0,0,0,0,0,0,0,0,0,0,0,1,0,18847
693299,23,0,2,6,0,0,1000,1,1,0,0,0,0,0,0,16806,0,1,0,0,0,1,1,0,0,0,0,0,0,0,0,0,0,6,0,16805
693314,42,0,0,6,0,0,0,0,1,0,0,0,0,0,0,16141,0,1,0,0,0,1,1,0,0,0,0,0,0,0,0,0,0,1,0,16140
693321,42,0,0,6,0,0,0,0,1,0,0,0,0,0,0,10342,0,1,0,0,0,1,1,0,0,0,0,0,0,0,0,0,0,1,0,4070
693326,42,0,0,6,0,0,0,0,1,0,0,0,0,0,0,17333,0,1,0,0,0,1,0,0,0,0,0,0,0,0,0,0,0,1,0,17332
693347,42,0,1,6,0,0,0,1,1,0,0,0,0,0,0,16844,0,1,0,0,0,1,1,0,0,0,0,0,0,0,0,0,0,1,0,16843
693375,23,0,0,6,0,0,12000,0,1,0,0,0,0,0,0,16122,0,1,0,0,0,1,0,0,0,0,0,0,0,0,0,0,0,1,0,16121
693404,23,0,0,6,0,0,4000,0,1,0,0,0,0,0,0,15788,0,1,0,0,0,1,0,0,0,0,0,0,0,0,0,0,0,1,0,15789
693419,42,0,0,6,0,0,0,0,1,0,0,0,0,0,0,8225,0,1,0,0,0,1,1,0,0,0,0,0,0,0,0,0,0,1,0,15709
693430,42,0,0,6,0,0,0,0,1,0,0,0,0,0,0,15598,0,1,0,0,0,1,0,0,0,0,0,0,0,0,0,0,0,1,0,15599
693448,23,0,0,6,0,0,1000,1,1,0,0,0,0,0,0,16715,0,1,0,0,0,1,1,0,0,0,0,0,0,0,0,0,0,25,0,16714
693453,42,0,0,6,0,0,0,0,1,0,0,0,0,0,0,15258,0,1,0,0,0,1,100,0,0,0,0,0,0,0,0,0,0,1,0,15257
693467,23,0,0,6,0,0,1000,0,1,0,0,0,0,0,0,15736,0,1,0,0,0,1,0,0,0,0,0,0,0,0,0,0,0,1,0,15735
693493,42,0,0,6,0,0,0,0,1,0,0,0,0,0,0,16614,0,1,0,0,0,1,0,0,0,0,0,0,0,0,0,0,0,1,0,16615
693609,42,0,0,6,0,0,0,0,1,0,0,0,0,0,0,18187,0,1,0,0,0,1,0,0,0,0,0,0,0,0,0,0,0,1,0,18186
693643,42,0,0,6,0,0,0,1,1,0,0,0,0,0,0,16791,0,1,0,0,0,1,0,0,0,0,0,0,0,0,0,0,0,1,0,16792
693648,42,0,0,6,0,0,0,1,1,0,0,0,0,0,0,15595,0,1,0,0,0,1,1,0,0,0,0,0,0,0,0,0,0,1,0,15594
693668,42,0,0,6,0,0,0,1,1,0,0,0,0,0,0,15271,0,1,0,0,0,1,0,0,0,0,0,0,0,0,0,0,0,1,0,15270
693787,23,0,0,6,0,0,3000,1,1,0,0,0,0,0,0,16049,0,1,0,0,0,1,1,0,0,0,0,0,0,0,0,0,0,1,0,16048
693862,42,0,1,6,0,0,0,1,1,0,0,0,0,0,0,19971,0,1,0,0,0,1,0,0,0,0,0,0,0,0,0,0,0,1,0,16813
693890,42,0,0,6,0,0,0,0,1,0,0,0,0,0,0,15601,0,1,0,0,0,1,1,0,0,0,0,0,0,0,0,0,0,1,0,15600
693920,42,0,1,6,0,0,0,1,1,0,0,0,0,0,0,19972,0,1,0,0,0,1,0,0,0,0,0,0,0,0,0,0,0,1,0,16812
693924,0,0,1,64,0,0,0,1,1,0,0,0,0,0,0,18191,0,1,0,0,0,1,0,0,0,0,0,0,0,0,0,0,0,1,0,18229
693977,23,0,2,6,0,0,2000,1,1,0,0,0,0,0,0,17739,0,1,0,0,0,1,1,0,0,0,0,0,0,0,0,0,0,6,0,17738
694078,23,0,1,6,0,0,1000,0,1,0,0,0,0,0,0,28622,0,1,0,0,0,1,0,0,0,0,0,0,0,0,0,0,0,25,0,28618
694087,42,0,0,6,0,0,0,0,1,0,0,0,0,0,0,16147,0,1,0,0,0,1,0,0,0,0,0,0,0,0,0,0,0,1,0,16146
694092,0,0,1,64,0,0,0,1,1,0,0,0,0,0,0,19675,0,1,0,0,0,1,0,0,0,0,0,0,0,0,0,0,0,6,0,16979
694106,42,0,0,6,0,0,0,0,1,0,0,0,0,0,0,16424,0,1,0,0,0,1,1,0,0,0,0,0,0,0,0,0,0,1,0,16423
694135,42,0,0,6,0,0,0,0,1,0,0,0,0,0,0,16427,0,1,0,0,0,1,1,0,0,0,0,0,0,0,0,0,0,1,0,16428
694232,23,0,0,6,0,0,3000,0,1,0,0,0,0,0,0,15870,0,1,0,0,0,1,0,0,0,0,0,0,0,0,0,0,0,1,0,15872
694276,42,0,0,6,0,0,0,0,1,0,0,0,0,0,0,15878,0,1,0,0,0,1,0,0,0,0,0,0,0,0,0,0,0,6,0,15876
694285,42,0,0,6,1,0,0,0,1,0,0,0,0,0,0,15851,0,1,0,0,0,1,0,0,0,0,0,0,0,0,0,0,0,1,0,15852
694300,0,0,0,64,0,0,0,1,1,0,0,0,0,0,0,17748,0,1,0,0,0,1,0,0,0,0,0,0,0,0,0,0,0,21,0,17749
694308,42,0,0,6,0,0,0,0,1,0,0,0,0,0,0,12541,0,1,0,0,0,1,1,0,0,0,0,0,0,0,0,0,0,1,0,16800
694327,42,0,0,6,0,0,0,1,1,0,0,0,0,0,0,15850,0,1,0,0,0,1,0,0,0,0,0,0,0,0,0,0,0,1,0,15849
694356,23,0,0,6,0,0,15000,0,1,0,0,0,0,0,0,18150,0,1,0,0,0,1,0,0,0,0,0,0,0,0,0,0,0,6,0,18149
694392,0,0,2,64,0,0,0,1,1,0,0,0,0,0,0,17398,0,1,0,0,0,1,1,0,0,0,0,0,0,0,0,0,0,1,0,17288
694394,23,0,0,6,0,0,3000,0,1,0,0,0,0,0,0,18147,0,1,0,0,0,1,0,0,0,0,0,0,0,0,0,0,0,21,0,18148
694429,23,0,1,6,0,0,10000,1,1,0,0,0,0,0,0,18192,0,1,0,0,0,1,0,0,0,0,0,0,0,0,0,0,0,1,0,18230
694454,0,0,1,64,0,0,0,0,1,0,0,0,0,0,0,11920,0,1,0,0,0,1,1,0,0,0,0,10,0,0,0,0,0,22,33,16469
694459,23,0,0,6,0,0,10000,1,1,0,0,0,0,0,0,16558,0,1,0,0,0,1,1,0,0,0,0,0,0,0,0,0,0,1,0,16557
694465,42,0,0,6,0,0,0,1,1,0,0,0,0,0,0,16886,0,1,0,0,0,1,10,0,0,0,0,0,0,0,0,0,0,1,0,16880
694480,23,0,0,6,0,0,30000,1,1,0,0,0,0,0,0,17236,0,1,0,0,0,1,1,0,0,0,0,0,0,0,0,0,0,1,0,17224
694481,23,0,0,6,0,0,30000,1,1,0,0,0,0,0,0,17241,0,1,0,0,0,1,0,0,0,0,0,0,0,0,0,0,0,1,0,17225
694511,23,0,0,6,0,0,5000,0,1,0,0,0,0,0,0,11968,0,1,0,0,0,1,0,0,0,0,0,0,0,0,0,0,0,21,0,18268
694515,42,0,0,6,0,0,0,1,1,0,0,0,0,0,0,17011,0,1,0,0,0,1,0,0,0,0,0,0,0,0,0,0,0,1,0,17010
694517,42,0,0,6,0,0,0,1,1,0,0,0,0,0,0,17081,0,1,0,0,0,1,0,0,0,0,0,0,0,0,0,0,0,1,0,17082
694536,0,0,1,64,0,0,0,1,1,0,0,0,0,0,0,17095,0,1,0,0,0,1,0,0,0,0,0,0,0,0,0,0,0,0,0,17094
694540,0,0,1,16,0,0,0,0,1,0,0,0,0,0,0,0,0,1,0,0,0,1,0,0,0,5088,0,0,0,0,0,0,0,1,0,16996
694550,0,0,1,64,0,0,0,1,1,0,0,0,0,0,0,16560,0,1,0,0,0,1,1,0,0,0,0,0,0,0,0,0,0,1,0,16559
694590,42,0,0,6,0,0,0,0,1,0,0,0,0,0,0,12531,0,1,0,0,0,1,0,0,0,0,0,0,0,0,0,0,0,1,0,18146
694647,23,0,1,6,0,0,10000,1,1,0,0,0,0,0,0,17167,0,1,0,0,0,1,1,0,0,0,0,0,0,0,0,0,0,21,0,17168
694682,0,0,1,64,0,0,0,1,1,0,0,0,0,0,0,17087,0,1,0,0,0,1,0,0,0,0,0,0,0,0,0,0,0,0,0,17086
694684,0,0,1,64,0,0,0,1,1,0,0,0,0,0,0,17088,0,1,0,0,0,1,0,0,0,0,0,0,0,0,0,0,0,0,0,17087
694686,0,0,1,64,0,0,0,1,1,0,0,0,0,0,0,17089,0,1,0,0,0,1,0,0,0,0,0,0,0,0,0,0,0,0,0,17088
694704,0,0,1,64,0,0,0,1,1,0,0,0,0,0,0,18191,0,1,0,0,0,1,0,0,0,0,0,0,0,0,0,0,0,1,0,18234
694723,0,0,1,64,0,0,0,1,1,0,0,0,0,0,0,18583,0,1,0,0,0,1,0,0,0,0,0,0,0,0,0,0,0,0,0,18582
694747,0,0,1,64,0,0,0,1,1,0,0,0,0,0,0,18579,0,1,0,0,0,1,0,0,0,0,0,0,0,0,0,0,0,0,0,18578
694749,0,0,1,64,0,0,0,1,1,0,0,0,0,0,0,18589,0,1,0,0,0,1,0,0,0,0,0,0,0,0,0,0,0,0,0,18588
694757,42,0,0,6,0,0,0,1,1,0,0,0,0,0,0,18118,0,1,0,0,0,1,100,0,0,0,0,0,0,0,0,0,0,1,0,18119
694799,23,0,0,6,0,0,3000,0,1,0,0,0,0,0,0,17372,0,1,0,0,0,1,1,0,0,0,0,0,0,0,0,0,0,25,0,17368
694826,0,0,1,64,0,0,0,0,1,0,0,0,0,0,0,18125,0,1,0,0,0,1,1,0,0,0,0,0,0,0,0,0,0,1,0,18124
694840,23,0,0,6,0,0,2000,0,1,0,0,0,0,0,0,17466,0,1,0,0,0,1,1,0,0,0,0,0,0,0,0,0,0,1,0,17467
694843,0,0,2,16,0,0,0,0,1,0,0,0,0,0,0,0,0,1,0,0,0,1,0,0,0,5096,0,0,0,0,0,0,0,1,0,16989
694851,42,0,0,6,0,0,0,0,1,0,0,0,0,0,0,17496,0,1,0,0,0,1,1,0,0,0,0,0,0,0,0,0,0,1,0,17495
694860,42,0,0,6,0,0,0,0,1,0,0,0,0,0,0,17154,0,1,0,0,0,1,0,0,0,0,0,0,0,0,0,0,0,1,0,18097
694887,42,0,0,6,0,0,0,0,1,0,0,0,0,0,0,16246,0,1,0,0,0,1,0,0,0,0,0,0,0,0,0,0,0,1,0,16164
694935,42,0,0,6,0,0,0,0,1,0,0,0,0,0,0,13441,0,1,0,0,0,1,0,0,0,0,0,0,0,0,0,0,0,1,0,16982
694999,23,0,0,6,0,0,1000,1,1,0,0,0,0,0,0,17669,0,1,0,0,0,1,0,0,0,0,0,0,0,0,0,0,0,1,0,17668
695023,42,0,1,6,0,0,0,0,1,0,0,0,0,0,0,18101,0,1,0,0,0,1,0,0,0,0,0,0,0,0,0,0,0,1,0,18100
695062,0,0,1,64,0,0,0,1,1,0,0,0,0,0,0,17092,0,1,0,0,0,1,0,0,0,0,0,0,0,0,0,0,0,0,0,17091
695064,0,0,1,64,0,0,0,1,1,0,0,0,0,0,0,17093,0,1,0,0,0,1,0,0,0,0,0,0,0,0,0,0,0,0,0,17092
695068,23,0,0,6,0,0,1000,1,1,0,0,0,0,0,0,17716,0,1,0,0,0,1,0,0,0,0,0,0,0,0,0,0,0,1,0,17715
695074,0,0,1,64,0,0,0,1,1,0,0,0,0,0,0,18222,0,1,0,0,0,1,0,0,0,0,0,0,0,0,0,0,0,1,0,18232
695090,0,0,1,64,0,0,0,1,1,0,0,0,0,0,0,22267,0,1,0,0,0,1,0,0,0,0,0,0,0,0,0,0,0,0,0,17097
695097,23,0,0,6,0,0,30000,1,1,0,0,0,0,0,0,17242,0,1,0,0,0,1,0,0,0,0,0,0,0,0,0,0,0,1,0,17226
695116,0,0,1,64,0,0,0,1,1,0,0,0,0,0,0,17094,0,1,0,0,0,1,0,0,0,0,0,0,0,0,0,0,0,0,0,17093
695118,0,0,1,64,0,0,0,1,1,0,0,0,0,0,0,17097,0,1,0,0,0,1,0,0,0,0,0,0,0,0,0,0,0,0,0,17095
695145,0,0,1,64,0,0,0,1,1,0,0,0,0,0,0,18194,0,1,0,0,0,1,0,0,0,0,0,0,0,0,0,0,0,1,0,18233
695151,23,0,1,6,0,0,5000,1,1,0,0,0,0,0,0,16717,0,1,0,0,0,1,1,0,0,0,0,0,0,0,0,0,0,25,0,16716
695160,0,0,1,64,0,0,0,0,1,0,0,0,0,0,0,18141,0,1,0,0,0,1,1,0,0,0,0,0,0,0,0,0,0,1,0,18140
695190,42,0,0,6,0,0,0,1,1,0,0,0,0,0,0,16870,0,1,0,0,0,1,0,0,0,0,0,0,0,0,0,0,0,1,0,16864
695285,0,0,1,64,0,0,0,1,1,0,0,0,0,0,0,17090,0,1,0,0,0,1,0,0,0,0,0,0,0,0,0,0,0,0,0,17089
695297,42,0,1,6,0,0,0,1,1,0,0,0,0,0,0,19970,0,1,0,0,0,1,0,0,0,0,0,0,0,0,0,0,0,1,0,17329
695302,0,0,1,64,0,0,0,1,1,0,0,0,0,0,0,17091,0,1,0,0,0,1,0,0,0,0,0,0,0,0,0,0,0,0,0,17090
695375,23,0,0,6,0,0,20000,0,1,0,0,0,0,0,0,17190,0,1,0,0,0,1,0,0,0,0,0,0,0,0,0,0,0,38,0,17179
695380,0,0,0,64,0,0,0,0,1,0,0,0,0,0,0,25695,0,1,0,0,0,1,0,0,0,0,0,0,0,0,0,0,0,1,0,18071
695381,0,0,1,64,0,0,0,0,1,0,0,0,0,0,0,25696,0,1,0,0,0,1,0,0,0,0,0,0,0,0,0,0,0,1,0,18071
695385,23,0,0,6,0,0,12000,1,1,0,0,0,0,0,0,17471,0,1,0,0,0,1,0,0,0,0,0,0,0,0,0,0,0,1,0,17473
695395,42,0,1,6,0,0,0,1,1,0,0,0,0,0,0,19973,0,1,0,0,0,1,0,0,0,0,0,0,0,0,0,0,0,1,0,16811
695408,42,0,1,6,0,0,0,1,1,0,0,0,0,0,0,19974,0,1,0,0,0,1,0,0,0,0,0,0,0,0,0,0,0,1,0,16810
695411,0,0,1,64,0,0,0,1,1,0,0,0,0,0,0,18626,0,1,0,0,0,1,0,0,0,0,0,0,0,0,0,0,0,0,0,18625
695413,0,0,1,64,0,0,0,1,1,0,0,0,0,0,0,18627,0,1,0,0,0,1,0,0,0,0,0,0,0,0,0,0,0,0,0,18626
695415,0,0,1,64,0,0,0,1,1,0,0,0,0,0,0,18628,0,1,0,0,0,1,0,0,0,0,0,0,0,0,0,0,0,0,0,18627
695470,0,0,1,64,0,0,0,1,1,0,0,0,0,0,0,18574,0,1,0,0,0,1,0,0,0,0,0,0,0,0,0,0,0,0,0,18573
695471,42,0,0,6,0,0,0,1,1,0,0,0,0,0,0,19410,0,1,0,0,0,1,0,0,0,0,0,0,0,0,0,0,0,1,0,19407
695486,0,0,1,64,0,0,0,1,1,0,0,0,0,0,0,18593,0,1,0,0,0,1,0,0,0,0,0,0,0,0,0,0,0,0,0,18592
695488,0,0,1,64,0,0,0,1,1,0,0,0,0,0,0,18594,0,1,0,0,0,1,0,0,0,0,0,0,0,0,0,0,0,0,0,18593
695493,42,0,0,6,0,0,0,0,1,0,0,0,0,0,0,17686,0,1,0,0,0,1,1,0,0,0,0,0,0,0,0,0,0,1,0,17688
695526,23,0,0,6,0,0,300000,0,1,0,0,0,0,0,0,18269,0,1,0,0,0,1,1,0,0,0,0,0,0,0,0,0,0,1,0,18377
695531,42,0,0,6,0,0,0,0,1,0,0,0,0,0,0,19270,0,1,0,0,0,1,0,0,0,0,0,0,0,0,0,0,0,1,0,19275
695532,23,0,0,6,0,0,199000,1,1,0,0,0,0,0,0,17694,0,1,0,0,0,1,1,0,0,0,0,0,0,0,0,0,0,25,0,18347
695535,0,0,1,64,0,0,0,1,1,0,0,0,0,0,0,18595,0,1,0,0,0,1,0,0,0,0,0,0,0,0,0,0,0,0,0,18594
695542,0,0,1,64,0,0,0,1,1,0,0,0,0,0,0,18598,0,1,0,0,0,1,0,0,0,0,0,0,0,0,0,0,0,0,0,18597
695544,0,0,1,64,0,0,0,1,1,0,0,0,0,0,0,18599,0,1,0,0,0,1,0,0,0,0,0,0,0,0,0,0,0,0,0,18598
695548,0,0,1,16,0,0,0,1,1,0,0,0,0,0,0,0,0,1,0,0,0,1,1,0,0,28,0,0,0,0,0,0,0,1,0,19719
695549,0,0,2,16,0,0,0,1,1,0,0,0,0,0,0,0,0,1,0,0,0,1,1,0,0,29,0,0,0,0,0,0,0,1,0,19719
695569,23,0,1,6,0,0,300000,1,1,0,0,0,0,0,0,18954,0,1,0,0,0,1,0,0,0,0,0,0,0,0,0,0,0,1,0,18953
695584,0,0,1,64,0,0,0,1,1,0,0,0,0,0,0,18600,0,1,0,0,0,1,0,0,0,0,0,0,0,0,0,0,0,0,0,18599
695604,0,0,1,64,0,0,0,1,1,0,0,0,0,0,0,18353,0,1,0,0,0,1,0,0,0,0,0,0,0,0,0,0,0,0,0,18352
695610,42,0,0,6,0,0,0,1,1,0,0,0,0,0,0,17080,0,1,0,0,0,1,0,0,0,0,0,0,0,0,0,0,0,1,0,17079
695623,0,0,1,64,0,0,0,1,1,0,0,0,0,0,0,18570,0,1,0,0,0,1,0,0,0,0,0,0,0,0,0,0,0,0,0,18569
695625,0,0,1,64,0,0,0,1,1,0,0,0,0,0,0,18571,0,1,0,0,0,1,0,0,0,0,0,0,0,0,0,0,0,0,0,18570
695638,0,0,1,64,0,0,0,1,1,0,0,0,0,0,0,18618,0,1,0,0,0,1,0,0,0,0,0,0,0,0,0,0,0,0,0,18628
695642,0,0,1,64,0,0,0,1,1,0,0,0,0,0,0,22904,0,1,0,0,0,1,0,0,0,0,0,0,0,0,0,0,0,0,0,18435
695650,0,0,1,64,0,0,0,1,1,0,0,0,0,0,0,18612,0,1,0,0,0,1,0,0,0,0,0,0,0,0,0,0,0,0,0,18611
695674,0,0,1,64,0,0,0,1,1,0,0,0,0,0,0,18193,0,1,0,0,0,1,0,0,0,0,0,0,0,0,0,0,0,1,0,18231
695683,0,0,1,64,0,0,0,1,1,0,0,0,0,0,0,18354,0,1,0,0,0,1,0,0,0,0,0,0,0,0,0,0,0,0,0,18353
695697,0,0,1,64,0,0,0,1,1,0,0,0,0,0,0,18352,0,1,0,0,0,1,0,0,0,0,0,0,0,0,0,0,0,0,0,18351
695709,0,0,1,64,0,0,0,1,1,0,0,0,0,0,0,18597,0,1,0,0,0,1,0,0,0,0,0,0,0,0,0,0,0,0,0,18596
695711,0,0,1,64,0,0,0,1,1,0,0,0,0,0,0,18604,0,1,0,0,0,1,0,0,0,0,0,0,0,0,0,0,0,0,0,18603
695725,0,0,1,64,0,0,0,1,1,0,0,0,0,0,0,18622,0,1,0,0,0,1,0,0,0,0,0,0,0,0,0,0,0,0,0,18621
695777,42,0,0,6,0,0,0,1,1,0,0,0,0,0,0,17689,0,1,0,0,0,1,0,0,0,0,0,0,0,0,0,0,0,1,0,17690
695784,42,0,0,6,0,0,0,0,1,0,0,0,0,0,0,18828,0,1,0,0,0,1,1,0,0,0,0,0,0,0,0,0,0,1,0,19409
695786,42,0,0,6,0,0,0,0,1,0,0,0,0,0,0,19268,0,1,0,0,0,1,0,0,0,0,0,0,0,0,0,0,0,1,0,19273
695855,0,0,1,64,0,0,0,1,1,0,0,0,0,0,0,18566,0,1,0,0,0,1,0,0,0,0,0,0,0,0,0,0,0,0,0,18565
695897,23,0,2,6,0,0,1000,1,1,0,0,0,0,0,0,23619,0,1,0,0,0,1,1,0,0,0,0,0,0,0,0,0,0,6,0,18173
695909,42,0,0,6,0,0,0,0,1,0,0,0,0,0,0,28598,0,1,0,0,0,1,0,0,0,0,0,0,0,0,0,0,0,1,0,19265
695924,23,0,0,6,0,0,2000,0,1,0,0,0,0,0,0,17697,0,1,0,0,0,1,1,0,0,0,0,0,0,0,0,0,0,1,0,17695
695929,42,0,0,6,0,0,0,0,1,0,0,0,0,0,0,28598,0,1,0,0,0,1,0,0,0,0,0,0,0,0,0,0,0,1,0,19266
695930,42,0,0,6,0,0,0,0,1,0,0,0,0,0,0,18980,0,1,0,0,0,1,0,0,0,0,0,0,0,0,0,0,0,1,0,18979
695944,0,0,1,64,0,0,0,1,1,0,0,0,0,0,0,18572,0,1,0,0,0,1,0,0,0,0,0,0,0,0,0,0,0,0,0,18571
695946,0,0,1,64,0,0,0,1,1,0,0,0,0,0,0,18573,0,1,0,0,0,1,0,0,0,0,0,0,0,0,0,0,0,0,0,18572
695948,0,0,1,64,0,0,0,1,1,0,0,0,0,0,0,18590,0,1,0,0,0,1,0,0,0,0,0,0,0,0,0,0,0,0,0,18589
695950,0,0,1,64,0,0,0,1,1,0,0,0,0,0,0,18591,0,1,0,0,0,1,0,0,0,0,0,0,0,0,0,0,0,0,0,18590
695952,0,0,1,64,0,0,0,1,1,0,0,0,0,0,0,18592,0,1,0,0,0,1,0,0,0,0,0,0,0,0,0,0,0,0,0,18591
695958,42,0,0,6,0,0,0,0,1,0,0,0,0,0,0,18798,0,1,0,0,0,1,1,0,0,0,0,0,0,0,0,0,0,1,0,18799
695968,0,0,1,64,0,0,0,1,1,0,0,0,0,0,0,18355,0,1,0,0,0,1,0,0,0,0,0,0,0,0,0,0,0,0,0,18354
695970,0,0,1,64,0,0,0,1,1,0,0,0,0,0,0,18356,0,1,0,0,0,1,0,0,0,0,0,0,0,0,0,0,0,0,0,18355
695972,0,0,1,64,0,0,0,1,1,0,0,0,0,0,0,18357,0,1,0,0,0,1,0,0,0,0,0,0,0,0,0,0,0,0,0,18356
695980,23,0,0,6,0,0,14000,1,1,0,0,0,0,0,0,18653,0,1,0,0,0,1,1,0,0,0,0,0,0,0,0,0,0,6,0,18654
695987,0,0,1,64,0,0,0,1,1,0,0,0,0,0,0,18575,0,1,0,0,0,1,0,0,0,0,0,0,0,0,0,0,0,0,0,18574
695990,0,0,1,64,0,0,0,1,1,0,0,0,0,0,0,18578,0,1,0,0,0,1,0,0,0,0,0,0,0,0,0,0,0,0,0,18576
695992,0,0,1,64,0,0,0,1,1,0,0,0,0,0,0,18580,0,1,0,0,0,1,0,0,0,0,0,0,0,0,0,0,0,0,0,18579
696013,0,0,1,64,0,0,0,1,1,0,0,0,0,0,0,18581,0,1,0,0,0,1,0,0,0,0,0,0,0,0,0,0,0,0,0,18580
696055,42,0,0,6,0,0,0,0,1,0,0,0,0,0,0,28598,0,1,0,0,0,1,0,0,0,0,0,0,0,0,0,0,0,1,0,19262
696134,0,0,1,64,0,0,0,1,1,0,0,0,0,0,0,18733,0,1,0,0,0,1,0,0,0,0,0,13,0,0,0,0,0,22,15,17441
696169,0,0,0,16,0,0,0,0,1,0,0,0,0,0,0,0,0,1,0,0,0,1,0,0,0,4771,0,0,0,0,0,0,0,1,0,17045
696173,0,0,1,64,0,0,0,0,1,0,0,0,0,0,0,26651,0,1,0,0,0,1,0,0,0,0,0,0,0,0,0,0,0,1,0,20662
696196,0,0,1,64,0,0,0,0,1,0,0,0,0,0,0,31770,0,1,0,0,0,1,0,0,0,0,0,0,0,0,0,0,0,0,0,22799
696205,0,0,2,64,0,0,0,1,1,0,0,0,0,0,0,18811,0,1,0,0,0,1,0,0,0,0,0,0,0,0,0,0,0,0,0,18810
696215,0,0,1,64,0,0,0,1,1,0,0,0,0,0,0,18614,0,1,0,0,0,1,0,0,0,0,0,0,0,0,0,0,0,0,0,18613
696217,23,0,0,6,0,0,3000,0,1,0,0,0,0,0,0,11968,0,1,0,0,0,1,0,0,0,0,0,0,0,0,0,0,0,21,0,18968
696230,0,0,1,64,0,0,0,1,1,0,0,0,0,0,0,18619,0,1,0,0,0,1,0,0,0,0,0,0,0,0,0,0,0,0,0,18617
696255,0,0,1,64,0,0,0,1,1,0,0,9,0,0,0,24259,0,1,0,0,0,1,0,0,0,0,0,0,0,0,0,0,0,6,0,19244
696264,42,0,0,6,0,0,0,0,1,0,0,0,0,0,0,18984,0,1,0,0,0,1,0,0,0,0,0,0,0,0,0,0,0,1,0,18983
696297,0,0,1,16,0,0,0,1,1,0,0,0,0,0,0,0,0,1,0,0,0,1,0,0,0,6084,0,0,0,0,0,0,0,1,0,19676
696298,23,0,2,6,0,0,600000,1,1,0,0,0,0,0,0,19614,0,1,0,0,0,1,1,0,0,0,0,0,0,0,0,0,0,6,0,19676
696300,0,0,1,16,0,0,0,1,1,0,0,0,0,0,0,0,0,1,0,0,0,1,0,0,0,6102,0,0,0,0,0,0,0,1,0,19686
696301,23,0,2,6,0,0,600000,1,1,0,0,0,0,0,0,19614,0,1,0,0,0,1,1,0,0,0,0,0,0,0,0,0,0,6,0,19686
696313,23,0,0,6,0,0,10000,1,1,0,0,0,0,0,0,18967,0,1,0,0,0,1,0,0,0,0,0,0,0,0,0,0,0,1,0,18959
696339,23,0,0,6,0,0,5000,0,1,0,0,0,0,0,0,18374,0,1,0,0,0,1,1,0,0,0,0,0,0,0,0,0,0,1,0,18364
696341,23,0,0,6,0,0,50000,1,1,0,0,0,0,0,0,18380,0,1,0,0,0,1,1,0,0,0,0,0,0,0,0,0,0,1,0,18383
696347,23,0,2,6,0,0,1000,1,1,0,0,0,0,0,0,20021,0,1,0,0,0,1,1,0,0,0,0,0,0,0,0,0,0,6,0,20019
696349,0,0,1,64,0,0,0,1,1,0,0,0,0,0,0,18586,0,1,0,0,0,1,0,0,0,0,0,0,0,0,0,0,0,0,0,18585
696354,0,0,1,64,0,0,0,1,1,0,0,0,0,0,0,18358,0,1,0,0,0,1,0,0,0,0,0,0,0,0,0,0,0,0,0,18357
696356,0,0,1,64,0,0,0,1,1,0,0,0,0,0,0,18359,0,1,0,0,0,1,0,0,0,0,0,0,0,0,0,0,0,0,0,18358
696376,0,0,1,64,0,0,0,1,1,0,0,0,0,0,0,18360,0,1,0,0,0,1,0,0,0,0,0,0,0,0,0,0,0,0,0,18359
696378,0,0,1,64,0,0,0,1,1,0,0,0,0,0,0,18361,0,1,0,0,0,1,0,0,0,0,0,0,0,0,0,0,0,0,0,18360
696391,0,0,2,64,0,0,0,1,1,0,0,0,0,0,0,25999,0,1,0,0,0,1,0,0,0,0,0,0,0,0,0,0,0,6,0,26177
696407,42,0,1,6,0,0,0,1,1,0,0,0,0,0,0,18350,0,1,0,0,0,1,0,0,0,0,0,0,0,0,0,0,0,1,0,18073
696419,23,0,0,6,0,0,20000,1,1,0,0,0,0,0,0,19227,0,1,0,0,0,1,1,0,0,0,0,0,0,0,0,0,0,1,0,19226
696420,42,0,0,6,0,0,0,1,1,0,0,0,0,0,0,19229,0,1,0,0,0,1,20,0,0,0,0,0,0,0,0,0,0,6,0,19228
696455,0,0,1,64,0,0,0,1,1,0,0,0,0,0,0,18601,0,1,0,0,0,1,0,0,0,0,0,0,0,0,0,0,0,0,0,18600
696474,42,0,0,6,0,0,0,1,1,0,0,0,0,0,0,18941,0,1,0,0,0,1,0,0,0,0,0,0,0,0,0,0,0,1,0,19194
696518,0,0,1,64,0,0,0,1,1,0,0,0,0,0,0,23770,0,1,0,0,0,1,0,0,0,0,0,0,0,0,0,0,0,25,0,23767
696532,23,0,0,6,0,0,2000,0,1,0,0,0,0,0,0,19627,0,1,0,0,0,1,0,0,0,0,0,0,0,0,0,0,0,21,0,19626
696541,42,0,0,6,0,0,0,0,1,0,0,0,0,0,0,19654,0,1,0,0,0,1,40,0,0,0,0,0,0,0,0,0,0,1,0,19660
696552,0,0,1,64,0,0,0,1,1,0,0,0,0,0,0,18615,0,1,0,0,0,1,0,0,0,0,0,0,0,0,0,0,0,0,0,18614
696554,0,0,1,64,0,0,0,1,1,0,0,0,0,0,0,18616,0,1,0,0,0,1,0,0,0,0,0,0,0,0,0,0,0,0,0,18615
696559,0,0,1,64,0,0,0,1,1,0,0,0,0,0,0,18602,0,1,0,0,0,1,0,0,0,0,0,0,0,0,0,0,0,0,0,18601
696566,0,0,1,16,0,0,0,1,1,0,0,0,0,0,0,0,0,1,0,0,0,1,0,0,0,6087,0,0,0,0,0,0,0,1,0,19679
696567,23,0,2,6,0,0,600000,1,1,0,0,0,0,0,0,19614,0,1,0,0,0,1,1,0,0,0,0,0,0,0,0,0,0,6,0,19679
696574,0,0,1,64,0,0,0,1,1,0,0,0,0,0,0,18588,0,1,0,0,0,1,0,0,0,0,0,0,0,0,0,0,0,0,0,18587
696587,42,0,0,6,0,0,0,0,1,0,0,0,0,0,0,19267,0,1,0,0,0,1,0,0,0,0,0,0,0,0,0,0,0,1,0,19271
696602,0,0,1,64,0,0,0,1,1,0,0,0,0,0,0,18611,0,1,0,0,0,1,0,0,0,0,0,0,0,0,0,0,0,0,0,18609
696609,0,0,1,64,0,0,0,1,1,0,0,0,0,0,0,18568,0,1,0,0,0,1,0,0,0,0,0,0,0,0,0,0,0,0,0,18567
696611,0,0,1,64,0,0,0,1,1,0,0,0,0,0,0,18569,0,1,0,0,0,1,0,0,0,0,0,0,0,0,0,0,0,0,0,18568
696622,0,0,1,64,0,0,0,1,1,0,0,0,0,0,0,18567,0,1,0,0,0,1,0,0,0,0,0,0,0,0,0,0,0,0,0,18566
696624,42,0,0,6,0,0,0,1,1,0,0,0,0,0,0,20726,0,1,0,0,0,1,1,0,0,0,0,0,0,0,0,0,0,1,0,20725
696632,23,0,0,6,0,0,15000,1,1,0,0,0,0,0,0,19826,0,1,0,0,0,1,1,0,0,0,0,0,0,0,0,0,0,1,0,19824
696685,42,0,0,6,0,0,0,0,1,0,0,0,0,0,0,18817,0,1,0,0,0,1,3,0,0,0,0,0,0,0,0,0,0,1,0,18815
696686,42,0,0,6,0,0,0,0,1,0,0,0,0,0,0,18818,0,1,0,0,0,1,2,0,0,0,0,0,0,0,0,0,0,1,0,18816
696705,0,0,1,64,0,0,0,1,1,0,0,0,0,0,0,18603,0,1,0,0,0,1,0,0,0,0,0,0,0,0,0,0,0,0,0,18602
696713,42,0,0,6,0,0,0,1,1,0,0,0,0,0,0,19397,0,1,0,0,0,1,1,0,0,0,0,0,0,0,0,0,0,1,0,19396
696724,0,0,1,64,0,0,0,1,1,0,0,0,0,0,0,18582,0,1,0,0,0,1,0,0,0,0,0,0,0,0,0,0,0,0,0,18581
696727,0,0,1,64,0,0,0,1,1,0,0,0,0,0,0,18585,0,1,0,0,0,1,0,0,0,0,0,0,0,0,0,0,0,0,0,18584
696752,0,0,1,64,0,0,0,1,1,0,0,0,0,0,0,18587,0,1,0,0,0,1,0,0,0,0,0,0,0,0,0,0,0,0,0,18586
696757,0,0,2,64,0,0,0,1,1,0,0,0,0,0,0,25999,0,1,0,0,0,1,0,0,0,0,0,0,0,0,0,0,0,6,0,26178
696767,0,0,1,64,0,0,0,1,1,0,0,0,0,0,0,23770,0,1,0,0,0,1,0,0,0,0,0,0,0,0,0,0,0,25,0,23768
696779,42,0,0,6,0,0,0,1,1,0,0,0,0,0,0,18941,0,1,0,0,0,1,0,0,0,0,0,0,0,0,0,0,0,1,0,19818
696786,23,0,1,6,0,0,2000,0,1,0,0,0,0,0,0,28622,0,1,0,0,0,1,0,0,0,0,0,0,0,0,0,0,0,25,0,28619
696811,23,0,0,6,0,0,5000,0,1,0,0,0,0,0,0,17512,0,1,0,0,0,1,0,0,0,0,0,0,0,0,0,0,0,1,0,18400
696830,0,0,1,64,0,0,0,1,1,0,0,0,0,0,0,18613,0,1,0,0,0,1,0,0,0,0,0,0,0,0,0,0,0,0,0,18612
696863,42,0,0,6,0,0,0,0,1,0,0,0,0,0,0,19269,0,1,0,0,0,1,0,0,0,0,0,0,0,0,0,0,0,1,0,19274
696872,23,0,0,6,0,0,30000,1,1,0,0,0,0,0,0,19231,0,1,0,0,0,1,1,0,0,0,0,0,0,0,0,0,0,1,0,19230
696881,42,0,0,6,0,0,0,0,1,0,0,0,0,0,0,28598,0,1,0,0,0,1,0,0,0,0,0,0,0,0,0,0,0,1,0,19264
696896,0,0,1,64,0,0,0,1,1,0,0,0,0,0,0,18605,0,1,0,0,0,1,0,0,0,0,0,0,0,0,0,0,0,0,0,18604
696898,0,0,1,64,0,0,0,1,1,0,0,0,0,0,0,18606,0,1,0,0,0,1,0,0,0,0,0,0,0,0,0,0,0,0,0,18605
696900,0,0,1,64,0,0,0,1,1,0,0,0,0,0,0,18607,0,1,0,0,0,1,0,0,0,0,0,0,0,0,0,0,0,0,0,18606
696902,42,0,0,6,0,0,0,1,1,0,0,0,0,0,0,18165,0,1,0,0,0,1,0,0,0,0,0,0,0,0,0,0,0,1,0,18167
696912,23,0,0,6,0,0,20000,1,1,0,0,0,0,0,0,18349,0,1,0,0,0,1,1,0,0,0,0,0,0,0,0,0,0,1,0,18348
696922,0,0,1,64,0,0,0,1,1,0,0,0,0,0,0,19753,0,1,0,0,0,1,0,0,0,0,0,0,0,0,0,0,0,57,0,19752
696924,42,0,0,6,0,0,0,0,1,0,0,0,0,0,0,28598,0,1,0,0,0,1,0,0,0,0,0,0,0,0,0,0,0,1,0,19261
696934,0,0,1,64,0,0,0,1,1,0,0,0,0,0,0,18620,0,1,0,0,0,1,0,0,0,0,0,0,0,0,0,0,0,0,0,18619
696936,0,0,1,64,0,0,0,1,1,0,0,0,0,0,0,18621,0,1,0,0,0,1,0,0,0,0,0,0,0,0,0,0,0,0,0,18620
696938,0,0,1,64,0,0,0,1,1,0,0,0,0,0,0,18623,0,1,0,0,0,1,0,0,0,0,0,0,0,0,0,0,0,0,0,18622
696940,0,0,1,64,0,0,0,1,1,0,0,0,0,0,0,18624,0,1,0,0,0,1,0,0,0,0,0,0,0,0,0,0,0,0,0,18623
696958,0,0,1,64,0,0,0,1,1,0,0,0,0,0,0,18565,0,1,0,0,0,1,0,0,0,0,0,0,0,0,0,0,0,0,0,18564
696974,231,0,0,6,0,0,0,1,1,0,0,0,0,0,0,20050,0,1,0,0,0,1,5,0,0,0,0,0,0,0,0,0,0,1,0,20049
696979,42,0,0,6,0,0,0,0,1,0,0,0,0,0,0,20424,0,1,0,0,0,1,0,0,0,0,0,0,0,0,0,0,0,1,0,20375
696998,0,0,1,16,0,0,0,0,1,0,0,0,0,0,0,0,0,1,0,0,0,1,0,0,0,5088,0,0,0,0,0,0,0,1,0,20513
697015,42,0,0,6,0,0,0,0,1,0,0,0,0,0,0,24394,0,1,0,0,0,1,0,0,0,0,0,0,0,0,0,0,0,5,0,19577
697066,42,0,0,6,0,0,0,0,1,0,0,0,0,0,0,20168,0,1,0,0,0,1,0,0,0,0,0,0,0,0,0,0,0,1,0,20166
697083,4,0,2,6,0,0,0,0,1,0,0,0,0,0,0,20411,0,1,0,0,0,1,20411,0,0,0,0,0,0,0,0,0,0,1,0,20419
697095,0,0,1,64,0,0,0,1,1,0,0,0,0,0,0,18625,0,1,0,0,0,1,0,0,0,0,0,0,0,0,0,0,0,0,0,18624
697108,23,0,0,6,0,0,1000,1,1,0,0,0,0,0,0,18947,0,1,0,0,0,1,1000,0,0,0,0,0,0,0,0,0,0,1,0,19695
697118,42,0,0,6,0,0,0,0,1,0,0,0,0,0,0,5373,0,1,0,0,0,1,0,0,0,0,0,0,0,0,0,0,0,6,0,20345
697119,42,0,0,6,0,0,0,0,1,0,0,0,0,0,0,5373,0,1,0,0,0,1,0,0,0,0,0,0,0,0,0,0,0,6,0,20346
697132,42,0,0,6,0,0,0,1,1,0,0,0,0,0,0,19639,0,1,0,0,0,1,0,0,0,0,0,0,0,0,0,0,0,1,0,19640
697150,42,0,0,6,0,0,0,0,1,0,0,0,0,0,0,19652,0,1,0,0,0,1,23,0,0,0,0,0,0,0,0,0,0,1,0,19655
697155,42,0,0,6,0,0,0,0,1,0,0,0,0,0,0,19653,0,1,0,0,0,1,32,0,0,0,0,0,0,0,0,0,0,1,0,19656
697173,42,0,0,6,0,0,0,0,1,0,0,0,0,0,0,5373,0,1,0,0,0,1,0,0,0,0,0,0,0,0,0,0,0,6,0,20185
697211,42,0,0,6,0,0,0,0,1,0,0,0,0,0,0,5373,0,1,0,0,0,1,0,0,0,0,0,0,0,0,0,0,0,6,0,20344
697302,42,0,0,6,0,0,0,1,1,0,0,0,0,0,0,18941,0,1,0,0,0,1,0,0,0,0,0,0,0,0,0,0,0,1,0,18943
697310,42,0,0,6,0,0,0,0,1,0,0,0,0,0,0,19479,0,1,0,0,0,1,17,0,0,0,0,0,0,0,0,0,0,1,0,19478
697319,0,0,0,64,0,0,0,0,1,0,0,0,0,0,0,29544,0,1,0,0,0,1,0,0,0,0,0,0,0,0,0,0,0,6,0,19134
697335,42,0,0,6,0,0,0,1,1,0,0,0,0,0,0,18941,0,1,0,0,0,1,0,0,0,0,0,0,0,0,0,0,0,1,0,19817
697381,23,0,0,6,0,0,2000,0,1,0,0,0,0,0,0,20275,0,1,0,0,0,1,1,0,0,0,0,0,0,0,0,0,0,1,0,20273
697388,23,0,0,6,0,0,3000,1,1,0,0,0,0,0,0,18977,0,1,0,0,0,1,1,0,0,0,0,0,0,0,0,0,0,1,0,18978
697400,42,0,0,6,0,0,0,0,1,0,0,0,0,0,0,20167,0,1,0,0,0,1,0,0,0,0,0,0,0,0,0,0,0,1,0,20165
697409,0,0,1,64,0,0,0,1,1,0,0,9,0,0,0,24259,0,1,0,0,0,1,0,0,0,0,0,0,0,0,0,0,0,6,0,19647
697424,0,0,1,16,0,0,0,1,1,0,0,0,0,0,0,0,0,1,0,0,0,1,0,0,0,6101,0,0,0,0,0,0,0,1,0,19685
697425,23,0,2,6,0,0,600000,1,1,0,0,0,0,0,0,19614,0,1,0,0,0,1,1,0,0,0,0,0,0,0,0,0,0,6,0,19685
697436,0,0,1,16,0,0,0,1,1,0,0,0,0,0,0,0,0,1,0,0,0,1,0,0,0,6063,0,0,0,0,0,0,0,1,0,19684
697437,23,0,2,6,0,0,600000,1,1,0,0,0,0,0,0,19614,0,1,0,0,0,1,1,0,0,0,0,0,0,0,0,0,0,6,0,19684
697445,0,0,1,16,0,0,0,1,1,0,0,0,0,0,0,0,0,1,0,0,0,1,0,0,0,6085,0,0,0,0,0,0,0,1,0,19597
697446,23,0,2,6,0,0,600000,1,1,0,0,0,0,0,0,19614,0,1,0,0,0,1,1,0,0,0,0,0,0,0,0,0,0,6,0,19597
697458,23,0,0,6,0,0,2000,0,1,0,0,0,0,0,0,20153,0,1,0,0,0,1,0,0,0,0,0,0,0,0,0,0,0,1,0,19483
697473,0,0,1,16,0,0,0,1,1,0,0,0,0,0,0,0,0,1,0,0,0,1,0,0,0,6088,0,0,0,0,0,0,0,1,0,19680
697474,23,0,2,6,0,0,600000,1,1,0,0,0,0,0,0,19614,0,1,0,0,0,1,1,0,0,0,0,0,0,0,0,0,0,6,0,19680
697500,23,0,0,6,0,0,3000,0,1,0,0,0,0,0,0,19808,0,1,0,0,0,1,0,0,0,0,0,0,0,0,0,0,0,1,0,19809
697513,0,0,1,16,0,0,0,1,1,0,0,0,0,0,0,0,0,1,0,0,0,1,0,0,0,6062,0,0,0,0,0,0,0,1,0,19681
697514,23,0,2,6,0,0,600000,1,1,0,0,0,0,0,0,19614,0,1,0,0,0,1,1,0,0,0,0,0,0,0,0,0,0,6,0,19681
697516,0,0,1,16,0,0,0,1,1,0,0,0,0,0,0,0,0,1,0,0,0,1,0,0,0,6083,0,0,0,0,0,0,0,1,0,19682
697517,23,0,2,6,0,0,600000,1,1,0,0,0,0,0,0,19614,0,1,0,0,0,1,1,0,0,0,0,0,0,0,0,0,0,6,0,19682
697540,0,0,1,16,0,0,0,1,1,0,0,0,0,0,0,0,0,1,0,0,0,1,0,0,0,6082,0,0,0,0,0,0,0,1,0,19683
697541,23,0,2,6,0,0,600000,1,1,0,0,0,0,0,0,19614,0,1,0,0,0,1,1,0,0,0,0,0,0,0,0,0,0,6,0,19683
697592,42,0,0,6,0,0,0,0,1,0,0,0,0,0,0,20170,0,1,0,0,0,1,0,0,0,0,0,0,0,0,0,0,0,1,0,20164
697636,42,0,0,6,0,0,0,0,1,0,0,0,0,0,0,9204,0,1,0,0,0,1,1,0,0,0,0,0,0,0,0,0,0,1,0,19195
697665,23,0,0,6,0,0,10000,1,1,0,0,0,0,0,0,20783,0,1,0,0,0,1,0,0,0,0,0,0,0,0,0,0,0,1,0,20786
697706,0,0,1,64,0,0,0,0,1,0,0,0,0,0,0,21566,0,1,0,0,0,1,0,0,0,0,0,0,0,0,0,0,0,1,0,21565
697734,42,0,0,6,0,0,0,1,1,0,0,0,0,0,0,18350,0,1,0,0,0,1,0,0,0,0,0,0,0,0,0,0,0,1,0,20210
697752,23,0,1,6,0,0,2000,0,1,0,0,0,0,0,0,28622,0,1,0,0,0,1,0,0,0,0,0,0,0,0,0,0,0,25,0,28620
697755,23,0,1,6,0,0,2000,0,1,0,0,0,0,0,0,28622,0,1,0,0,0,1,0,0,0,0,0,0,0,0,0,0,0,25,0,28621
697780,0,0,1,16,0,0,0,0,1,0,0,0,0,0,0,0,0,1,0,0,0,1,0,0,0,5088,0,0,0,0,0,0,0,1,0,20269
697790,42,0,0,6,0,0,0,0,1,0,0,0,0,0,0,20424,0,1,0,0,0,1,0,0,0,0,0,0,0,0,0,0,0,1,0,20920
697796,23,0,0,6,0,0,1000,1,1,0,0,0,0,0,0,20553,0,1,0,0,0,1,0,0,0,0,0,0,0,0,0,0,0,1,0,20556
697812,42,0,0,6,0,0,0,0,1,0,0,0,0,0,0,1826,0,1,0,0,0,1,0,0,0,0,0,0,0,0,0,0,0,6,0,20186
697822,23,0,1,6,0,0,1000,1,1,0,0,0,0,0,0,19637,0,1,0,0,0,1,0,0,0,0,0,0,0,0,0,0,0,1,0,19636
697825,42,0,0,6,0,0,0,0,1,0,0,0,0,0,0,20350,0,1,0,0,0,1,0,0,0,0,0,0,0,0,0,0,0,1,0,20356
697837,23,0,1,6,0,0,2000,1,1,0,0,0,0,0,0,21341,0,1,0,0,0,1,0,0,0,0,0,0,0,0,0,0,0,1,0,21340
697841,42,0,0,6,0,0,0,0,1,0,0,0,0,0,0,20334,0,1,0,0,0,1,0,0,0,0,0,0,0,0,0,0,0,1,0,20348
697857,0,0,1,16,0,0,0,1,1,0,0,0,0,0,0,0,0,1,0,0,0,1,0,0,0,6064,0,0,0,0,0,0,0,1,0,19677
697858,23,0,2,6,0,0,600000,1,1,0,0,0,0,0,0,19614,0,1,0,0,0,1,1,0,0,0,0,0,0,0,0,0,0,6,0,19677
697860,0,0,1,16,0,0,0,1,1,0,0,0,0,0,0,0,0,1,0,0,0,1,0,0,0,6061,0,0,0,0,0,0,0,1,0,19678
697861,23,0,2,6,0,0,600000,1,1,0,0,0,0,0,0,19614,0,1,0,0,0,1,1,0,0,0,0,0,0,0,0,0,0,6,0,19678
697868,42,0,0,6,0,0,0,0,1,0,0,0,0,0,0,21186,0,1,0,0,0,1,0,0,0,0,0,0,0,0,0,0,0,1,0,21185
697883,42,0,0,6,0,0,0,0,1,0,0,0,0,0,0,20424,0,1,0,0,0,1,0,0,0,0,0,0,0,0,0,0,0,1,0,20918
697893,0,0,1,64,0,0,0,1,1,0,0,0,0,0,0,20253,0,1,0,0,0,1,0,0,0,0,0,0,0,0,0,0,0,6,0,20252
697952,42,0,0,6,0,0,0,1,1,0,0,0,0,0,0,20893,0,1,0,0,0,1,1,0,0,0,0,0,0,0,0,0,0,1,0,20891
697981,42,0,0,6,0,0,0,0,1,0,0,0,0,0,0,20424,0,1,0,0,0,1,0,0,0,0,0,0,0,0,0,0,0,1,0,20915
698006,42,0,0,6,0,0,0,0,1,0,0,0,0,0,0,20340,0,1,0,0,0,1,0,0,0,0,0,0,0,0,0,0,0,1,0,20349
698034,42,0,0,6,0,0,0,0,1,0,0,0,0,0,0,20333,0,1,0,0,0,1,0,0,0,0,0,0,0,0,0,0,0,1,0,20347
698061,42,0,0,6,0,0,0,1,1,0,0,0,0,0,0,21054,0,1,0,0,0,1,1,0,0,0,0,0,0,0,0,0,0,1,0,21053
698068,42,0,0,6,0,0,0,0,1,0,0,0,0,0,0,1826,0,1,0,0,0,1,0,0,0,0,0,0,0,0,0,0,0,6,0,20354
698078,42,0,0,6,0,0,0,0,1,0,0,0,0,0,0,1826,0,1,0,0,0,1,0,0,0,0,0,0,0,0,0,0,0,6,0,20355
698199,23,0,0,6,0,0,2000,1,1,0,0,0,0,0,0,20172,0,1,0,0,0,1,1,0,0,0,0,0,0,0,0,0,0,1,0,20171
698206,4,0,2,6,0,0,0,0,1,0,0,0,0,0,0,20417,0,1,0,0,0,1,20413,0,0,0,0,0,0,0,0,0,0,1,0,20422
698210,4,0,2,6,0,0,0,0,1,0,0,0,0,0,0,20416,0,1,0,0,0,1,20412,0,0,0,0,0,0,0,0,0,0,1,0,20421
698212,0,0,1,64,0,0,0,1,1,0,0,0,0,0,0,20614,0,1,0,0,0,1,0,0,0,0,0,0,0,0,0,0,0,6,0,20616
698214,0,0,1,64,0,0,0,1,1,0,0,0,0,0,0,20615,0,1,0,0,0,1,0,0,0,0,0,0,0,0,0,0,0,6,0,20617
698224,42,0,0,6,0,0,0,1,1,0,0,0,0,0,0,20706,0,1,0,0,0,1,1,0,0,0,0,0,0,0,0,0,0,1,0,20705
698288,109,0,0,6,0,0,0,1,1,0,0,0,0,0,0,22009,0,1,0,0,0,1,100,0,0,0,0,0,0,4096,0,0,0,1,0,22010
698296,0,0,1,64,0,0,0,1,1,0,0,0,0,0,0,23121,0,1,0,0,0,1,0,0,0,0,0,0,0,0,0,0,0,0,0,23119
698351,23,0,0,6,0,0,3000,1,1,0,0,0,0,0,0,21925,0,1,0,0,0,1,0,0,0,0,0,0,0,0,0,0,0,1,0,21926
698376,23,0,1,6,0,0,10000,0,1,0,0,0,0,0,0,19705,0,1,0,0,0,1,1,0,0,0,0,0,0,0,0,0,0,1,0,21149
698384,23,0,0,6,0,0,1000,0,1,0,0,0,0,0,0,21910,0,1,0,0,0,1,1,0,0,0,0,0,0,0,0,0,0,1,0,21833
698404,0,0,1,64,0,0,0,1,1,0,0,0,0,0,0,21354,0,1,0,0,0,1,0,0,0,0,0,0,0,0,0,0,0,35,0,21167
698425,0,0,1,64,0,0,0,1,1,0,0,0,0,0,0,22198,0,1,0,0,0,1,0,0,0,0,0,0,0,0,0,0,0,0,0,22197
698427,0,0,1,64,0,0,0,1,1,0,0,0,0,0,0,22199,0,1,0,0,0,1,0,0,0,0,0,0,0,0,0,0,0,0,0,22198
698428,4,0,0,6,0,0,0,0,1,0,0,0,0,0,42,20418,0,1,0,0,0,1,1607,0,0,0,0,0,0,0,0,0,0,1,0,20423
698451,42,0,0,6,0,0,0,0,1,0,0,0,0,0,0,9204,0,1,0,0,0,1,1,0,0,0,0,0,0,0,0,0,0,1,0,22835
698453,0,0,0,64,0,0,0,1,1,0,0,0,0,0,0,22972,0,1,0,0,0,1,0,0,0,0,0,0,0,0,0,0,0,1,0,22986
698454,0,0,1,64,0,0,0,1,1,0,0,0,0,0,0,22978,0,1,0,0,0,1,0,0,0,0,0,0,0,0,0,0,0,1,0,22986
698455,0,0,2,64,0,0,0,1,1,0,0,0,0,0,0,22981,0,1,0,0,0,1,0,0,0,0,0,0,0,0,0,0,0,1,0,22986
698513,42,0,0,6,0,0,0,0,1,0,0,0,0,0,0,21062,0,1,0,0,0,1,1,0,0,0,0,0,0,0,0,0,0,1,0,21061
698542,42,0,0,6,0,0,0,1,1,0,0,0,0,0,0,27860,0,1,0,0,0,1,0,0,0,0,0,0,0,0,0,0,0,1,0,21978
698552,0,0,1,64,0,0,0,0,1,0,0,0,0,0,0,26651,0,1,0,0,0,1,0,0,0,0,0,0,0,0,0,0,0,1,0,20660
698556,42,0,0,6,0,0,0,1,1,0,0,0,0,0,0,20178,0,1,0,0,0,1,0,0,0,0,0,0,0,0,0,0,0,1,0,20177
698563,0,0,1,64,0,0,0,1,1,0,0,0,0,0,0,22268,0,1,0,0,0,1,0,0,0,0,0,0,0,0,0,0,0,0,0,22267
698579,23,0,0,6,0,0,8000,1,1,0,0,0,0,0,0,20479,0,1,0,0,0,1,0,0,0,0,0,0,0,0,0,0,0,1,0,20478
698618,42,0,0,6,0,0,0,0,1,0,0,0,0,0,0,20424,0,1,0,0,0,1,0,0,0,0,0,0,0,0,0,0,0,1,0,20919
698637,23,0,0,6,0,0,8000,1,1,0,0,0,0,0,0,20476,0,1,0,0,0,1,0,0,0,0,0,0,0,0,0,0,0,6,0,20475
698671,42,0,0,6,0,0,0,0,1,0,0,0,0,0,0,20351,0,1,0,0,0,1,0,0,0,0,0,0,0,0,0,0,0,1,0,20357
698675,42,0,0,6,0,0,0,0,1,0,0,0,0,0,0,18946,0,1,0,0,0,1,1,0,0,0,0,0,0,0,0,0,0,1,0,20847
698682,23,0,1,6,0,0,300000,1,1,0,0,0,0,0,0,20862,0,1,0,0,0,1,0,0,0,0,0,0,0,0,0,0,0,1,0,20861
698721,0,0,1,64,0,0,0,1,1,0,0,0,0,0,0,21132,0,1,0,0,0,1,0,0,0,0,0,0,0,0,0,0,0,0,0,22268
698748,42,0,0,6,0,0,0,1,1,0,0,0,0,0,0,22290,0,1,0,0,0,1,1,0,0,0,0,0,0,0,0,0,0,1,0,22285
698761,42,0,0,6,0,0,0,1,1,0,0,0,0,0,0,21889,0,1,0,0,0,1,0,0,0,0,0,0,0,0,0,0,0,1,0,21882
698773,23,0,1,6,0,0,300000,1,1,0,0,0,0,0,0,21914,0,1,0,0,0,1,0,0,0,0,0,0,0,0,0,0,0,1,0,21916
698775,23,0,0,6,0,0,3000,1,1,0,0,0,0,0,0,21921,0,1,0,0,0,1,0,0,0,0,0,0,0,0,0,0,0,1,0,21922
698800,0,0,1,64,0,0,0,0,1,0,0,0,0,0,0,26651,0,1,0,0,0,1,0,0,0,0,0,0,0,0,0,0,0,1,0,20658
698804,0,0,1,64,0,0,0,0,1,0,0,0,0,0,0,26651,0,1,0,0,0,1,0,0,0,0,0,0,0,0,0,0,0,1,0,20661
698814,42,0,0,6,0,0,0,1,1,0,0,0,0,0,0,22008,0,1,0,0,0,1,10,0,0,0,0,0,0,0,0,0,0,1,0,22007
698816,23,0,0,6,0,0,1000,1,1,0,0,0,0,0,0,22311,0,1,0,0,0,1,1,0,0,0,0,0,0,0,0,0,0,6,0,22291
698825,0,0,1,64,0,0,0,1,1,0,0,0,0,0,0,21132,0,1,0,0,0,1,0,0,0,0,0,0,0,0,0,0,0,0,0,21131
698827,0,0,1,64,0,0,0,1,1,0,0,0,0,0,0,21133,0,1,0,0,0,1,0,0,0,0,0,0,0,0,0,0,0,0,0,21132
698829,0,0,1,64,0,0,0,1,1,0,0,0,0,0,0,21135,0,1,0,0,0,1,0,0,0,0,0,0,0,0,0,0,0,0,0,21133
698833,0,0,1,64,0,0,0,1,1,0,0,0,0,0,0,22192,0,1,0,0,0,1,0,0,0,0,0,0,0,0,0,0,0,0,0,22191
698839,42,0,0,6,0,0,0,1,1,0,0,0,0,0,0,20564,0,1,0,0,0,1,0,0,0,0,0,0,0,0,0,0,0,1,0,20563
698847,42,0,0,6,0,0,0,1,1,0,0,0,0,0,0,23379,0,1,0,0,0,1,0,0,0,0,0,0,0,0,0,0,0,1,0,23378
698905,23,0,0,6,0,0,3000,1,1,0,0,0,0,0,0,21927,0,1,0,0,0,1,0,0,0,0,0,0,0,0,0,0,0,1,0,21928
698909,42,0,0,6,0,0,0,1,1,0,0,0,0,0,0,21959,0,1,0,0,0,1,0,0,0,0,0,0,0,0,0,0,0,1,0,21334
698918,23,0,0,6,0,0,3000,1,1,0,0,0,0,0,0,20988,0,1,0,0,0,1,0,0,0,0,0,0,0,0,0,0,0,1,0,21938
698923,42,0,0,6,0,0,0,1,1,0,0,0,0,0,0,22289,0,1,0,0,0,1,1,0,0,0,0,0,0,0,0,0,0,1,0,22288
698928,42,0,0,6,0,0,0,0,1,0,0,0,0,0,0,16427,0,1,0,0,0,1,1,0,0,0,0,0,0,0,0,0,0,1,0,21645
698950,23,0,0,6,0,0,1000,1,1,0,0,0,0,0,0,21860,0,1,0,0,0,1,1,0,0,0,0,0,0,0,0,0,0,1,0,21861
698952,23,0,0,6,0,0,20000,1,1,0,0,0,0,0,0,21391,0,1,0,0,0,1,0,0,0,0,0,0,0,0,0,0,0,1,0,21397
698955,42,0,0,6,1,0,0,0,1,0,0,0,0,0,0,23454,0,1,0,0,0,1,1,0,0,0,0,0,0,0,0,0,0,1,0,20884
698958,0,0,1,64,0,0,0,1,1,0,0,0,0,0,0,21136,0,1,0,0,0,1,0,0,0,0,0,0,0,0,0,0,0,0,0,21135
698960,0,0,1,64,0,0,0,1,1,0,0,0,0,0,0,21138,0,1,0,0,0,1,0,0,0,0,0,0,0,0,0,0,0,0,0,21137
698962,0,0,1,64,0,0,0,1,1,0,0,0,0,0,0,21139,0,1,0,0,0,1,0,0,0,0,0,0,0,0,0,0,0,0,0,21138
698989,42,0,0,6,0,0,0,1,1,0,0,0,0,0,0,21388,0,1,0,0,0,1,0,0,0,0,0,0,0,0,0,0,0,1,0,21387
699005,42,0,0,6,0,0,0,1,1,0,0,0,0,0,0,20810,0,1,0,0,0,1,0,0,0,0,0,0,0,0,0,0,0,1,0,20809
699015,42,0,0,6,0,0,0,0,1,0,0,0,0,0,0,21787,0,1,0,0,0,1,1,0,0,0,0,0,0,0,0,0,0,1,0,21788
699016,42,0,0,6,0,0,0,0,1,0,0,0,0,0,0,19707,0,1,0,0,0,1,1,0,0,0,0,0,0,0,0,0,0,1,0,21789
699018,23,0,0,6,0,0,10000,1,1,0,0,0,0,0,0,21174,0,1,0,0,0,1,1,0,0,0,0,0,0,0,0,0,0,1,0,21129
699039,23,0,0,6,0,0,10000,1,1,0,0,0,0,0,0,21172,0,1,0,0,0,1,1,0,0,0,0,0,0,0,0,0,0,1,0,21130
699043,42,0,0,6,0,0,0,0,1,0,0,0,0,0,0,21062,0,1,0,0,0,1,1,0,0,0,0,0,0,0,0,0,0,1,0,21080
699076,23,0,0,6,0,0,7000,1,1,0,0,0,0,0,0,23002,0,1,0,0,0,1,1,0,0,0,0,0,0,0,0,0,0,1,0,23003
699084,42,0,0,6,0,0,0,1,1,0,0,0,0,0,0,22312,0,1,0,0,0,1,1,0,0,0,0,0,0,0,0,0,0,1,0,22287
699095,23,0,0,6,0,0,2000,1,1,0,0,0,0,0,0,21809,0,1,0,0,0,1,1,0,0,0,0,0,0,0,0,0,0,1,0,21808
699098,23,0,0,6,0,0,3000,1,1,0,0,0,0,0,0,21740,0,1,0,0,0,1,0,0,0,0,0,0,0,0,0,0,0,1,0,21741
699100,23,0,0,6,0,0,30000,1,1,0,0,0,0,0,0,22012,0,1,0,0,0,1,0,0,0,0,0,0,0,0,0,0,0,1,0,22011
699122,0,0,1,64,0,0,0,1,1,0,0,0,0,0,0,22848,0,1,0,0,0,1,0,0,0,0,0,0,0,0,0,0,0,0,0,22600
699125,42,0,0,6,0,0,0,1,1,0,0,0,0,0,0,23544,0,1,0,0,0,1,0,0,0,0,0,0,0,0,0,0,0,1,0,21747
699179,42,0,0,6,0,0,0,1,1,0,0,0,0,0,0,21840,0,1,0,0,0,1,0,0,0,0,0,0,0,0,0,0,0,1,0,21841
699183,0,0,1,64,0,0,0,1,1,0,0,0,0,0,0,22201,0,1,0,0,0,1,0,0,0,0,0,0,0,0,0,0,0,0,0,22200
699184,23,0,0,6,0,0,5000,1,1,0,0,0,0,0,0,21709,0,1,0,0,0,1,1,0,0,0,0,0,0,0,0,0,0,1,0,21733
699215,0,0,1,64,0,0,0,1,1,0,0,0,0,0,0,22200,0,1,0,0,0,1,0,0,0,0,0,0,0,0,0,0,0,0,0,22199
699221,0,0,1,64,0,0,0,1,1,0,0,0,0,0,0,22193,0,1,0,0,0,1,0,0,0,0,0,0,0,0,0,0,0,0,0,22192
699228,0,0,2,64,0,0,0,0,1,0,0,0,0,0,0,23209,0,1,0,0,0,1,0,0,0,0,0,0,0,0,0,0,0,1,0,23208
699230,0,0,1,64,0,0,0,1,1,0,0,0,0,0,0,23253,0,1,0,0,0,1,0,0,0,0,0,0,0,0,0,0,0,1,0,23209
699235,42,0,0,6,0,0,0,1,1,0,0,0,0,0,0,21977,0,1,0,0,0,1,0,0,0,0,0,0,0,0,0,0,0,1,0,21890
699281,42,0,0,6,0,0,0,0,1,0,0,0,0,0,0,29478,0,1,0,0,0,1,0,0,0,0,0,0,0,0,0,0,0,1,0,21838
699298,0,0,1,64,0,0,0,1,1,0,0,0,0,0,0,22194,0,1,0,0,0,1,0,0,0,0,0,0,0,0,0,0,0,0,0,22193
699300,0,0,1,64,0,0,0,1,1,0,0,0,0,0,0,22195,0,1,0,0,0,1,0,0,0,0,0,0,0,0,0,0,0,0,0,22194
699334,42,0,0,6,0,0,0,1,1,0,0,0,0,0,0,15976,0,1,0,0,0,1,1,0,0,0,0,0,0,0,0,0,0,1,0,21911
699352,42,0,0,6,0,0,0,0,1,0,0,0,0,0,0,22600,0,1,0,0,0,1,1,0,0,0,0,0,0,0,0,0,0,1,0,22618
699373,23,0,1,6,0,0,2000,1,1,0,0,0,0,0,0,22786,0,1,0,0,0,1,1,0,0,0,0,0,0,0,0,0,0,1,0,22781
699376,23,0,2,6,0,0,1000,1,1,0,0,0,0,0,0,16806,0,1,0,0,0,1,1,0,0,0,0,10,0,0,0,0,0,24,0,23023
699386,23,0,0,6,0,0,2000,1,1,0,0,0,0,0,0,22442,0,1,0,0,0,1,1,0,0,0,0,0,0,0,0,0,0,1,0,22441
699393,23,0,0,6,0,0,8000,1,1,0,0,0,0,0,0,20476,0,1,0,0,0,1,0,0,0,0,0,0,0,0,0,0,0,25,0,20547
699397,23,0,0,6,0,0,13000,1,1,0,0,0,0,0,0,25778,0,1,0,0,0,1,0,0,0,0,0,0,0,0,0,0,0,25,0,21737
699424,0,0,1,64,0,0,0,1,1,0,0,0,0,0,0,23448,0,1,0,0,0,1,0,0,0,0,0,0,0,0,0,0,0,1,0,23446
699434,42,0,0,6,0,0,0,0,1,0,0,0,0,0,0,22619,0,1,0,0,0,1,1,0,0,0,0,0,0,0,0,0,0,1,0,22620
699447,0,0,1,64,0,0,0,0,1,0,0,0,0,0,0,13327,0,1,0,0,0,1,0,0,0,0,0,0,0,0,0,0,0,6,0,22641
699464,42,0,0,6,0,0,0,1,1,0,0,0,0,0,0,22284,0,1,0,0,0,1,1,0,0,0,0,0,0,0,0,0,0,1,0,22283
699465,42,0,0,6,0,0,0,1,1,0,0,0,0,0,0,22291,0,1,0,0,0,1,1,0,0,0,0,0,0,0,0,0,0,1,0,22286
699476,42,0,0,6,0,0,0,0,1,0,0,0,0,0,0,21970,0,1,0,0,0,1,1,0,0,0,0,0,0,0,0,0,0,1,0,21969
699485,42,0,0,6,0,0,0,0,1,0,0,0,0,0,0,27775,0,1,0,0,0,1,1,0,0,0,0,0,0,0,0,0,0,1,0,27774
699491,0,0,1,64,0,0,0,0,1,0,0,0,0,0,0,11009,0,1,0,0,0,1,0,0,0,0,0,0,0,0,0,0,0,1,0,22789
699494,0,0,2,64,0,0,0,0,1,0,0,0,0,0,0,11009,0,1,0,0,0,1,0,0,0,0,0,0,0,0,0,0,0,0,0,22790
699510,0,0,2,64,0,0,0,0,1,0,0,0,0,0,0,5164,0,1,0,0,0,1,0,0,0,0,0,13,0,0,0,0,0,22,15,22924
699533,0,0,1,64,0,0,0,1,1,0,0,0,0,0,0,21830,0,1,0,0,0,1,0,0,0,0,0,0,0,0,0,0,0,0,0,21828
699548,23,0,0,6,0,0,4000,0,1,0,0,0,0,0,0,26643,0,1,0,0,0,1,200,0,0,0,0,0,0,0,0,0,0,1,0,27897
699553,42,0,0,6,0,0,0,1,1,0,0,0,0,0,0,21976,0,1,0,0,0,1,0,0,0,0,0,0,0,0,0,0,0,1,0,21853
699570,42,0,0,6,0,0,0,0,1,0,0,0,0,0,0,23684,0,1,0,0,0,1,100,0,0,0,0,0,0,0,0,0,0,1,0,23688
699583,0,0,1,64,0,0,0,1,1,0,0,0,0,0,0,22975,0,1,0,0,0,1,0,0,0,0,0,0,0,0,0,0,0,0,0,22972
699623,23,0,0,6,0,0,3000,0,1,0,0,0,0,0,0,19594,0,1,0,0,0,1,1,0,0,0,0,0,0,0,0,0,0,6,0,22997
699628,23,0,1,6,0,0,2000,1,1,0,0,0,0,0,0,22745,0,1,0,0,0,1,1,0,0,0,0,0,0,0,0,0,0,6,0,22744
699633,23,0,1,6,0,0,2000,1,1,0,0,0,0,0,0,22786,0,1,0,0,0,1,1,0,0,0,0,0,0,0,0,0,0,1,0,22787
699646,42,0,0,6,0,0,0,1,1,0,0,0,0,0,0,21898,0,1,0,0,0,1,0,0,0,0,0,0,0,0,0,0,0,1,0,21897
699659,23,0,0,6,0,0,2000,1,1,0,0,0,0,0,0,22429,0,1,0,0,0,1,1,0,0,0,0,0,0,0,0,0,0,1,0,22431
699708,42,0,0,6,0,0,0,1,1,0,0,0,0,0,0,22439,0,1,0,0,0,1,0,0,0,0,0,0,0,0,0,0,0,6,0,22438
699719,23,0,0,6,0,0,10000,1,1,0,0,0,0,0,0,23183,0,1,0,0,0,1,0,0,0,0,0,0,0,0,0,0,0,1,0,23184
699730,23,0,0,6,0,0,3000,0,1,0,0,0,0,0,0,21858,0,1,0,0,0,1,0,0,0,0,0,0,0,0,0,0,0,1,0,21857
699740,0,0,1,64,0,0,0,1,1,0,0,0,0,0,0,21865,0,1,0,0,0,1,0,0,0,0,0,0,0,0,0,0,0,0,0,21864
699743,23,0,0,6,0,0,15000,0,1,0,0,0,0,0,0,21867,0,1,0,0,0,1,0,0,0,0,0,0,0,0,0,0,0,25,38,21866
699751,23,0,0,6,0,0,1000,0,1,0,0,0,0,0,0,22741,0,1,0,0,0,1,1,0,0,0,0,0,0,0,0,0,0,1,0,22739
699756,23,0,0,6,0,0,15000,0,1,0,0,0,0,0,0,21795,0,1,0,0,0,1,0,0,0,0,0,0,0,0,0,0,0,25,38,21794
699779,109,0,0,6,0,0,0,1,1,0,4096,0,0,0,0,21091,0,1,0,0,0,1,15,0,0,0,0,0,0,4096,0,0,0,1,0,21089
699801,23,0,0,6,0,0,2000,1,1,0,0,0,0,0,0,22595,0,1,0,0,0,1,0,0,0,0,0,0,0,0,0,0,0,1,0,22638
699807,0,0,1,64,0,0,0,1,1,0,0,0,0,0,0,22983,0,1,0,0,0,1,0,0,0,0,0,0,0,0,0,0,0,0,0,22982
699810,0,0,1,64,0,0,0,1,1,0,0,0,0,0,0,22984,0,1,0,0,0,1,0,0,0,0,0,0,0,0,0,0,0,0,0,22983
699812,23,0,0,6,0,0,8000,1,1,0,0,0,0,0,0,22680,0,1,0,0,0,1,0,0,0,0,0,0,0,0,0,0,0,1,0,22679
699829,0,0,2,64,0,0,0,1,1,0,0,0,0,0,0,22592,0,1,0,0,0,1,0,0,0,0,0,0,0,0,0,0,0,6,0,21832
699840,0,0,1,64,0,0,0,0,1,0,0,0,0,0,0,11009,0,1,0,0,0,1,0,0,0,0,0,0,0,0,0,0,0,1,0,20875
699851,23,0,0,6,0,0,1000,1,1,0,0,0,0,0,0,21868,0,1,0,0,0,1,1,0,0,0,0,0,0,0,0,0,0,1,0,21909
699862,42,0,0,6,0,0,0,0,1,0,0,0,0,0,0,23687,0,1,0,0,0,1,0,0,0,0,0,0,0,0,0,0,0,1,0,23686
699866,0,0,1,64,0,0,0,0,1,0,0,0,0,0,0,21556,0,1,0,0,0,1,0,0,0,0,0,0,0,0,0,0,0,1,0,21544
699882,0,0,2,64,0,0,0,0,1,0,0,0,0,0,0,27648,0,1,0,0,0,1,0,0,0,0,0,0,0,0,0,0,0,6,0,21992
699903,42,0,0,6,0,0,0,0,1,0,0,0,0,0,0,22412,0,1,0,0,0,1,1,0,0,0,0,0,0,0,0,0,0,1,0,22413
699905,23,0,0,6,0,0,4000,1,1,0,0,0,0,0,0,23424,0,1,0,0,0,1,0,0,0,0,0,0,12,0,0,0,0,22,15,23425
699936,0,0,1,64,0,0,0,1,1,0,0,0,0,0,0,23770,0,1,0,0,0,1,0,0,0,0,0,0,0,0,0,0,0,25,0,23735
699947,0,0,1,64,0,0,0,1,1,0,0,0,0,0,0,22915,0,1,0,0,0,1,0,0,0,0,0,0,0,0,0,0,0,0,0,22914
699963,42,0,0,6,0,0,0,1,1,0,0,0,0,0,0,24255,0,1,0,0,0,1,0,0,0,0,0,0,0,0,0,0,0,1,0,24256
699971,0,0,1,64,0,0,0,1,1,0,0,0,0,0,0,23770,0,1,0,0,0,1,0,0,0,0,0,0,0,0,0,0,0,25,0,23738
699993,23,0,1,6,0,0,18000,0,1,0,0,0,0,0,0,23019,0,1,0,0,0,1,0,0,0,0,0,0,0,0,0,0,0,38,6,23015
699998,0,0,1,64,0,0,0,1,1,0,0,0,0,0,0,22980,0,1,0,0,0,1,0,0,0,0,0,0,0,0,0,0,0,0,0,22979
700006,0,0,1,64,0,0,0,0,1,0,0,0,0,0,0,22991,0,1,0,0,0,1,0,0,0,0,0,0,0,0,0,0,0,0,0,22989
700013,42,0,0,6,0,0,0,1,1,0,0,0,0,0,0,18350,0,1,0,0,0,1,5,0,0,0,0,0,0,192,0,0,0,1,0,23551
700014,42,0,0,6,0,0,0,0,1,0,0,0,0,0,0,26545,0,1,0,0,0,1,50,0,0,0,0,0,0,0,0,0,0,21,0,23552
700032,42,0,0,6,0,0,0,0,1,0,0,0,0,0,0,23394,0,1,0,0,0,1,1,0,0,0,0,0,0,0,0,0,0,6,0,23340
700087,42,0,0,6,0,0,0,0,1,0,0,0,0,0,0,26976,0,1,0,0,0,1,0,0,0,0,0,0,0,0,0,0,0,1,0,26107
700095,42,0,0,6,0,0,0,0,1,0,0,0,0,0,0,22649,0,1,0,0,0,1,0,0,0,0,0,0,0,0,0,0,0,1,0,22648
700111,42,0,0,6,0,0,0,1,1,0,0,0,0,0,0,23580,0,1,0,0,0,1,0,0,0,0,0,0,0,0,0,0,0,1,0,23581
700140,23,0,0,6,0,0,10000,1,1,0,0,0,0,0,0,22986,0,1,0,0,0,1,0,0,0,0,0,0,0,0,0,0,0,1,0,22992
700150,109,0,0,6,0,0,0,1,1,0,0,0,0,0,0,23590,0,1,0,0,0,1,100,0,0,0,0,0,0,8388608,0,0,0,1,0,23591
700166,23,0,2,6,0,0,1000,1,1,0,0,0,0,0,0,23619,0,1,0,0,0,1,1,0,0,0,0,0,0,0,0,0,0,6,0,23620
700183,0,0,1,64,0,0,0,0,1,0,0,0,0,0,0,23697,0,1,0,0,0,1,1,0,0,0,0,0,0,0,0,0,0,1,0,23698
700188,0,0,1,64,0,0,0,1,1,0,0,0,0,0,0,23770,0,1,0,0,0,1,0,0,0,0,0,0,0,0,0,0,0,25,0,23769
700202,42,0,0,6,0,0,0,0,1,0,0,0,0,0,0,13619,0,1,0,0,0,1,0,0,0,0,0,0,0,0,0,0,0,1,0,23771
700234,0,0,1,16,0,0,0,1,1,0,0,0,0,0,0,0,0,1,0,0,0,1,0,0,0,8149,0,0,0,0,0,0,0,1,0,24108
700259,0,0,1,64,0,0,0,1,1,0,0,0,0,0,0,23770,0,1,0,0,0,1,0,0,0,0,0,0,0,0,0,0,0,25,0,23736
700261,0,0,1,64,0,0,0,1,1,0,0,0,0,0,0,23770,0,1,0,0,0,1,0,0,0,0,0,0,0,0,0,0,0,25,0,23737
700270,23,0,0,6,0,0,1000,0,1,0,0,0,0,0,0,22273,0,1,0,0,0,1,0,0,0,0,0,0,0,0,0,0,0,1,0,22272
700280,0,0,2,64,0,0,0,1,1,0,0,0,0,0,0,23258,0,1,0,0,0,1,0,0,0,0,0,0,0,0,0,0,0,1,0,23257
700322,42,0,0,6,0,0,0,0,1,0,0,0,0,0,0,23682,0,1,0,0,0,1,0,0,0,0,0,0,0,0,0,0,0,1,0,23689
700363,42,0,0,6,0,0,0,1,1,0,0,0,0,0,0,23865,0,1,0,0,0,1,0,0,0,0,0,0,0,0,0,0,0,1,0,23867
700365,42,0,0,6,0,0,0,0,1,0,0,0,0,0,0,18350,0,1,0,0,0,1,0,0,0,0,0,0,0,128,0,0,0,1,0,23572
700396,42,0,0,6,0,0,0,1,1,0,0,0,0,0,0,23547,0,1,0,0,0,1,1,0,0,0,0,0,0,0,0,0,0,1,0,23548
700402,0,0,1,64,0,0,0,0,1,0,0,0,0,0,0,23365,0,1,0,0,0,1,0,0,0,0,0,10,0,0,0,0,0,24,0,23364
700448,42,0,0,6,0,0,0,1,1,0,0,0,0,0,0,22715,0,1,0,0,0,1,0,0,0,0,0,0,0,0,0,0,0,1,0,22716
700475,23,0,0,6,0,0,2000,1,1,0,0,0,0,0,0,22659,0,1,0,0,0,1,0,0,0,0,0,0,0,0,0,0,0,1,0,22652
700493,0,0,0,16,0,0,0,1,1,0,0,0,0,0,0,0,0,1,0,0,0,1,0,0,0,8115,0,0,0,0,0,0,0,21,0,24064
700494,0,0,1,16,0,0,0,1,1,0,0,0,0,0,0,0,0,1,0,0,0,1,0,0,0,8122,0,0,0,0,0,0,0,1,0,24064
700495,23,0,0,6,0,0,4000,1,1,0,0,0,0,0,0,24065,0,1,0,0,0,1,0,0,0,0,0,0,0,0,0,0,0,1,0,24066
700498,23,0,0,6,0,0,5000,1,1,0,0,0,0,0,0,22659,0,1,0,0,0,1,0,0,0,0,0,0,0,0,0,0,0,1,0,22653
700505,42,0,0,6,0,0,0,1,1,0,0,0,0,0,0,22858,0,1,0,0,0,1,0,0,0,0,0,0,0,0,0,0,0,1,0,22857
700530,23,0,0,6,0,0,30000,1,1,0,0,0,0,0,0,22392,0,1,0,0,0,1,1,0,0,0,0,0,0,0,0,0,0,1,0,22391
700538,0,0,0,16,0,0,0,1,1,0,0,0,0,0,0,0,0,1,0,0,0,1,0,0,0,7871,0,0,0,0,0,0,0,1,0,23660
700558,0,0,1,64,0,0,0,1,1,0,0,0,0,0,0,22982,0,1,0,0,0,1,0,0,0,0,0,0,0,0,0,0,0,0,0,22981
700568,0,0,0,64,0,0,0,0,1,0,0,0,0,0,0,24723,0,1,0,0,0,1,0,0,0,0,0,0,0,0,0,0,0,57,0,24724
700589,23,0,2,6,0,0,2000,1,1,0,0,0,0,0,0,23462,0,1,0,0,0,1,0,0,0,0,0,0,0,0,0,0,0,1,0,23342
700598,0,0,0,16,0,0,0,1,1,0,0,0,0,0,0,0,0,1,0,0,0,1,0,0,0,7142,0,0,0,0,0,0,0,21,0,23658
700599,0,0,1,16,0,0,0,1,1,0,0,0,0,0,0,0,0,1,0,0,0,1,0,0,0,7141,0,0,0,0,0,0,0,21,0,23658
700600,0,0,0,16,0,0,0,1,1,0,0,0,0,0,0,0,0,1,0,0,0,1,0,0,0,7872,0,0,0,0,0,0,0,1,0,23659
700684,23,0,1,6,0,0,2000,1,1,0,0,0,0,0,0,23010,0,1,0,0,0,1,0,0,0,0,0,13,0,0,0,0,0,22,15,23009
700687,0,0,1,16,0,0,0,1,1,0,0,0,0,0,0,0,0,1,0,0,0,1,0,0,0,7681,0,0,0,0,0,0,0,1,0,23354
700692,0,0,1,64,0,0,0,1,1,0,0,0,0,0,0,22976,0,1,0,0,0,1,0,0,0,0,0,0,0,0,0,0,0,0,0,22975
700717,23,0,0,6,0,0,15000,1,1,0,0,0,0,0,0,23328,0,1,0,0,0,1,0,0,0,0,0,0,0,0,0,0,0,1,0,23327
700736,0,0,0,64,0,0,0,0,1,0,0,0,0,0,0,25695,0,1,0,0,0,1,0,0,0,0,0,0,0,0,0,0,0,1,0,24411
700737,0,0,1,64,0,0,0,0,1,0,0,0,0,0,0,25696,0,1,0,0,0,1,0,0,0,0,0,0,0,0,0,0,0,1,0,24411
700836,23,0,0,6,0,0,1000,0,1,0,0,0,0,0,0,24827,0,1,0,0,0,1,1,0,0,0,0,0,0,0,0,0,0,1,0,24828
700847,23,0,0,6,0,0,4000,1,1,0,0,0,0,0,0,24086,0,1,0,0,0,1,1,0,0,0,0,0,0,0,0,0,0,1,0,24087
700849,0,0,1,64,0,0,0,1,1,0,0,0,0,0,0,24089,0,1,0,0,0,1,1,0,0,0,0,0,0,0,0,0,0,1,0,24088
700867,23,0,0,6,0,0,2000,1,1,0,0,0,0,0,0,24211,0,1,0,0,0,1,0,0,0,0,0,0,0,0,0,0,0,6,0,24210
700884,0,0,0,16,0,0,0,1,1,0,0,0,0,0,0,0,0,1,0,0,0,1,1,0,0,8354,0,0,0,0,0,0,0,25,0,24875
700894,42,0,1,6,0,0,0,1,1,0,0,0,0,0,0,23781,0,1,0,0,0,1,0,0,0,0,0,0,0,0,0,0,0,1,0,23780
700924,42,0,0,6,0,0,0,0,1,0,0,0,0,0,0,16784,0,1,0,0,0,1,0,0,0,0,0,0,0,0,0,0,0,1,0,23305
700928,0,0,2,64,0,0,0,1,1,0,0,0,0,0,0,24907,0,1,0,0,0,1,0,0,0,0,0,0,0,0,0,0,0,1,0,24858
700988,0,0,1,64,0,0,0,1,1,0,0,0,0,0,0,24316,0,1,0,0,0,1,0,0,0,0,0,0,0,0,0,0,0,6,0,24315
700998,42,0,0,6,0,0,0,0,1,0,0,0,0,0,0,16782,0,1,0,0,0,1,0,0,0,0,0,0,0,0,0,0,0,1,0,23306
701035,0,0,1,16,0,0,0,0,1,0,0,0,0,0,0,0,0,1,0,0,0,1,0,0,0,7843,0,0,0,0,0,0,0,1,0,23514
701048,0,0,1,64,0,0,0,1,1,0,0,0,0,0,0,22730,0,1,0,0,0,1,0,0,0,0,0,0,0,0,0,0,0,1,0,22731
701065,0,0,0,64,0,0,0,0,1,0,0,0,0,0,0,26474,0,1,0,0,0,1,0,0,0,0,0,0,0,0,0,0,0,1,0,23541
701066,0,0,1,64,0,0,0,0,1,0,0,0,0,0,0,26475,0,1,0,0,0,1,0,0,0,0,0,0,0,0,0,0,0,1,0,23541
701103,23,0,0,6,0,0,2000,1,1,0,0,0,0,0,0,24391,0,1,0,0,0,1,0,0,0,0,0,0,0,0,0,0,0,1,0,24390
701106,109,0,0,6,0,0,0,0,1,0,0,0,0,0,0,24405,0,1,0,0,0,1,6,0,0,0,0,0,0,32,0,0,0,1,0,24392
701120,0,0,1,64,0,0,0,1,1,0,0,0,0,0,0,24066,0,1,0,0,0,1,0,0,0,0,0,0,0,0,0,0,0,1,0,24058
701129,0,0,0,16,0,0,0,1,1,0,0,0,0,0,0,0,0,1,0,0,0,1,0,0,0,8114,0,0,0,0,0,0,0,21,0,24061
701130,0,0,1,16,0,0,0,1,1,0,0,0,0,0,0,0,0,1,0,0,0,1,0,0,0,8121,0,0,0,0,0,0,0,1,0,24061
701132,0,0,0,64,0,0,0,0,1,0,0,0,0,0,0,26401,0,1,0,0,0,1,0,0,0,0,0,0,0,0,0,0,0,1,0,24384
701133,0,0,1,64,0,0,0,0,1,0,0,0,0,0,0,26402,0,1,0,0,0,1,0,0,0,0,0,0,0,0,0,0,0,1,0,24384
701140,0,0,1,64,0,0,0,1,1,0,0,0,0,0,0,22977,0,1,0,0,0,1,0,0,0,0,0,0,0,0,0,0,0,0,0,22976
701143,0,0,1,64,0,0,0,1,1,0,0,0,0,0,0,22979,0,1,0,0,0,1,0,0,0,0,0,0,0,0,0,0,0,0,0,22978
701193,0,0,1,64,0,0,0,0,1,0,0,0,0,0,0,30003,0,1,0,0,0,1,0,0,0,0,0,0,0,0,0,0,0,1,0,24417
701205,23,0,0,6,0,0,8000,1,1,0,0,0,0,0,0,23969,0,1,0,0,0,1,0,0,0,0,0,0,0,0,0,0,0,1,0,23968
701233,23,0,0,6,0,0,2000,1,1,0,0,0,0,0,0,24345,0,1,0,0,0,1,0,0,0,0,0,0,0,0,0,0,0,1,0,24344
701246,23,0,0,6,0,0,3000,0,1,0,0,0,0,0,0,23244,0,1,0,0,0,1,1,0,0,0,0,0,0,0,0,0,0,1,0,23245
701262,23,0,0,6,0,0,3000,0,1,0,0,0,0,0,0,24311,0,1,0,0,0,1,0,0,0,0,0,0,0,0,0,0,0,1,0,24310
701293,23,0,0,6,0,0,5000,1,1,0,0,0,0,0,0,23415,0,1,0,0,0,1,0,0,0,0,0,0,12,0,0,0,0,22,15,23418
701326,23,0,0,6,0,0,1000,0,1,0,0,0,0,0,0,15589,0,1,0,0,0,1,0,0,0,0,0,0,0,0,0,0,0,1,0,24236
701351,23,0,0,6,0,0,1000,1,1,0,0,0,0,0,0,24615,0,1,0,0,0,1,0,0,0,0,0,0,0,0,0,0,0,1,0,24614
701371,0,0,2,16,0,0,0,0,1,0,0,0,0,0,0,0,0,1,0,0,0,1,0,0,0,8240,0,0,0,0,0,0,0,1,0,24377
701391,42,0,2,6,0,0,0,0,1,0,0,0,0,0,0,9204,0,1,0,0,0,1,0,0,0,0,0,0,0,0,0,0,0,1,0,23537
701413,0,0,0,64,0,0,0,0,1,0,0,0,0,0,0,26260,0,1,0,0,0,1,0,0,0,0,0,0,0,0,0,0,0,1,0,23692
701414,0,0,1,64,0,0,0,0,1,0,0,0,0,0,0,26261,0,1,0,0,0,1,0,0,0,0,0,0,0,0,0,0,0,1,0,23692
701417,0,0,0,64,0,0,0,0,1,0,0,0,0,0,0,25695,0,1,0,0,0,1,0,0,0,0,0,0,0,0,0,0,0,1,0,23540
701418,0,0,1,64,0,0,0,0,1,0,0,0,0,0,0,25696,0,1,0,0,0,1,0,0,0,0,0,0,0,0,0,0,0,1,0,23540
701464,0,0,1,16,0,0,0,1,1,0,0,0,0,0,0,0,0,1,0,0,0,1,0,0,0,8149,0,0,0,0,0,0,0,1,0,24107
701471,42,0,0,6,0,0,0,1,1,0,0,0,0,0,0,23722,0,1,0,0,0,1,0,0,0,0,0,0,0,0,0,0,0,1,0,23721
701497,42,0,0,6,0,0,0,0,1,0,0,0,0,0,0,23864,0,1,0,0,0,1,0,0,0,0,0,0,0,0,0,0,0,1,0,23863
701501,0,0,0,64,0,0,0,0,1,0,0,0,0,0,0,26472,0,1,0,0,0,1,0,0,0,0,0,0,0,0,0,0,0,1,0,24409
701502,0,0,1,64,0,0,0,0,1,0,0,0,0,0,0,26473,0,1,0,0,0,1,0,0,0,0,0,0,0,0,0,0,0,0,0,24409
701503,0,0,0,64,0,0,0,0,1,0,0,0,0,0,0,26474,0,1,0,0,0,1,0,0,0,0,0,0,0,0,0,0,0,1,0,24410
701504,0,0,1,64,0,0,0,0,1,0,0,0,0,0,0,26475,0,1,0,0,0,1,0,0,0,0,0,0,0,0,0,0,0,1,0,24410
701520,23,0,0,6,0,0,10000,1,1,0,0,0,0,0,0,24622,0,1,0,0,0,1,1,0,0,0,0,0,0,0,0,0,0,1,0,24620
701522,42,0,0,6,0,0,0,0,1,0,0,0,0,0,0,23256,0,1,0,0,0,1,0,0,0,0,0,0,0,0,0,0,0,1,0,23255
701524,42,0,0,6,0,0,0,1,1,0,0,0,0,0,0,23577,0,1,0,0,0,1,1,0,0,0,0,0,0,0,0,0,0,1,0,23578
701544,23,0,0,6,0,0,3000,0,1,0,0,0,0,0,0,23790,0,1,0,0,0,1,0,0,0,0,0,0,0,0,0,0,0,1,0,23792
701547,23,0,1,6,0,0,10000,1,1,0,0,0,0,0,0,24799,0,1,0,0,0,1,0,0,0,0,0,0,0,0,0,0,0,1,0,24800
701558,0,0,2,64,0,0,0,1,1,0,0,0,0,0,0,6608,0,1,0,0,0,1,0,0,0,0,0,9,0,0,0,0,0,22,15,25425
701582,23,0,0,6,0,0,5000,1,1,0,0,0,0,0,0,24246,0,1,0,0,0,1,0,0,0,0,0,0,0,0,0,0,0,1,0,24247
701590,23,0,0,6,0,0,1000,0,1,0,0,0,0,0,0,25346,0,1,0,0,0,1,0,0,0,0,0,0,0,0,0,0,0,1,0,25345
701628,0,0,1,16,0,0,0,1,1,0,0,0,0,0,0,0,0,1,0,0,0,1,0,0,0,8150,0,0,0,0,0,0,0,1,0,24101
701640,0,0,2,16,0,0,0,0,1,0,0,0,0,0,0,0,0,1,0,0,0,1,0,0,0,8373,0,0,0,0,0,0,0,1,0,24973
701641,23,0,0,6,0,0,1000,1,1,0,0,0,0,0,0,24778,0,1,0,0,0,1,0,0,0,0,0,0,0,0,0,0,0,1,0,24777
701660,0,0,1,64,0,0,0,0,1,0,0,0,0,0,0,29275,0,1,0,0,0,1,0,0,0,0,0,0,0,0,0,0,0,0,0,24658
701662,23,0,0,6,0,0,10000,1,1,0,0,0,0,0,0,24781,0,1,0,0,0,1,0,0,0,0,0,0,0,0,0,0,0,1,0,24780
701665,0,0,1,16,0,0,0,1,1,0,0,0,0,0,0,0,0,1,0,0,0,1,0,0,0,8150,0,0,0,0,0,0,0,1,0,24102
701667,0,0,1,16,0,0,0,1,1,0,0,0,0,0,0,0,0,1,0,0,0,1,0,0,0,8150,0,0,0,0,0,0,0,1,0,24103
701669,0,0,1,16,0,0,0,1,1,0,0,0,0,0,0,0,0,1,0,0,0,1,0,0,0,8150,0,0,0,0,0,0,0,1,0,24104
701672,0,0,1,16,0,0,0,1,1,0,0,0,0,0,0,0,0,1,0,0,0,1,0,0,0,8149,0,0,0,0,0,0,0,1,0,24105
701675,0,0,1,16,0,0,0,1,1,0,0,0,0,0,0,0,0,1,0,0,0,1,0,0,0,8149,0,0,0,0,0,0,0,1,0,24106
701754,23,0,0,6,0,0,1000,1,1,0,0,0,0,0,0,24788,0,1,0,0,0,1,0,0,0,0,0,0,0,0,0,0,0,25,0,24791
701772,23,0,0,6,0,0,1000,1,1,0,0,0,0,0,0,24784,0,1,0,0,0,1,0,0,0,0,0,0,0,0,0,0,0,25,0,24785
701775,23,0,0,6,0,0,1000,1,1,0,0,0,0,0,0,24786,0,1,0,0,0,1,0,0,0,0,0,0,0,0,0,0,0,25,0,24787
701815,0,0,0,64,0,0,0,0,1,0,0,0,0,0,0,26472,0,1,0,0,0,1,0,0,0,0,0,0,0,0,0,0,0,1,0,23542
701816,0,0,1,64,0,0,0,0,1,0,0,0,0,0,0,26473,0,1,0,0,0,1,0,0,0,0,0,0,0,0,0,0,0,1,0,23542
701835,23,0,0,6,0,0,1000,1,1,0,0,0,0,0,0,24789,0,1,0,0,0,1,0,0,0,0,0,0,0,0,0,0,0,25,0,24792
701858,23,0,0,6,0,0,1000,1,1,0,0,0,0,0,0,24790,0,1,0,0,0,1,0,0,0,0,0,0,0,0,0,0,0,25,0,24793
701864,23,0,0,6,0,0,1000,1,1,0,0,0,0,0,0,24722,0,1,0,0,0,1,1,0,0,0,0,0,0,0,0,0,0,1,0,24716
701871,23,0,0,6,0,0,10000,1,1,0,0,0,0,0,0,25042,0,1,0,0,0,1,0,0,0,0,0,0,0,0,0,0,0,1,0,25041
701968,23,0,0,6,0,0,1000,0,1,0,0,0,0,0,0,26686,0,1,0,0,0,1,0,0,0,0,0,0,0,0,0,0,0,1,0,26038
701972,23,0,0,6,0,0,1000,1,1,0,0,0,0,0,0,24019,0,1,0,0,0,1,0,0,0,0,0,0,0,0,0,0,0,1,0,24018
701973,23,0,1,6,0,0,1000,1,1,0,0,0,0,0,0,24071,0,1,0,0,0,1,0,0,0,0,0,0,0,0,0,0,0,1,0,24018
701975,23,0,0,6,0,0,1000,1,1,0,0,0,0,0,0,24062,0,1,0,0,0,1,0,0,0,0,0,0,0,0,0,0,0,1,0,24065
702017,42,0,0,6,0,0,0,1,1,0,0,0,0,0,0,24050,0,1,0,0,0,1,0,0,0,0,0,0,0,0,0,0,0,1,0,24051
702027,42,0,0,6,0,0,0,0,1,0,0,0,0,0,0,24590,0,1,0,0,0,1,0,0,0,0,0,0,0,0,0,0,0,1,0,24574
702028,0,0,1,64,0,0,0,0,1,0,0,0,0,0,0,29284,0,1,0,0,0,1,0,0,0,0,0,0,0,0,0,0,0,1,0,24574
702164,0,0,0,64,0,0,0,0,1,0,0,0,0,0,0,24740,0,1,0,0,0,1,0,0,0,0,0,0,0,0,0,0,0,57,0,24741
702175,42,0,0,6,0,0,0,0,1,0,0,0,0,0,0,26129,0,1,0,0,0,1,1,0,0,0,0,0,0,0,0,0,0,1,0,26128
702196,0,0,2,64,0,0,0,1,1,0,0,0,0,0,0,12021,0,1,0,0,0,1,0,0,0,0,0,0,0,0,0,0,0,6,0,24023
702222,23,0,0,6,0,0,1000,1,1,0,0,0,0,0,0,24744,0,1,0,0,0,1,0,0,0,0,0,0,0,0,0,0,0,25,0,24747
702229,42,0,0,6,0,0,0,0,1,0,0,0,0,0,0,26121,0,1,0,0,0,1,1,0,0,0,0,0,0,0,0,0,0,1,0,26119
702302,0,0,0,64,0,0,0,0,1,0,0,0,0,0,0,24732,0,1,0,0,0,1,0,0,0,0,0,0,0,0,0,0,0,57,0,24733
702347,23,0,0,6,0,0,5000,1,1,0,0,0,0,0,0,24250,0,1,0,0,0,1,0,0,0,0,0,0,0,0,0,0,0,1,0,24249
702376,23,0,0,6,0,0,1000,1,1,0,0,0,0,0,0,24772,0,1,0,0,0,1,0,0,0,0,0,0,0,0,0,0,0,25,0,24773
702379,0,0,0,64,0,0,0,1,1,0,0,0,0,0,0,25702,0,1,0,0,0,1,0,0,0,0,0,0,0,0,0,0,0,1,0,25690
702380,0,0,1,64,0,0,0,1,1,0,0,0,0,0,0,25703,0,1,0,0,0,1,0,0,0,0,0,0,0,0,0,0,0,1,0,25690
702385,42,0,0,6,0,0,0,0,1,0,0,0,0,0,0,24948,0,1,0,0,0,1,0,0,0,0,0,0,0,0,0,0,0,1,0,24949
702412,0,0,1,64,0,0,0,1,1,0,0,0,0,0,0,26479,0,1,0,0,0,1,0,0,0,0,0,0,0,0,0,0,0,1,0,26220
702466,42,0,0,6,0,0,0,1,1,0,0,0,0,0,0,25758,0,1,0,0,0,1,0,0,0,0,0,0,0,0,0,0,0,1,0,25757
702499,23,0,0,6,0,0,1000,0,1,0,0,0,0,0,0,25032,0,1,0,0,0,1,0,0,0,0,0,0,0,0,0,0,0,1,0,25026
702523,0,0,2,64,0,0,0,1,1,0,0,0,0,0,0,25999,0,1,0,0,0,1,0,0,0,0,0,0,0,0,0,0,0,6,0,26201
702525,42,0,0,6,0,0,0,0,1,0,0,0,0,0,0,25907,0,1,0,0,0,1,100,0,0,0,0,0,0,0,0,0,0,1,0,25906
702528,23,0,0,6,0,0,1000,1,1,0,0,0,0,0,0,26093,0,1,0,0,0,1,0,0,0,0,0,0,0,0,0,0,0,1,0,26092
702547,0,0,1,64,0,0,0,0,1,0,0,0,0,0,0,11008,0,1,0,0,0,1,0,0,0,0,0,0,0,0,0,0,0,1,0,25037
702555,42,0,0,6,0,0,0,0,1,0,0,0,0,0,0,25022,0,1,0,0,0,1,0,0,0,0,0,0,0,0,0,0,0,1,0,25023
702567,0,0,0,64,0,0,0,0,1,0,0,0,0,0,0,29039,0,1,0,0,0,1,0,0,0,0,0,0,0,0,0,0,0,1,0,29029
702568,0,0,1,64,0,0,0,0,1,0,0,0,0,0,0,29038,0,1,0,0,0,1,0,0,0,0,0,0,0,0,0,0,0,1,0,29029
702573,42,0,0,6,0,0,0,0,1,0,0,0,0,0,0,27499,0,1,0,0,0,1,1,0,0,0,0,0,0,0,0,0,0,1,0,27498
702581,23,0,2,6,0,0,2000,1,1,0,0,0,0,0,0,26052,0,1,0,0,0,1,0,0,0,0,0,0,0,0,0,0,0,1,0,26068
702613,23,0,0,6,0,0,1000,1,1,0,0,0,0,0,0,24734,0,1,0,0,0,1,0,0,0,0,0,0,0,0,0,0,0,25,0,24745
702686,23,0,0,6,0,0,60000,1,1,0,0,0,0,0,0,26217,0,1,0,0,0,1,0,0,0,0,0,0,0,0,0,0,0,1,0,26213
702687,23,0,0,6,0,0,1000,1,1,0,0,0,0,0,0,24768,0,1,0,0,0,1,0,0,0,0,0,0,0,0,0,0,0,25,0,24769
702690,23,0,0,6,0,0,1000,1,1,0,0,0,0,0,0,24770,0,1,0,0,0,1,0,0,0,0,0,0,0,0,0,0,0,25,0,24771
702694,23,0,0,6,0,0,10000,1,1,0,0,0,0,0,0,26237,0,1,0,0,0,1,0,0,0,0,0,0,0,0,0,0,0,1,0,26236
702703,42,0,1,6,0,0,0,0,1,0,0,0,0,0,0,6150,0,1,0,0,0,1,0,0,0,0,0,0,0,0,0,0,0,1,0,25296
702710,23,0,0,6,0,0,1000,0,1,0,0,0,0,0,0,25161,0,1,0,0,0,1,1,0,0,0,0,0,0,0,0,0,0,1,0,25160
702721,23,0,0,6,0,0,1000,0,1,0,0,0,0,0,0,26084,0,1,0,0,0,1,0,0,0,0,0,0,0,0,0,0,0,1,0,26083
702724,23,0,0,6,0,0,5000,0,1,0,0,0,0,0,0,24929,0,1,0,0,0,1,0,0,0,0,0,0,0,0,0,0,0,6,0,24928
702749,0,0,1,64,0,0,0,0,1,0,0,0,0,0,0,11009,0,1,0,0,0,1,0,0,0,0,0,0,0,0,0,0,0,1,0,25804
702785,42,0,0,6,0,0,0,1,1,0,0,0,0,0,0,26975,0,1,0,0,0,1,20,0,0,0,0,0,0,0,0,0,0,1,0,26135
702808,23,0,0,6,0,0,1000,1,1,0,0,0,0,0,0,24765,0,1,0,0,0,1,0,0,0,0,0,0,0,0,0,0,0,25,0,24766
702829,23,0,1,6,0,0,10000,1,1,0,0,0,0,0,0,25694,0,1,0,0,0,1,0,0,0,0,0,0,0,0,0,0,0,1,0,25703
702910,23,0,0,6,0,0,6000,1,1,0,0,0,0,0,0,25699,0,1,0,0,0,1,0,0,0,0,0,0,0,0,0,0,0,1,0,25698
702931,23,0,0,6,0,0,1000,1,1,0,0,0,0,0,0,25153,0,1,0,0,0,1,0,0,0,0,0,0,0,0,0,0,0,1,0,25152
702940,0,0,0,16,0,0,0,1,1,0,0,0,0,0,0,0,0,1,0,0,0,1,0,0,0,8305,0,12,0,0,0,0,0,22,7,25201
702943,23,0,0,6,0,0,1000,1,1,0,0,0,0,0,0,24758,0,1,0,0,0,1,0,0,0,0,0,0,0,0,0,0,0,25,0,24759
702954,23,0,1,6,0,0,10000,1,1,0,0,0,0,0,0,25941,0,1,0,0,0,1,0,0,0,0,0,0,0,0,0,0,0,1,0,25889
702965,23,0,0,6,0,0,1000,1,1,0,0,0,0,0,0,24760,0,1,0,0,0,1,0,0,0,0,0,0,0,0,0,0,0,25,0,24761
702966,23,0,0,6,0,0,1000,1,1,0,0,0,0,0,0,24763,0,1,0,0,0,1,0,0,0,0,0,0,0,0,0,0,0,25,0,24762
702977,42,0,0,6,0,0,0,0,1,0,0,0,0,0,0,24241,0,1,0,0,0,1,100,0,0,0,0,0,0,0,0,0,0,1,0,25669
702980,0,0,2,64,0,0,0,1,1,0,0,0,0,0,0,25999,0,1,0,0,0,1,0,0,0,0,0,0,0,0,0,0,0,6,0,26179
702984,23,0,2,6,0,0,5000,1,1,0,0,0,0,0,0,18327,0,1,0,0,0,1,0,0,0,0,0,0,0,0,0,0,0,1,0,26041
702988,23,0,2,6,0,0,4000,1,1,0,0,0,0,0,0,26052,0,1,0,0,0,1,0,0,0,0,0,0,0,0,0,0,0,1,0,26051
702997,42,0,0,6,0,0,0,0,1,0,0,0,0,0,0,9204,0,1,0,0,0,1,1,0,0,0,0,0,0,0,0,0,0,1,0,25592
703059,23,0,0,6,0,0,900000,1,1,0,0,0,0,0,0,24984,0,1,0,0,0,1,1,0,0,0,0,0,0,0,0,0,0,1,0,24983
703071,23,0,0,6,0,0,3000,0,1,0,0,0,0,0,0,29233,0,1,0,0,0,1,3,0,0,0,0,0,0,33554432,0,0,0,1,0,26176
703077,23,0,0,6,0,0,2000,1,1,0,0,0,0,0,0,25002,0,1,0,0,0,1,0,0,0,0,0,0,0,0,0,0,0,1,0,25001
703086,0,0,0,64,0,0,0,1,1,0,0,0,0,0,0,25888,0,1,0,0,0,1,0,0,0,0,0,0,0,0,0,0,0,1,0,25691
703087,0,0,1,64,0,0,0,1,1,0,0,0,0,0,0,25889,0,1,0,0,0,1,0,0,0,0,0,0,0,0,0,0,0,1,0,25691
703088,0,0,0,64,0,0,0,0,1,0,0,0,0,0,0,25700,0,1,0,0,0,1,0,0,0,0,0,0,0,0,0,0,0,1,0,25692
703089,0,0,1,64,0,0,0,0,1,0,0,0,0,0,0,25701,0,1,0,0,0,1,0,0,0,0,0,0,0,0,0,0,0,1,0,25692
703090,0,0,0,64,0,0,0,0,1,0,0,0,0,0,0,25886,0,1,0,0,0,1,0,0,0,0,0,0,0,0,0,0,0,1,0,25693
703091,0,0,1,64,0,0,0,0,1,0,0,0,0,0,0,25887,0,1,0,0,0,1,0,0,0,0,0,0,0,0,0,0,0,1,0,25693
703092,23,0,0,6,0,0,1000,1,1,0,0,0,0,0,0,25029,0,1,0,0,0,1,0,0,0,0,0,0,0,0,0,0,0,1,0,25027
703093,0,0,1,64,0,0,0,1,1,0,0,0,0,0,0,25029,0,1,0,0,0,1,0,0,0,0,0,0,0,0,0,0,0,1,0,25027
703097,0,0,1,64,0,0,0,0,1,0,0,0,0,0,0,11008,0,1,0,0,0,1,0,0,0,0,0,0,0,0,0,0,0,1,0,25722
703110,0,0,1,64,0,0,0,1,1,0,0,0,0,0,0,25023,0,1,0,0,0,1,0,0,0,0,0,0,0,0,0,0,0,1,0,24924
703169,23,0,0,6,0,0,1000,1,1,0,0,0,0,0,0,24756,0,1,0,0,0,1,0,0,0,0,0,0,0,0,0,0,0,25,0,24757
703193,23,0,0,6,0,0,8000,1,1,0,0,0,0,0,0,26398,0,1,0,0,0,1,0,0,0,0,0,0,0,0,0,0,0,1,0,26397
703207,0,0,0,16,0,0,0,1,1,0,0,0,0,0,0,0,0,1,0,0,0,1,0,0,0,8868,0,0,0,0,0,0,0,1,0,26394
703272,0,0,1,64,0,0,0,1,1,0,0,0,0,0,0,20615,0,1,0,0,0,1,0,0,0,0,0,0,0,0,0,0,0,6,0,27577
703275,23,0,0,6,0,0,1000,1,1,0,0,0,0,0,0,27583,0,1,0,0,0,1,1,0,0,0,0,0,0,0,0,0,0,6,0,27582
703283,42,0,0,6,0,0,0,1,1,0,0,0,0,0,0,20167,0,1,0,0,0,1,1,0,0,0,0,0,0,0,0,0,0,1,0,26376
703331,23,0,0,6,0,0,15000,0,1,0,0,0,0,0,0,28373,0,1,0,0,0,1,0,0,0,0,0,0,0,0,0,0,0,1,0,28395
703384,23,0,0,6,0,0,60000,1,1,0,0,0,0,0,0,27600,0,1,0,0,0,1,0,0,0,0,0,0,0,0,0,0,0,1,0,27601
703404,42,0,0,6,0,0,0,1,1,0,0,0,0,0,0,27868,0,1,0,0,0,1,1,0,0,0,0,0,0,0,0,0,0,1,0,27867
703407,23,0,0,6,0,0,2000,0,1,0,0,0,0,0,0,28335,0,1,0,0,0,1,0,0,0,0,0,0,0,0,0,0,0,1,0,28334
703440,0,0,1,64,0,0,0,0,1,0,0,0,0,0,0,29124,0,1,0,0,0,1,0,0,0,0,0,0,0,0,0,0,0,1,0,28406
703444,23,0,0,6,0,0,3000,0,1,0,0,0,0,0,0,27042,0,1,0,0,0,1,0,0,0,0,0,0,0,0,0,0,0,1,0,27043
703447,23,0,0,6,0,0,1000,0,1,0,0,0,0,0,0,28110,0,1,0,0,0,1,0,0,0,0,0,0,0,0,0,0,0,1,0,28109
703458,23,0,0,6,0,0,120000,1,1,0,0,0,0,0,0,27741,0,1,0,0,0,1,0,0,0,0,0,0,0,0,0,0,0,1,0,27654
703484,23,0,0,6,0,0,3000,0,1,0,0,0,0,0,0,27039,0,1,0,0,0,1,0,0,0,0,0,0,0,0,0,0,0,1,0,27038
703500,0,0,1,64,0,0,0,1,1,0,0,0,0,0,0,25023,0,1,0,0,0,1,0,0,0,0,0,0,0,0,0,0,0,1,0,26387
703514,23,0,0,6,0,0,10000,1,1,0,0,0,0,0,0,26543,0,1,0,0,0,1,0,0,0,0,0,0,0,0,0,0,0,1,0,26542
703520,42,0,0,6,0,0,0,0,1,0,0,0,0,0,0,26465,0,1,0,0,0,1,0,0,0,0,0,0,0,0,0,0,0,1,0,26463
703521,0,0,1,64,0,0,0,0,1,0,0,0,0,0,0,29286,0,1,0,0,0,1,0,0,0,0,0,0,0,0,0,0,0,1,0,26463
703530,23,0,0,6,0,0,10000,0,1,0,0,0,0,0,0,28315,0,1,0,0,0,1,1,0,0,0,0,18,0,0,0,0,0,15,0,28313
703544,42,0,0,6,0,0,0,0,1,0,0,0,0,0,0,26481,0,1,0,0,0,1,0,0,0,0,0,0,0,0,0,0,0,1,0,26480
703547,23,0,0,6,0,0,35000,0,1,0,0,0,0,0,0,28345,0,1,0,0,0,1,0,0,0,0,0,0,0,0,0,0,0,1,0,28346
703559,42,0,0,6,0,0,0,0,1,0,0,0,0,0,0,13567,0,1,0,0,0,1,0,0,0,0,0,0,0,0,0,0,0,1,0,26467
703571,23,0,0,6,0,0,1000,0,1,0,0,0,0,0,0,28297,0,1,0,0,0,1,1,0,0,0,0,0,0,0,0,0,0,1,0,28298
703605,42,0,0,6,0,0,0,0,1,0,0,0,0,0,0,18350,0,1,0,0,0,1,100,0,0,0,0,0,0,0,0,0,0,1,0,27522
703619,23,0,0,6,0,0,1000,1,1,0,0,0,0,0,0,25850,0,1,0,0,0,1,0,0,0,0,0,0,0,0,0,0,0,1,0,25864
703623,42,0,0,6,0,0,0,0,1,0,0,0,0,0,0,26641,0,1,0,0,0,1,1,0,0,0,0,0,0,0,0,0,0,1,0,25820
703644,23,0,1,6,0,0,10000,0,1,0,0,0,0,0,0,25661,0,1,0,0,0,1,0,0,0,0,0,0,0,0,0,0,0,1,0,25660
703649,0,0,1,64,0,0,0,1,1,0,0,0,0,0,0,28445,0,1,0,0,0,1,0,0,0,0,0,0,0,0,0,0,0,6,0,27634
703659,23,0,0,6,0,0,15000,1,1,0,0,0,0,0,0,26264,0,1,0,0,0,1,0,0,0,0,0,0,0,0,0,0,0,1,0,26270
703715,0,0,0,64,0,0,0,0,1,0,0,0,0,0,0,11329,0,1,0,0,0,1,0,0,0,0,0,0,0,0,0,0,0,1,0,27617
703716,0,0,1,64,0,0,0,0,1,0,0,0,0,0,0,18461,0,1,0,0,0,1,0,0,0,0,0,0,0,0,0,0,0,1,0,27617
703765,42,0,0,6,0,0,0,0,1,0,0,0,0,0,0,25768,0,1,0,0,0,1,100,0,0,0,0,0,0,0,0,0,0,1,0,25767
703775,42,0,0,6,0,0,0,1,1,0,0,0,0,0,0,25943,0,1,0,0,0,1,0,0,0,0,0,0,0,0,0,0,0,1,0,25942
703787,42,0,0,6,0,0,0,0,1,0,0,0,0,0,0,26339,0,1,0,0,0,1,0,0,0,0,0,0,0,0,0,0,0,1,0,26341
703808,0,0,1,64,0,0,0,0,1,0,0,0,0,0,0,6608,0,1,0,0,0,1,0,0,0,0,0,0,0,0,0,0,0,6,0,25852
703819,0,0,2,64,0,0,0,1,1,0,0,0,0,0,0,25999,0,1,0,0,0,1,0,0,0,0,0,0,0,0,0,0,0,6,0,27685
703822,42,0,0,6,0,0,0,1,1,0,0,0,0,0,0,23684,0,1,0,0,0,1,100,0,0,0,0,0,0,0,0,0,0,1,0,27521
703879,42,0,0,6,0,0,0,1,1,0,0,0,0,0,0,25944,0,1,0,0,0,1,0,0,0,0,0,0,0,0,0,0,0,1,0,25945
703889,23,0,0,6,0,0,30000,1,1,0,0,0,0,0,0,26264,0,1,0,0,0,1,0,0,0,0,0,0,0,0,0,0,0,1,0,26268
703892,23,0,0,6,0,0,10000,1,1,0,0,0,0,0,0,26256,0,1,0,0,0,1,0,0,0,0,0,0,0,0,0,0,0,1,0,26255
703944,23,0,0,6,0,0,3000,0,1,0,0,0,0,0,0,26557,0,1,0,0,0,1,1,0,0,0,0,0,0,0,0,0,0,6,0,26556
703969,23,0,0,6,0,0,2000,1,1,0,0,0,0,0,0,27383,0,1,0,0,0,1,0,0,0,0,0,0,0,0,0,0,0,1,0,27382
703975,23,0,0,6,0,0,2000,0,1,0,0,0,0,0,0,25819,0,1,0,0,0,1,1,0,0,0,0,0,0,0,0,0,0,1,0,25818
704040,23,0,0,6,0,0,60000,0,1,0,0,0,0,0,0,28091,0,1,0,0,0,1,0,0,0,0,0,0,0,0,0,0,0,1,0,28095
704050,23,0,0,6,0,0,3000,0,1,0,0,0,0,0,0,28415,0,1,0,0,0,1,0,0,0,0,0,0,0,0,0,0,0,1,0,28425
704054,23,0,0,6,0,0,25000,0,1,0,0,0,0,0,0,28008,0,1,0,0,0,1,0,0,0,0,0,0,12,0,0,0,0,22,7,28009
704056,23,0,0,6,0,0,30000,0,1,0,0,0,0,0,0,28010,0,1,0,0,0,1,0,0,0,0,0,0,12,0,0,0,0,22,7,28011
704082,42,0,0,6,0,0,0,0,1,0,0,0,0,0,0,28204,0,1,0,0,0,1,0,0,0,0,0,0,0,0,0,0,0,1,0,28200
704085,42,0,0,6,0,0,0,0,1,0,0,0,0,0,0,29502,0,1,0,0,0,1,0,0,0,0,0,0,0,0,0,0,0,1,0,29501
704110,23,0,0,6,0,0,6000,0,1,0,0,0,0,0,0,28217,0,1,0,0,0,1,0,0,0,0,0,0,0,0,0,0,0,1,0,28216
704126,23,0,0,6,0,0,3600000,1,1,0,0,0,0,0,0,27886,0,1,0,0,0,1,0,0,0,0,0,0,0,0,0,0,0,1,0,27888
704133,23,0,0,6,0,0,7200000,0,1,0,0,0,0,0,0,28020,0,1,0,0,0,1,0,0,0,0,0,13,0,0,0,0,0,22,8,28018
704160,23,0,0,6,0,0,90000,1,1,0,0,0,0,0,0,26869,0,1,0,0,0,1,0,0,0,0,0,0,0,0,0,0,0,1,0,27742
704189,23,0,0,6,0,0,3000,1,1,0,0,0,0,0,0,27205,0,1,0,0,0,1,0,0,0,0,0,0,0,0,0,0,0,1,0,27206
704192,42,0,0,6,0,0,0,0,1,0,0,0,0,0,0,21330,0,1,0,0,0,1,1,0,0,0,0,0,0,0,0,0,0,1,0,27780
704199,23,0,0,6,0,0,2000,0,1,0,0,0,0,0,0,28341,0,1,0,0,0,1,1,0,0,0,0,0,0,0,0,0,0,1,0,28340
704203,23,0,0,6,0,0,1000,0,1,0,0,0,0,0,0,28241,0,1,0,0,0,1,0,0,0,0,0,0,0,0,0,0,0,1,0,28158
704205,23,0,0,6,0,0,3000,0,1,0,0,0,0,0,0,28153,0,1,0,0,0,1,1,0,0,0,0,0,0,0,0,0,0,1,0,28156
704210,23,0,0,6,0,0,2000,1,1,0,0,0,0,0,0,28115,0,1,0,0,0,1,0,0,0,0,0,0,0,0,0,0,0,1,0,28114
704222,23,0,1,6,0,0,2000,0,1,0,0,0,0,0,0,28479,0,1,0,0,0,1,0,0,0,0,0,0,0,0,0,0,0,1,0,28498
704239,23,0,0,6,0,0,1000,1,1,0,0,0,0,0,0,27673,0,1,0,0,0,1,1,0,0,0,0,0,0,0,0,0,0,1,0,27672
704241,23,0,0,6,0,0,3000,0,1,0,0,0,0,0,0,27208,0,1,0,0,0,1,0,0,0,0,0,0,0,0,0,0,0,1,0,27225
704249,23,0,0,6,0,0,20000,0,1,0,0,0,0,0,0,27884,0,1,0,0,0,1,0,0,0,0,0,12,0,0,0,0,0,22,7,28007
704263,23,0,0,6,0,0,10000,1,1,0,0,0,0,0,0,28389,0,1,0,0,0,1,1,0,0,0,0,0,0,0,0,0,0,1,0,28384
704271,23,0,0,6,0,0,600000,0,1,0,0,0,0,0,0,28091,0,1,0,0,0,1,0,0,0,0,0,0,0,0,0,0,0,1,0,28292
704274,42,0,0,6,0,0,0,1,1,0,0,0,0,0,0,27418,0,1,0,0,0,1,0,0,0,0,0,0,0,0,0,0,0,1,0,27419
704276,23,0,0,6,0,0,1000,0,1,0,0,0,0,0,0,28098,0,1,0,0,0,1,0,0,0,0,0,0,0,0,0,0,0,1,0,28097
704286,23,0,0,6,0,0,10000,0,1,0,0,0,0,0,0,28455,0,1,0,0,0,1,0,0,0,0,0,0,0,0,0,0,0,1,0,28453
704290,23,0,0,6,0,0,2000,0,1,0,0,0,0,0,0,28531,0,1,0,0,0,1,0,0,0,0,0,0,0,0,0,0,0,1,0,28529
704330,23,0,0,6,0,0,3000,0,1,0,0,0,0,0,0,28236,0,1,0,0,0,1,0,0,0,0,0,0,0,0,0,0,0,1,0,28235
704345,23,0,0,6,0,0,1000,0,1,0,0,0,0,0,0,28000,0,1,0,0,0,1,0,0,0,0,0,0,0,0,0,0,0,1,0,27999
704370,23,0,0,6,0,0,5000,1,1,0,0,0,0,0,0,27885,0,1,0,0,0,1,0,0,0,0,0,0,0,0,0,0,0,1,0,27887
704375,23,0,0,6,0,0,2000,0,1,0,0,0,0,0,0,28334,0,1,0,0,0,1,0,0,0,0,0,0,0,0,0,0,0,1,0,28333
704395,0,0,1,64,0,0,0,0,1,0,0,0,0,0,0,29318,0,1,0,0,0,1,0,0,0,0,0,0,0,0,0,0,0,0,0,28524
704396,0,0,2,64,0,0,0,0,1,0,0,0,0,0,0,30132,0,1,0,0,0,1,0,0,0,0,0,0,0,0,0,0,0,0,0,28524
704417,23,0,0,6,0,0,300000,1,1,0,0,0,0,0,0,27657,0,1,0,0,0,1,0,0,0,0,0,0,0,0,0,0,0,1,0,26869
704418,23,0,0,6,0,0,600000,1,1,0,0,0,0,0,0,27742,0,1,0,0,0,1,0,0,0,0,0,0,0,0,0,0,0,1,0,26870
704420,23,0,0,6,0,0,1000,0,1,0,0,0,0,0,0,27604,0,1,0,0,0,1,1,0,0,0,0,0,0,0,0,0,0,1,0,27603
704437,42,0,0,6,0,0,0,0,1,0,0,0,0,0,0,27655,0,1,0,0,0,1,0,0,0,0,0,0,0,0,0,0,0,1,0,27656
704455,42,0,0,6,0,0,0,1,1,0,0,0,0,0,0,27777,0,1,0,0,0,1,1,0,0,0,0,0,0,0,0,0,0,1,0,27776
704456,23,0,0,6,0,0,10000,1,1,0,0,0,0,0,0,25989,0,1,0,0,0,1,1,0,0,0,0,0,0,0,0,0,0,1,0,26575
704517,23,0,0,6,0,0,1000,1,1,0,0,0,0,0,0,24320,0,1,0,0,0,1,0,0,0,0,0,0,0,0,0,0,0,1,0,26744
704519,42,0,0,6,0,0,0,0,1,0,0,0,0,0,0,29199,0,1,0,0,0,1,1,0,0,0,0,0,0,0,0,0,0,25,0,29198
704535,23,0,0,6,0,0,15000,0,1,0,0,0,0,0,0,8329,0,1,0,0,0,1,1,0,0,0,0,0,0,0,0,0,0,1,0,27791
704544,23,0,0,6,0,0,1000,1,1,0,0,0,0,0,0,26634,0,1,0,0,0,1,0,0,0,0,0,0,0,0,0,0,0,1,0,26633
704546,42,0,0,6,0,0,0,0,1,0,0,0,0,0,0,27788,0,1,0,0,0,1,1,0,0,0,0,0,0,0,0,0,0,1,0,27787
704552,23,0,0,6,0,0,3000,0,1,0,0,0,0,0,0,28358,0,1,0,0,0,1,1,0,0,0,0,0,0,0,0,0,0,1,0,27793
704588,42,0,0,6,0,0,0,1,1,0,0,0,0,0,0,27779,0,1,0,0,0,1,1,0,0,0,0,0,0,0,0,0,0,1,0,27778
704591,23,0,2,6,0,0,10000,1,1,0,0,0,0,0,0,26617,0,1,0,0,0,1,0,0,0,0,0,0,0,0,0,0,0,1,0,26615
704603,42,0,2,6,0,0,0,0,1,0,0,0,0,0,0,3439,0,1,0,0,0,1,1,0,0,0,0,0,0,0,0,0,0,4,0,27857
704614,42,0,0,6,0,0,0,1,1,0,0,0,0,0,0,27798,0,1,0,0,0,1,0,0,0,0,0,0,0,0,0,0,0,1,0,27781
704636,42,0,0,6,0,0,0,0,1,0,0,0,0,0,0,27786,0,1,0,0,0,1,1,0,0,0,0,0,0,0,0,0,0,1,0,27785
704646,23,0,0,6,0,0,60000,1,1,0,0,0,0,0,0,26767,0,1,0,0,0,1,0,0,0,0,0,0,0,0,0,0,0,1,0,26766
704655,23,0,0,6,0,0,120000,1,1,0,0,0,0,0,0,27657,0,1,0,0,0,1,0,0,0,0,0,0,0,0,0,0,0,1,0,27741
704692,0,0,1,64,0,0,0,0,1,0,0,0,0,0,0,26390,0,1,0,0,0,1,0,0,0,0,0,0,0,0,0,0,0,0,0,26389
704736,23,0,0,6,0,0,30000,1,1,0,0,0,0,0,0,26061,0,1,0,0,0,1,0,0,0,0,0,0,0,0,0,0,0,1,0,26642
704768,42,0,0,6,0,0,0,0,1,0,0,0,0,0,0,29638,0,1,0,0,0,1,0,0,0,0,0,0,0,0,0,0,0,1,0,29624
704769,42,0,0,6,0,0,0,0,1,0,0,0,0,0,0,29639,0,1,0,0,0,1,0,0,0,0,0,0,0,0,0,0,0,1,0,29625
704791,42,0,0,6,0,0,0,0,1,0,0,0,0,0,0,29164,0,1,0,0,0,1,0,0,0,0,0,0,0,0,0,0,0,1,0,29162
704812,23,0,1,6,0,0,10000,1,1,0,0,0,0,0,0,29040,0,1,0,0,0,1,0,0,0,0,0,0,0,0,0,0,0,1,0,29039
704827,0,0,1,64,0,0,0,0,1,0,0,0,0,0,0,30003,0,1,0,0,0,1,0,0,0,0,0,0,0,0,0,0,0,1,0,30331
704829,42,0,0,6,0,0,0,0,1,0,0,0,0,0,0,29653,0,1,0,0,0,1,0,0,0,0,0,0,0,0,0,0,0,1,0,29636
704836,0,0,0,16,0,0,0,0,1,0,0,0,0,0,0,0,0,1,0,0,0,1,0,0,0,9378,0,0,0,0,0,0,0,1,0,29294
704842,23,0,1,6,0,0,5000,0,1,0,0,0,0,0,0,18350,0,1,0,0,0,1,0,0,0,0,0,0,0,0,0,0,0,1,0,28820
704850,42,0,0,6,0,0,0,0,1,0,0,0,0,0,0,29655,0,1,0,0,0,1,0,0,0,0,0,0,0,0,0,0,0,1,0,29637
704852,42,0,0,6,0,0,0,0,1,0,0,0,0,0,0,28817,0,1,0,0,0,1,100,0,0,0,0,0,0,570556422,1,2,36,1,0,28816
704865,42,0,0,6,0,0,0,0,1,0,0,0,0,0,0,28753,0,1,0,0,0,1,0,0,0,0,0,0,0,4096,0,0,0,1,0,28752
704873,23,0,0,6,0,0,150000,0,1,0,0,0,0,0,0,28091,0,1,0,0,0,1,0,0,0,0,0,0,0,0,0,0,0,1,0,28090
704905,109,0,0,6,0,0,0,0,1,0,0,0,0,0,0,28820,0,1,0,0,0,1,100,0,0,0,0,0,0,1024,0,0,0,1,0,28821
704911,23,0,2,6,0,0,15000,0,1,0,0,0,0,0,0,30176,0,1,0,0,0,1,0,0,0,0,0,0,0,0,0,0,0,1,0,29519
704915,109,0,0,6,0,0,0,0,1,0,0,0,0,0,0,28839,0,1,0,0,0,1,100,0,0,0,0,0,0,1,0,131072,0,1,0,28831
704917,42,0,0,6,0,0,0,0,1,0,0,0,0,0,0,28846,0,1,0,0,0,1,100,0,0,0,0,0,0,1,0,0,0,1,0,28845
704924,23,0,0,6,0,0,5000,0,1,0,0,0,0,0,0,31563,0,1,0,0,0,1,0,0,0,0,0,0,0,0,0,0,0,1,0,31562
704927,23,0,0,6,0,0,1000,0,1,0,0,0,0,0,0,29422,0,1,0,0,0,1,0,0,0,0,0,0,0,0,0,0,0,1,0,29423
704935,23,0,0,6,0,0,2000,0,1,0,0,0,0,0,0,29387,0,1,0,0,0,1,0,0,0,0,0,0,0,0,0,0,0,1,0,29388
704952,42,0,0,6,0,0,0,1,1,0,0,0,0,0,0,28772,0,1,0,0,0,1,0,0,0,0,0,0,0,0,0,0,0,1,0,28771
704972,23,0,0,6,0,0,2000,0,1,0,0,0,0,0,0,28369,0,1,0,0,0,1,0,0,0,0,0,0,0,0,0,0,0,1,0,28370
704986,42,0,0,6,0,0,0,0,1,0,0,0,0,0,0,29640,0,1,0,0,0,1,0,0,0,0,0,0,0,0,0,0,0,1,0,29626
704987,42,0,0,6,0,0,0,0,1,0,0,0,0,0,0,29644,0,1,0,0,0,1,0,0,0,0,0,0,0,0,0,0,0,1,0,29633
704988,42,0,0,6,0,0,0,0,1,0,0,0,0,0,0,29641,0,1,0,0,0,1,0,0,0,0,0,0,0,0,0,0,0,1,0,29632
704989,42,0,0,6,0,0,0,1,1,0,0,0,0,0,0,28882,0,1,0,0,0,1,0,0,0,0,0,0,0,0,0,0,0,1,0,28881
704997,0,0,1,64,0,0,0,0,1,0,0,0,0,0,0,29042,0,1,0,0,0,1,0,0,0,0,0,0,0,0,0,0,0,0,0,29041
705008,42,0,0,6,0,0,0,0,1,0,0,0,0,0,0,29647,0,1,0,0,0,1,0,0,0,0,0,0,0,0,0,0,0,1,0,29635
705009,23,0,0,6,0,0,3000,0,1,0,0,0,0,0,0,30111,0,1,0,0,0,1,1,0,0,0,0,0,0,0,0,0,0,1,0,30110
705023,42,0,0,6,0,0,0,0,1,0,0,0,0,0,0,9204,0,1,0,0,0,1,1,0,0,0,0,0,0,0,0,0,0,1,0,29526
705024,23,0,0,6,0,0,3000,0,1,0,0,0,0,0,0,29682,0,1,0,0,0,1,0,0,0,0,0,0,0,0,0,0,0,1,0,29681
705084,23,0,0,6,0,0,1000,0,1,0,0,0,0,0,0,28865,0,1,0,0,0,1,1,0,0,0,0,0,0,0,0,0,0,1,0,28874
705105,23,0,0,6,0,0,2000,0,1,0,0,0,0,0,0,29604,0,1,0,0,0,1,0,0,0,0,0,0,0,0,0,0,0,1,0,29602
705106,0,0,1,64,0,0,0,0,1,0,0,0,0,0,0,29604,0,1,0,0,0,1,0,0,0,0,0,0,0,0,0,0,0,1,0,29602
705107,42,0,0,6,0,0,0,0,1,0,0,0,0,0,0,29646,0,1,0,0,0,1,0,0,0,0,0,0,0,0,0,0,0,1,0,29634
705141,42,0,0,6,0,0,0,0,1,0,0,0,0,0,0,29184,0,1,0,0,0,1,1,0,0,0,0,0,0,0,0,0,0,25,0,29185
705162,109,0,0,6,0,0,0,1,1,0,0,0,5,0,0,28815,0,1,0,0,0,1,0,0,0,0,0,0,0,131072,0,0,0,1,0,28814
705182,23,0,0,6,0,0,2000,0,1,0,0,0,0,0,0,28786,0,1,0,0,0,1,0,0,0,0,0,0,0,0,0,0,0,1,0,28785
705191,23,0,0,6,0,0,3000,0,1,0,0,0,0,0,0,28547,0,1,0,0,0,1,0,0,0,0,0,0,0,0,0,0,0,1,0,28534
705197,23,0,0,6,0,0,2000,0,1,0,0,0,0,0,0,27988,0,1,0,0,0,1,1,0,0,0,0,0,0,0,0,0,0,1,0,27987
705203,0,0,0,64,0,0,0,0,1,0,0,0,0,0,0,29437,0,1,0,0,0,1,0,0,0,0,0,0,0,0,0,0,0,0,0,28806
705205,0,0,2,64,0,0,0,0,1,0,0,0,0,0,0,29338,0,1,0,0,0,1,0,0,0,0,0,0,0,0,0,0,0,1,0,28806
705249,23,0,0,6,0,0,10000,0,1,0,0,0,0,0,0,29214,0,1,0,0,0,1,0,0,0,0,0,0,22,0,0,0,0,22,15,29213
705269,109,0,0,6,0,0,0,0,1,0,0,0,0,0,0,28788,0,1,0,0,0,1,100,0,0,0,0,0,0,4096,0,0,0,1,0,28787
705288,42,0,0,6,1,0,0,0,1,0,0,0,0,0,0,29221,0,1,0,0,0,1,0,0,0,0,0,0,0,0,0,0,0,1,0,29220
705298,23,0,0,6,0,0,2000,1,1,0,0,0,0,0,0,29104,0,1,0,0,0,1,0,0,0,0,0,0,0,0,0,0,0,1,0,29103
705305,42,0,0,6,0,0,0,0,1,0,0,0,0,0,0,28813,0,1,0,0,0,1,100,0,0,0,0,0,0,570556422,2097153,2,36,1,0,28812
705361,0,0,0,64,0,0,0,0,1,0,0,0,0,0,0,29846,0,1,0,0,0,1,0,0,0,0,0,0,0,0,0,0,0,1,0,28803
705384,42,0,0,6,0,0,0,0,1,0,0,0,0,0,0,28762,0,1,0,0,0,1,0,0,0,0,0,0,0,4096,0,0,0,1,0,28761
705391,42,0,0,6,0,0,0,0,1,0,0,0,0,0,0,1302540,0,1,0,0,0,1,0,0,0,0,0,0,0,0,0,0,0,1,0,28853
705400,23,0,1,6,0,0,5000,0,1,0,0,0,0,0,0,28441,0,1,0,0,0,1,0,0,0,0,0,0,0,0,0,0,0,1,0,28282
705426,42,0,0,6,0,0,0,1,1,0,0,0,0,0,0,30803,0,1,0,0,0,1,0,0,0,0,0,0,0,0,0,0,0,1,0,30802
705461,23,0,0,6,0,0,3000,0,1,0,0,0,0,0,0,12626,0,1,0,0,0,1,1,0,0,0,0,0,0,0,0,0,0,1,0,28356
705463,42,0,0,6,0,0,0,1,1,0,0,0,0,0,0,30804,0,1,0,0,0,1,0,0,0,0,0,0,0,0,0,0,0,1,0,30808
705464,42,0,0,6,0,0,0,1,1,0,0,0,0,0,0,30805,0,1,0,0,0,1,0,0,0,0,0,0,0,0,0,0,0,1,0,30809
705475,23,0,0,6,0,0,3000,0,1,0,0,0,0,0,0,30244,0,1,0,0,0,1,0,0,0,0,0,0,0,0,0,0,0,1,0,30243
705490,42,0,0,6,0,0,0,0,1,0,0,0,0,0,0,28804,0,1,0,0,0,1,100,0,0,0,0,0,0,32768,0,0,0,1,0,28802
705499,23,0,1,6,0,0,5000,0,1,0,0,0,0,0,0,28062,0,1,0,0,0,1,0,0,0,0,0,0,0,0,0,0,0,1,0,28059
705510,23,0,0,6,0,0,30000,0,1,0,0,0,0,0,0,28417,0,1,0,0,0,1,0,0,0,0,0,0,0,0,0,0,0,1,0,28427
705511,42,0,0,6,0,0,0,1,1,0,0,0,0,0,0,30806,0,1,0,0,0,1,0,0,0,0,0,0,0,0,0,0,0,1,0,30810
705512,42,0,0,6,0,0,0,1,1,0,0,0,0,0,0,30807,0,1,0,0,0,1,0,0,0,0,0,0,0,0,0,0,0,1,0,30811
705516,23,0,0,6,0,0,3000,0,1,0,0,0,0,0,0,28361,0,1,0,0,0,1,1,0,0,0,0,0,0,0,0,0,0,1,0,28362
705521,23,0,1,6,0,0,5000,0,1,0,0,0,0,0,0,28085,0,1,0,0,0,1,0,0,0,0,0,0,0,0,0,0,0,1,0,28084
705535,42,0,0,6,0,0,0,0,1,0,0,0,0,0,0,29151,0,1,0,0,0,1,0,0,0,0,0,0,0,0,0,0,0,1,0,29150
705538,23,0,0,6,0,0,3000,0,1,0,0,0,0,0,0,12626,0,1,0,0,0,1,1,0,0,0,0,0,0,0,0,0,0,1,0,28357
705566,42,0,0,6,0,0,0,0,1,0,0,0,0,0,0,28457,0,1,0,0,0,1,0,0,0,0,0,0,0,0,0,0,0,1,0,28458
705569,42,0,0,6,0,0,0,0,1,0,0,0,0,0,0,28459,0,1,0,0,0,1,0,0,0,0,0,0,0,0,0,0,0,1,0,28460
705593,23,0,0,6,0,0,30000,0,1,0,0,0,0,0,0,28416,0,1,0,0,0,1,0,0,0,0,0,0,0,0,0,0,0,1,0,28426
705597,42,0,0,6,0,0,0,0,1,0,0,0,0,0,0,28428,0,1,0,0,0,1,1,0,0,0,0,0,0,0,0,0,0,1,0,28429
705602,23,0,0,6,0,0,4000,0,1,0,0,0,0,0,0,28415,0,1,0,0,0,1,0,0,0,0,0,0,0,0,0,0,0,1,0,29391
705603,23,0,0,6,0,0,25000,0,1,0,0,0,0,0,0,28416,0,1,0,0,0,1,0,0,0,0,0,0,0,0,0,0,0,1,0,29393
705604,23,0,0,6,0,0,20000,0,1,0,0,0,0,0,0,28416,0,1,0,0,0,1,0,0,0,0,0,0,0,0,0,0,0,1,0,29394
705605,23,0,0,6,0,0,15000,0,1,0,0,0,0,0,0,28416,0,1,0,0,0,1,0,0,0,0,0,0,0,0,0,0,0,1,0,29398
705606,23,0,0,6,0,0,40000,0,1,0,0,0,0,0,0,28417,0,1,0,0,0,1,0,0,0,0,0,0,0,0,0,0,0,1,0,29399
705617,23,0,0,6,0,0,5000,0,1,0,0,0,0,0,0,28415,0,1,0,0,0,1,0,0,0,0,0,0,0,0,0,0,0,1,0,29410
705618,23,0,0,6,0,0,10000,0,1,0,0,0,0,0,0,28416,0,1,0,0,0,1,0,0,0,0,0,0,0,0,0,0,0,1,0,29411
705619,23,0,0,6,0,0,15000,0,1,0,0,0,0,0,0,28417,0,1,0,0,0,1,0,0,0,0,0,0,0,0,0,0,0,1,0,29412
705639,0,0,0,64,0,0,0,0,1,0,0,0,0,0,0,28001,0,1,0,0,0,1,0,0,0,0,0,0,0,0,0,0,0,25,0,30059
705642,42,0,0,6,0,0,0,0,1,0,0,0,0,0,0,29306,0,1,0,0,0,1,0,0,0,0,0,0,0,0,0,0,0,1,0,29307
705655,23,0,0,6,0,0,1000,0,1,0,0,0,0,0,0,29328,0,1,0,0,0,1,0,0,0,0,0,0,0,0,0,0,0,1,0,29327
705670,23,0,0,6,0,0,1000,0,1,0,0,0,0,0,0,29851,0,1,0,0,0,1,0,0,0,0,0,0,0,0,0,0,0,1,0,29851
705675,23,0,1,6,0,0,3000,0,1,0,0,0,0,0,0,29715,0,1,0,0,0,1,0,0,0,0,0,0,0,0,0,0,0,1,0,29726
705681,42,0,0,6,0,0,0,0,1,0,0,0,0,0,0,29195,0,1,0,0,0,1,1,0,0,0,0,0,0,0,0,0,0,25,0,29194
705683,42,0,0,6,0,0,0,0,1,0,0,0,0,0,0,29197,0,1,0,0,0,1,1,0,0,0,0,0,0,0,0,0,0,25,0,29196
705690,0,0,0,64,0,0,0,0,1,0,0,0,0,0,0,29403,0,1,0,0,0,1,0,0,0,0,0,0,0,0,0,0,0,1,0,29421
705701,23,0,0,6,0,0,2000,0,1,0,0,0,0,0,0,29294,0,1,0,0,0,1,0,0,0,0,0,0,0,0,0,0,0,0,0,29296
705704,23,0,0,6,0,0,1000,0,1,0,0,0,0,0,0,28415,0,1,0,0,0,1,0,0,0,0,0,0,0,0,0,0,0,1,0,29409
705730,23,0,0,6,0,0,5000,0,1,0,0,0,0,0,0,30122,0,1,0,0,0,1,0,0,0,0,0,0,0,0,0,0,0,1,0,29350
705735,23,0,0,6,0,0,2000,0,1,0,0,0,0,0,0,28415,0,1,0,0,0,1,0,0,0,0,0,0,0,0,0,0,0,1,0,29392
705750,42,0,2,6,0,0,0,0,1,0,0,0,0,0,0,30080,0,1,0,0,0,1,1,0,0,0,0,0,0,0,0,0,0,6,0,30081
705782,0,0,0,64,0,0,0,0,1,0,0,0,0,0,0,27998,0,1,0,0,0,1,0,0,0,0,0,0,0,0,0,0,0,25,0,30058
705804,23,0,1,6,0,0,3000,0,1,0,0,0,0,0,0,29715,0,1,0,0,0,1,0,0,0,0,0,0,0,0,0,0,0,1,0,29727
705806,42,0,0,6,0,0,0,0,1,0,0,0,0,0,0,29532,0,1,0,0,0,1,1,0,0,0,0,0,0,0,0,0,0,1,0,29532
705810,0,0,2,64,0,0,0,0,1,0,0,0,0,0,0,31247,0,1,0,0,0,1,0,0,0,0,0,0,0,0,0,0,0,1,0,29534
705828,23,0,0,6,0,0,35000,0,1,0,0,0,0,0,0,28417,0,1,0,0,0,1,0,0,0,0,0,0,0,0,0,0,0,1,0,29400
705829,23,0,0,6,0,0,2000,0,1,0,0,0,0,0,0,30075,0,1,0,0,0,1,0,0,0,0,0,0,0,0,0,0,0,1,0,30074
705832,42,0,0,6,0,0,0,0,1,0,0,0,0,0,0,30081,0,1,0,0,0,1,0,0,0,0,0,0,0,0,0,0,0,1,0,30079
705835,42,0,2,6,0,0,0,0,1,0,0,0,0,0,0,30080,0,1,0,0,0,1,1,0,0,0,0,0,0,0,0,0,0,58,0,30080
705846,23,0,0,6,0,0,20000,0,1,0,0,0,0,0,0,28417,0,1,0,0,0,1,0,0,0,0,0,0,0,0,0,0,0,1,0,29401
705847,23,0,0,6,0,0,10000,0,1,0,0,0,0,0,0,29421,0,1,0,0,0,1,0,0,0,0,0,0,0,0,0,0,0,1,0,29402
813726,23,0,1,6,0,0,2000,0,1,0,0,0,0,0,0,324271,0,1,0,0,0,1,0,0,0,0,0,0,14,0,0,0,0,53,16,324270
813765,23,0,1,6,0,0,2000,0,1,0,0,0,0,0,0,324271,0,1,0,0,0,1,0,0,0,0,0,0,14,0,0,0,0,22,30,324271
872128,23,0,0,6,0,0,4000,0,1,0,0,0,0,0,0,345918,0,1,0,0,0,1,0,0,0,0,0,0,0,0,0,0,0,1,0,345919
876070,23,0,0,6,0,0,5000,0,1,0,0,0,0,0,0,348179,0,1,0,0,0,1,0,0,0,0,0,0,0,0,0,0,0,1,0,348180
905108,23,0,0,6,0,0,500,0,1,0,0,0,0,0,0,364785,0,1,0,0,0,1,0,0,0,0,0,0,0,0,0,0,0,1,0,364784
905110,23,0,0,6,0,0,500,0,1,0,0,0,0,0,0,364787,0,1,0,0,0,1,0,0,0,0,0,0,0,0,0,0,0,1,0,364786
905144,23,186,0,6,0,0,8000,1,1,0,0,0,0,0,0,20476,0,1,0,0,0,1,0,0,0,0,0,0,28,0,0,0,0,22,15,20475
905219,23,186,0,6,0,0,1000,1,1,0,0,0,0,0,0,18947,0,1,0,0,0,1,1000,0,0,0,0,0,0,0,0,0,0,1,0,19695
905765,23,0,0,6,0,0,2500,0,1,0,0,0,0,0,0,364847,0,1,0,0,0,1,0,0,0,0,0,0,0,0,0,0,0,1,0,365123
910263,23,0,0,6,0,0,400,0,1,0,0,0,0,0,0,366908,0,1,0,0,0,1,0,0,0,0,0,0,0,0,0,0,0,1,0,366910
910362,23,0,0,6,0,0,400,0,1,0,0,0,0,0,0,366970,0,1,0,0,0,1,0,0,0,0,0,0,0,0,0,0,0,1,0,366967
910409,23,0,0,6,0,0,400,0,1,0,0,0,0,0,0,366999,0,1,0,0,0,1,0,0,0,0,0,0,0,0,0,0,0,1,0,367002
910410,23,0,0,6,0,0,400,0,1,0,0,0,0,0,0,367000,0,1,0,0,0,1,0,0,0,0,0,0,0,0,0,0,0,1,0,367003
910411,23,0,0,6,0,0,400,0,1,0,0,0,0,0,0,367001,0,1,0,0,0,1,0,0,0,0,0,0,0,0,0,0,0,1,0,367004
910937,23,186,2,6,0,0,2000,1,1,0,0,0,0,0,0,23619,0,1,0,0,0,1,1,0,0,0,0,0,0,0,0,0,0,6,0,23620
910940,23,186,2,6,0,0,2000,1,1,0,0,0,0,0,0,23619,0,1,0,0,0,1,1,0,0,0,0,0,0,0,0,0,0,6,0,18173
912080,23,0,0,6,0,0,2000,1,1,0,0,0,0,0,0,367987,0,1,0,0,0,1,1,0,0,0,0,0,0,0,0,0,0,6,0,367985
912081,23,0,0,6,0,0,2000,1,1,0,0,0,0,0,0,367987,0,1,0,0,0,1,1,0,0,0,0,0,0,0,0,0,0,6,0,367986
912118,0,0,2,64,0,0,0,0,1,0,0,0,0,0,0,368007,0,1,0,0,0,1,0,0,0,0,0,0,0,0,0,0,0,1,0,367418
912598,23,0,0,6,0,0,2000,0,1,0,0,0,0,0,0,368315,0,1,0,0,0,1,0,0,0,0,0,0,0,0,0,0,0,6,0,368292
913131,23,0,0,6,0,0,1000,0,1,0,0,0,0,0,0,368616,0,1,0,0,0,1,0,0,0,0,0,0,0,0,0,0,0,1,0,368615
913535,23,0,0,6,0,0,45000,1,1,0,0,0,0,0,0,22680,0,1,0,0,0,1,0,0,0,0,0,0,0,0,0,0,0,1,0,368831
913740,23,0,0,6,0,0,2000,1,1,0,0,0,0,0,0,367987,0,1,0,0,0,1,1,0,0,0,0,0,0,0,0,0,0,6,0,368925
914207,42,186,0,6,0,0,0,0,1,0,0,0,0,0,0,23394,0,1,0,0,0,1,1,0,0,0,0,0,0,0,0,0,0,6,0,23340
914423,23,186,0,6,0,0,6000,1,1,0,0,0,0,0,0,22659,0,1,0,0,0,1,0,0,0,0,0,0,0,0,0,0,0,1,0,22652
914934,428,0,2,6,0,0,0,0,1,0,0,0,0,0,0,369532,0,1,0,0,0,1,0,0,0,0,0,0,0,0,0,0,0,1,0,369531
915005,23,186,0,6,0,0,35000,1,1,0,0,0,0,0,0,26767,0,1,0,0,0,1,0,0,0,0,0,0,0,0,0,0,0,1,0,26766
915006,23,186,0,6,0,0,50000,1,1,0,0,0,0,0,0,26217,0,1,0,0,0,1,0,0,0,0,0,0,0,0,0,0,0,1,0,26213
915849,23,0,2,6,0,0,8000,1,1,0,0,0,0,0,0,26052,0,1,0,0,0,1,0,0,0,0,0,0,0,0,0,0,0,1,0,369982
916010,23,0,0,6,0,0,1000,0,1,0,0,0,0,0,0,370067,0,1,0,0,0,1,0,0,0,0,0,0,0,0,0,0,0,25,0,370066
916056,0,0,1,64,0,0,0,0,1,0,0,0,0,0,0,370091,0,1,0,0,0,1,0,0,0,1900,0,0,0,0,0,0,0,1,0,369378
916060,0,0,1,64,0,0,0,0,1,0,0,0,0,0,0,370092,0,1,0,0,0,1,0,0,0,2000,0,0,0,0,0,0,0,1,0,370093
916066,23,0,0,6,0,0,5000,0,1,0,0,0,0,0,0,370100,0,1,0,0,0,1,0,0,0,0,0,0,0,0,0,0,0,1,0,370099
916164,0,0,0,64,0,0,0,0,1,0,0,0,0,0,0,370146,0,1,0,0,0,1,0,0,0,1000,0,0,0,0,0,0,0,1,0,370142
981347,23,0,0,6,0,0,60000,1,1,0,0,0,0,0,0,370172,0,1,0,0,0,1,0,0,0,0,0,0,0,0,0,0,0,1,0,370171
981361,23,0,0,6,0,0,10000,1,1,0,0,0,0,0,0,370181,0,1,0,0,0,1,0,0,0,0,0,0,0,0,0,0,0,1,0,370180
981376,23,0,0,6,0,0,15000,1,1,0,0,0,0,0,0,370188,0,1,0,0,0,1,0,0,0,0,0,0,0,0,0,0,0,1,0,370189
981379,23,0,0,6,0,0,45000,1,1,0,0,0,0,0,0,370191,0,1,0,0,0,1,0,0,0,0,0,0,0,0,0,0,0,1,0,370192
981627,42,0,0,6,0,0,0,0,1,0,0,0,0,0,0,370364,0,1,0,0,0,1,0,0,0,0,0,0,0,0,0,0,0,1,0,370336
982408,23,0,2,6,0,64,5000,0,1,0,0,0,0,0,0,370852,0,1,0,0,0,1,0,0,0,0,0,0,0,0,0,0,0,1,0,370835
982410,23,0,2,6,0,64,5000,0,1,0,0,0,0,0,0,370854,0,1,0,0,0,1,0,0,0,0,0,0,0,0,0,0,0,1,0,370836
982484,42,0,4,6,0,0,0,0,1,0,0,0,0,0,0,370903,0,1,0,0,0,1,0,0,0,0,0,0,0,0,0,0,0,1,0,370832
982486,23,0,1,6,0,0,1000,0,1,0,0,0,0,0,0,28622,0,1,0,0,0,1,0,0,0,0,0,0,0,0,0,0,0,25,0,370904
982744,0,0,1,64,0,0,0,0,1,0,0,0,0,0,0,371060,0,1,0,0,0,1,0,0,0,2000,0,0,0,0,0,0,0,1,0,371054
982764,23,0,0,6,0,0,15000,1,1,0,0,0,0,0,0,371076,0,1,0,0,0,1,0,0,0,0,0,0,0,0,0,0,0,1,0,371075
982795,23,0,0,6,0,0,20000,1,1,0,0,0,0,0,0,371082,0,1,0,0,0,1,0,0,0,0,0,0,0,0,0,0,0,1,0,371100
982802,23,0,0,6,0,0,50000,1,1,0,0,0,0,0,0,371105,0,1,0,0,0,1,0,0,0,0,0,0,0,0,0,0,0,1,0,371106
1044477,0,0,1,64,0,0,0,0,1,0,0,0,0,0,0,399960,0,1,0,0,0,1,0,0,0,0,0,0,0,0,0,0,0,6,0,399956
1044478,0,0,2,64,0,0,0,0,1,0,0,0,0,0,0,399961,0,1,0,0,0,1,0,0,0,0,0,0,0,0,0,0,0,6,0,399956
1044573,42,0,0,6,0,0,0,0,1,0,0,0,0,0,0,400015,0,1,0,0,0,1,0,0,0,0,0,0,0,0,0,0,0,1,0,400016
1044589,0,0,0,64,0,0,0,0,1,0,0,0,0,0,0,406754,0,1,0,0,0,1,0,0,0,0,0,0,0,0,0,0,0,6,0,400029
1045761,42,0,0,6,0,0,0,0,1,0,0,0,0,0,0,400589,0,1,0,0,0,1,40,0,0,0,0,0,0,0,0,0,0,1,0,400588
1046019,42,0,0,6,0,0,0,0,1,0,0,0,0,0,0,400730,0,1,0,0,0,1,15,0,0,0,0,0,0,0,0,0,0,1,0,400731
1048170,42,0,1,6,0,512,0,0,1,0,0,0,0,0,0,401981,0,1,0,0,0,1,0,0,0,0,0,0,0,0,0,0,0,1,0,401956
1048600,23,0,1,6,0,0,1000,0,1,0,0,0,0,0,0,402284,0,1,0,0,0,1,0,0,0,0,0,0,0,0,0,0,0,1,0,402261
1048621,23,0,1,6,0,0,1000,0,1,0,0,0,0,0,0,402289,0,1,0,0,0,1,0,0,0,0,0,0,0,0,0,0,0,1,0,402277
1049652,42,0,0,6,0,0,0,0,1,0,0,0,0,0,0,402975,0,1,0,0,0,1,0,0,0,0,0,0,0,0,0,0,0,1,0,402974
1050007,109,0,0,6,0,0,0,0,1,0,0,0,0,0,0,403196,0,1,0,0,0,1,100,0,0,0,0,0,0,16384,0,0,0,1,0,403195
1051864,23,0,0,6,0,0,250,0,1,0,0,0,0,0,0,405998,0,1,0,0,0,1,0,0,0,0,0,0,0,0,0,0,0,1,0,404373
1054145,23,0,0,6,0,0,10000,0,1,0,0,0,0,0,0,405695,0,1,0,0,0,1,0,0,0,0,0,0,0,0,0,0,0,1,0,405717
1055918,0,0,1,64,0,0,0,0,1,0,0,0,0,0,0,406722,0,1,0,0,0,1,0,0,0,0,0,0,0,0,0,0,0,1,0,400029
1070312,23,0,0,6,0,0,1000,0,1,0,0,0,0,0,0,407085,0,1,0,0,0,1,0,0,0,0,0,0,0,0,0,0,0,1,0,407077
1071557,42,0,0,6,0,0,0,0,1,0,0,0,0,0,0,407799,0,1,0,0,0,1,30,0,0,0,0,0,0,0,0,0,0,1,0,407798
1071890,23,0,0,6,0,0,15000,0,1,0,0,0,0,0,0,408014,0,1,0,0,0,1,0,0,0,0,0,0,0,0,0,0,0,1,0,408013
1072686,42,0,0,6,0,0,0,0,1,0,0,0,0,0,0,408511,0,1,0,0,0,1,100,0,0,0,0,0,0,0,0,0,0,1,0,408510
1072989,42,0,0,6,0,0,0,0,1,0,0,0,0,0,0,408699,0,1,0,0,0,1,0,0,0,0,0,0,0,0,0,0,0,1,0,408700
1073192,42,0,0,6,0,0,0,0,1,0,0,0,0,0,0,408953,0,1,0,0,0,1,0,0,0,0,0,0,0,0,0,0,0,1,0,408833
1073634,42,0,0,6,0,0,0,0,1,0,0,0,0,0,0,409075,0,1,0,0,0,1,0,0,0,0,0,0,0,0,0,0,0,1,0,409073
1073891,42,0,0,6,0,0,0,0,1,0,0,0,0,0,0,409215,0,1,0,0,0,1,0,0,0,0,0,0,0,0,0,0,0,1,0,409214
1074411,42,0,0,6,0,0,0,1,1,0,0,0,0,0,0,409507,0,1,0,0,0,1,5,0,0,0,0,0,0,0,0,0,0,1,0,409504
1075163,42,0,0,6,0,0,0,0,1,0,0,0,0,0,0,408953,0,1,0,0,0,1,0,0,0,0,0,0,0,0,0,0,0,1,0,409930
1076529,0,0,0,64,0,0,0,0,1,0,0,0,0,0,0,410659,0,1,0,0,0,1,0,0,0,2000,0,0,0,0,0,0,0,0,0,410662
1076651,0,0,1,16,0,0,0,0,1,0,0,0,0,0,0,0,0,1,0,0,0,1,1,0,0,75939,0,0,0,0,0,0,0,25,0,410718
1077067,42,0,0,6,0,0,0,0,1,0,0,0,0,0,0,426117,0,1,0,0,0,1,0,0,0,0,0,0,0,0,0,0,0,1,0,410935
1078339,23,0,1,6,0,0,20000,1,1,0,0,0,0,0,0,13535,0,1,0,0,0,1,1,0,0,0,0,0,0,0,0,0,0,6,0,411631
1078439,0,0,4,64,0,0,0,1,1,0,0,0,0,0,0,411688,0,1,0,0,0,1,0,0,0,0,0,0,0,0,0,0,0,6,0,411684
1078567,23,0,0,6,0,0,2000,0,1,0,0,0,0,0,0,411775,0,1,0,0,0,1,0,0,0,0,0,0,0,0,0,0,0,1,0,411774
1079484,23,0,0,6,0,0,2000,1,1,0,0,0,0,0,0,412272,0,1,0,0,0,1,0,0,0,0,0,0,0,0,0,0,0,1,0,412270
1079549,23,0,0,6,0,0,3000,0,1,0,0,0,0,0,0,413052,0,1,0,0,0,1,10,0,0,0,0,0,0,0,0,0,0,1,0,412296
1079790,23,0,0,6,0,0,2000,1,1,0,0,0,0,0,0,412272,0,1,0,0,0,1,0,0,0,0,0,0,0,0,0,0,0,1,0,412427
1080280,109,0,0,6,0,0,0,1,1,0,0,0,0,0,0,412698,0,1,0,0,0,1,100,0,0,0,0,0,0,1,0,0,0,1,0,412689
1080450,0,0,1,64,0,0,0,1,1,0,0,0,0,0,0,7922,0,1,0,0,0,1,0,0,0,0,0,0,0,0,0,0,0,6,0,412788
1081350,42,0,0,6,0,0,0,0,1,0,0,0,0,0,0,413247,0,1,0,0,0,1,100,0,0,0,0,0,0,0,0,0,0,1,0,413248
1081355,109,0,0,6,0,0,0,1,1,0,0,0,0,0,0,409076,0,1,0,0,0,1,100,0,0,0,0,0,0,8396800,0,65536,0,1,0,413251
1081454,42,0,0,6,0,0,0,0,1,0,0,0,0,0,0,413302,0,1,0,0,0,1,0,0,0,0,0,0,0,0,0,0,0,1,0,413301
1081514,42,0,0,6,0,0,0,0,1,0,0,0,0,0,0,408953,0,1,0,0,0,1,0,0,0,0,0,0,0,0,0,0,0,1,0,413338
1081578,42,0,0,6,0,0,0,0,1,0,0,0,0,0,0,413399,0,1,0,0,0,1,0,0,0,0,0,0,0,0,0,0,0,1,0,413380
1081679,42,0,0,6,0,0,0,0,1,0,0,0,0,0,0,408953,0,1,0,0,0,1,0,0,0,0,0,0,0,0,0,0,0,1,0,413429
1081682,42,0,0,6,0,0,0,0,1,0,0,0,0,0,0,408953,0,1,0,0,0,1,0,0,0,0,0,0,0,0,0,0,0,1,0,413432
1082388,42,0,0,6,0,0,0,0,1,0,0,0,0,0,0,408953,0,1,0,0,0,1,0,0,0,0,0,0,0,0,0,0,0,1,0,413839
1084190,23,0,0,6,0,0,500,0,1,0,0,0,0,0,0,414791,0,1,0,0,0,1,0,0,0,0,0,0,0,0,0,0,0,1,0,414786
1084209,42,0,1,6,0,0,0,1,1,0,0,0,0,0,0,414800,0,1,0,0,0,1,-100,0,0,0,0,0,0,0,0,0,0,1,0,414799
1084260,42,0,0,6,0,0,0,0,1,0,0,0,0,0,0,414827,0,1,0,0,0,1,0,0,0,0,0,0,0,0,0,0,0,1,0,414826
1084577,42,0,1,6,0,0,0,0,1,0,0,0,0,0,0,415005,0,1,0,0,0,1,0,0,0,0,0,0,0,0,0,0,0,1,0,415004
1084593,42,0,0,6,0,0,0,0,1,0,0,0,0,0,0,408953,0,1,0,0,0,1,0,0,0,0,0,0,0,0,0,0,0,1,0,415012
1084597,42,0,0,6,0,0,0,0,1,0,0,0,0,0,0,408953,0,1,0,0,0,1,0,0,0,0,0,0,0,0,0,0,0,1,0,415015
1085796,109,0,0,6,0,0,0,0,1,0,0,0,0,0,0,409317,0,1,0,0,0,1,100,0,0,0,0,0,0,269312,4,0,0,1,0,415739
1088820,42,0,0,6,0,0,0,0,1,0,0,0,0,0,0,426117,0,1,0,0,0,1,0,0,0,0,0,0,0,0,0,0,0,1,0,417316
1090737,42,0,0,6,0,0,0,0,1,0,0,0,0,0,0,426117,0,1,0,0,0,1,0,0,0,0,0,0,0,0,0,0,0,1,0,418459
1092152,42,0,0,6,0,0,0,0,1,0,0,0,0,0,0,408953,0,1,0,0,0,1,0,0,0,0,0,0,0,0,0,0,0,1,0,419288
1092185,42,0,0,6,0,0,0,0,1,0,0,0,0,0,0,426117,0,1,0,0,0,1,0,0,0,0,0,0,0,0,0,0,0,1,0,419307
1094163,42,0,0,6,0,0,0,0,1,0,0,0,0,0,0,408953,0,1,0,0,0,1,0,0,0,0,0,0,0,0,0,0,0,1,0,420493
1094667,42,0,0,6,0,0,0,0,1,0,0,0,0,0,0,408953,0,1,0,0,0,1,0,0,0,0,0,0,0,0,0,0,0,1,0,420799
1095837,42,0,0,6,0,0,0,0,1,0,0,0,0,0,0,408953,0,1,0,0,0,1,0,0,0,0,0,0,0,0,0,0,0,1,0,421510
1095880,42,0,0,6,0,0,0,0,1,0,0,0,0,0,0,408953,0,1,0,0,0,1,0,0,0,0,0,0,0,0,0,0,0,1,0,421535
1098034,42,0,0,6,0,0,0,0,1,0,0,0,0,0,0,422600,0,1,0,0,0,1,1,0,0,0,0,0,0,0,0,0,0,1,0,422598
1099001,42,0,0,6,0,0,0,1,1,0,0,0,0,0,0,424190,0,1,0,0,0,1,0,0,0,0,0,0,0,0,0,0,0,1,0,423186
1100422,23,0,0,6,0,0,5000,0,1,0,0,0,0,0,0,423631,0,1,0,0,0,1,0,0,0,0,0,0,0,0,0,0,0,1,0,424016
1100724,42,0,0,6,0,0,0,0,1,0,0,0,0,0,0,423191,0,1,0,0,0,1,0,0,0,0,0,0,0,0,0,0,0,6,0,424190
1101018,42,0,0,6,0,0,0,1,1,0,0,0,0,0,0,423194,0,1,0,0,0,1,0,0,0,0,0,0,0,0,0,0,0,1,0,424336
1101021,42,0,0,6,0,0,0,1,1,0,0,0,0,0,0,423192,0,1,0,0,0,1,0,0,0,0,0,0,0,0,0,0,0,1,0,424339
1101248,0,0,1,64,0,0,0,0,1,0,0,0,0,0,0,36032,0,1,0,0,0,1,0,0,0,0,0,0,0,0,0,0,0,1,0,42896
1101405,4,0,1,6,0,0,0,0,1,0,0,0,0,0,0,58597,0,1,0,0,0,1,6,0,0,127,0,0,0,0,0,0,0,21,0,53601
1101988,0,0,1,16,0,0,0,0,1,0,0,0,0,0,0,0,0,1,0,0,0,1,0,0,0,78242,0,0,0,0,0,0,0,1,0,424684
1102308,0,0,0,16,0,0,0,0,1,0,0,0,0,0,0,0,0,1,0,0,0,1,0,0,0,78284,0,0,0,0,0,0,0,1,0,424976
1102751,0,0,1,16,0,0,0,0,1,0,0,0,0,0,0,0,0,1,0,0,0,1,0,0,0,78306,0,0,0,0,0,0,0,1,0,425151
1103230,328,0,0,6,0,0,0,0,1,0,0,0,0,0,0,425415,0,1,0,0,0,1,60,0,0,1,0,0,0,0,0,0,0,1,0,425418
1103725,42,0,0,6,0,0,0,1,1,0,0,0,0,0,0,425714,0,1,0,0,0,1,5,0,0,0,0,0,0,0,0,0,0,1,0,425713
1104317,42,0,0,6,0,0,0,0,1,0,0,0,0,0,0,408953,0,1,0,0,0,1,0,0,0,0,0,0,0,0,0,0,0,1,0,426072
1104605,42,0,0,6,0,0,0,0,1,0,0,0,0,0,0,408953,0,1,0,0,0,1,0,0,0,0,0,0,0,0,0,0,0,1,0,426257
1104974,23,0,0,6,0,0,15000,0,1,0,0,0,0,0,0,426489,0,1,0,0,0,1,0,0,0,0,0,0,0,0,0,0,0,1,0,426487
1105313,42,0,0,6,0,0,0,0,1,0,0,0,0,0,0,426640,0,1,0,0,0,1,0,0,0,0,0,0,0,0,0,0,0,1,0,426639
1105899,42,0,0,6,0,0,0,0,1,0,0,0,0,0,0,426969,0,1,0,0,0,1,6,0,0,0,0,0,0,0,0,0,0,1,0,426953
1105937,42,0,0,6,0,0,0,0,1,0,0,0,0,0,0,18350,0,1,0,0,0,1,-3,0,0,0,0,0,0,0,0,0,0,57,0,426972
1105948,42,0,0,6,0,0,0,0,1,0,0,0,0,0,0,426979,0,1,0,0,0,1,0,0,0,0,0,0,0,0,0,0,0,1,0,426978
1106155,42,0,0,6,0,0,0,0,1,0,0,0,0,0,0,427066,0,1,0,0,0,1,0,0,0,0,0,0,0,0,0,0,0,1,0,427065
1106325,42,0,0,6,0,0,0,0,1,0,0,0,0,0,0,427143,0,1,0,0,0,1,0,0,0,0,0,0,0,0,0,0,0,1,0,427144
1107398,109,0,0,6,0,0,0,1,1,0,0,0,0,0,0,427714,0,1,0,0,0,1,100,0,0,12,0,0,0,0,8388608,0,0,1,0,427713
1107425,42,0,0,6,0,0,0,0,1,0,0,0,0,0,0,427725,0,1,0,0,0,1,20,0,0,0,0,0,0,0,0,0,0,1,0,427726
1107454,0,0,1,64,0,0,0,1,1,0,0,0,0,0,0,427746,0,1,0,0,0,1,0,0,0,0,0,0,0,0,0,0,0,6,0,427745
1107470,23,0,0,6,0,0,1000,0,1,0,0,0,0,0,0,427752,0,1,0,0,0,1,0,0,0,0,0,0,0,0,0,0,0,1,0,427751
1107540,0,0,1,16,0,0,0,0,1,0,0,0,0,0,0,0,0,1,0,0,0,1,0,0,0,78675,0,0,0,0,0,0,0,1,0,427780
1107542,0,0,1,16,0,0,0,0,1,0,0,0,0,0,0,0,0,1,0,0,0,1,0,0,0,78682,0,0,0,0,0,0,0,1,0,427781
1108197,0,0,1,64,0,0,0,1,1,0,0,0,0,0,0,5374,0,1,0,0,0,1,0,0,0,0,0,0,0,0,0,0,0,6,0,1329
1109971,42,0,0,6,0,0,0,0,1,0,0,0,0,0,0,428743,0,1,0,0,0,1,0,0,0,0,0,0,0,0,0,0,0,1,0,428741
1112644,42,0,0,6,0,0,0,1,1,0,0,0,0,0,0,428912,0,1,0,0,0,1,0,0,0,0,0,0,0,0,0,0,0,1,0,428909
1112660,42,0,0,6,0,0,0,0,1,0,0,0,0,0,0,428917,0,1,0,0,0,1,15,0,0,0,0,0,0,0,0,0,0,1,0,428920
1113453,23,0,0,6,0,0,1000,0,1,0,0,0,0,0,0,429314,0,1,0,0,0,1,0,0,0,0,0,0,0,0,0,0,0,1,0,429327
1113455,23,0,0,6,0,0,2000,0,1,0,0,0,0,0,0,429329,0,1,0,0,0,1,0,0,0,0,0,0,0,0,0,0,0,1,0,429328
1113464,0,0,0,16,0,0,0,0,1,0,0,0,0,0,0,0,0,1,0,0,0,1,0,0,0,78907,0,0,0,0,0,0,0,1,0,429336
1113466,0,0,0,16,0,0,0,0,1,0,0,0,0,0,0,0,0,1,0,0,0,1,0,0,0,78908,0,0,0,0,0,0,0,1,0,429338
1113497,0,0,0,16,0,0,0,0,1,0,0,0,0,0,0,0,0,1,0,0,0,1,0,0,0,78910,0,0,0,0,0,0,0,1,0,429355
1113913,42,0,0,6,0,0,0,0,1,0,0,0,0,0,0,408953,0,1,0,0,0,1,0,0,0,0,0,0,0,0,0,0,0,1,0,429578
1114589,23,0,0,6,0,0,60000,0,1,0,0,0,0,0,0,429959,0,1,0,0,0,1,0,0,0,0,0,0,0,0,0,0,0,1,0,429960
1114851,42,0,0,6,0,0,0,0,1,0,0,0,0,0,0,430139,0,1,0,0,0,1,0,0,0,0,0,0,0,0,0,0,0,1,0,430134
1114927,42,0,0,6,0,0,0,0,1,0,0,0,0,0,0,430139,0,1,0,0,0,1,0,0,0,0,0,0,0,0,0,0,0,1,0,430182
1114931,42,0,0,6,0,0,0,0,1,0,0,0,0,0,0,430139,0,1,0,0,0,1,0,0,0,0,0,0,0,0,0,0,0,1,0,430185
1118925,23,0,0,6,0,0,35000,0,1,0,0,0,0,0,0,429407,0,1,0,0,0,1,0,0,0,0,0,0,0,0,0,0,0,1,0,431268
1119577,42,0,0,6,0,0,0,1,1,0,0,0,0,0,0,431666,0,1,0,0,0,1,30,0,0,0,0,0,0,0,0,0,0,1,0,431664
1120318,42,0,0,6,0,0,0,0,1,0,0,0,0,0,0,432041,0,1,0,0,0,1,2,0,0,0,0,0,0,192,0,0,0,1,0,432042
1120643,42,0,0,6,0,0,0,1,1,0,0,0,0,0,0,432255,0,1,0,0,0,1,0,0,0,0,0,0,0,0,0,0,0,1,0,432256
1120653,42,0,0,6,0,0,0,1,1,0,0,0,0,0,0,432260,0,1,0,0,0,1,0,0,0,0,0,0,0,0,0,0,0,1,0,432259
1120678,4,0,0,6,0,0,0,1,1,0,0,0,0,0,0,432274,0,1,0,0,0,1,0,0,0,0,0,0,0,0,0,0,0,1,0,432273
1122613,42,0,0,6,0,0,0,0,1,0,0,0,0,0,0,433357,0,1,0,0,0,1,0,0,0,0,0,0,0,0,0,0,0,1,0,433354
1123355,23,0,0,6,0,0,1000,0,1,0,0,0,0,0,0,433801,0,1,0,0,0,1,0,0,0,0,0,0,0,0,0,0,0,1,0,433797
1123988,0,0,1,64,0,0,0,0,1,0,0,0,0,0,0,434724,0,1,0,0,0,1,0,0,0,0,0,0,8,0,0,0,0,87,8,434167
1124314,42,0,0,6,0,0,0,0,1,0,0,0,0,0,0,434356,0,1,0,0,0,1,0,0,0,0,0,0,0,3,0,0,0,1,0,434357
1124368,23,0,0,6,0,0,2000,0,1,0,0,0,0,0,0,434398,0,1,0,0,0,1,0,0,0,0,0,0,0,0,0,0,0,1,0,434399
1124506,42,0,0,6,0,0,0,0,1,0,0,0,0,0,0,436445,0,1,0,0,0,1,0,0,0,0,0,0,0,0,0,0,0,1,0,434488
1124650,42,0,0,6,0,0,0,0,1,0,0,0,0,0,0,434570,0,1,0,0,0,1,0,0,0,0,0,0,0,0,0,0,0,1,0,434582
1125048,0,0,0,16,0,0,0,0,1,0,0,0,0,0,0,0,0,1,0,0,0,1,0,0,0,79687,0,0,0,0,0,0,0,1,0,434833
1125049,0,0,0,16,0,0,0,0,1,0,0,0,0,0,0,0,0,1,0,0,0,1,0,0,0,79688,0,0,0,0,0,0,0,1,0,434834
1125050,0,0,0,16,0,0,0,0,1,0,0,0,0,0,0,0,0,1,0,0,0,1,0,0,0,79689,0,0,0,0,0,0,0,1,0,434835
1125227,23,0,0,6,0,0,2000,0,1,0,0,0,0,0,0,434725,0,1,0,0.28000000119,0,1,50,0,0,0,0,0,0,0,0,0,0,1,0,434927
1125255,0,0,0,16,0,0,0,0,1,0,0,0,0,0,0,0,0,1,0,0,0,1,0,0,0,79695,0,0,0,0,0,0,0,1,0,434943
1125352,0,0,1,16,0,0,0,0,1,0,0,0,0,0,0,0,0,1,0,0,0,1,0,0,0,79700,0,0,0,0,0,0,0,1,0,434994
1125355,42,0,0,6,0,0,0,0,1,0,0,0,0,0,0,434995,0,1,0,0,0,1,0,0,0,0,0,0,0,0,0,0,0,1,0,434996
1125500,42,0,0,6,0,0,0,0,1,0,0,0,0,0,0,408953,0,1,0,0,0,1,0,0,0,0,0,0,0,0,0,0,0,1,0,435097
1125507,42,0,0,6,0,0,0,0,1,0,0,0,0,0,0,435100,0,1,0,0,0,1,0,0,0,0,0,0,0,0,0,0,0,1,0,435102
1125619,42,0,0,6,0,0,0,0,1,0,0,0,0,0,0,435187,0,1,0,0,0,1,0,0,0,0,0,0,0,0,0,0,0,1,0,435180
1125649,42,0,1,6,0,512,0,0,1,0,0,0,0,0,0,435204,0,1,0,0,0,1,0,0,0,0,0,0,0,0,0,0,0,1,0,435205
1126043,0,0,1,16,0,0,0,0,1,0,0,0,0,0,0,0,0,1,0,0,0,1,0,0,0,79719,0,0,0,0,0,0,0,1,0,429347
1126093,42,0,0,6,0,0,0,0,1,0,0,0,0,0,0,439164,0,1,0,0,0,1,10,0,0,0,0,0,0,0,0,0,0,1,0,435467
1126767,42,0,0,6,0,0,0,0,1,0,0,0,0,0,0,435816,0,1,0,0,0,1,1,0,0,0,0,0,0,0,0,0,0,1,0,435818
1126785,42,0,0,6,0,0,0,0,1,0,0,0,0,0,0,435831,0,1,0,0,0,1,1,0,0,0,0,0,0,0,0,0,0,1,0,435833
1126797,42,0,0,6,0,0,0,0,1,0,0,0,0,0,0,435839,0,1,0,0,0,1,1,0,0,0,0,0,0,0,0,0,0,1,0,435844
1126877,0,0,2,64,0,0,0,0,1,0,0,0,0,0,0,435893,0,1,0,0,0,1,0,0,0,0,0,0,0,0,0,0,0,21,0,435895
1126882,23,0,0,6,0,0,1500,0,1,0,0,0,0,0,0,435898,0,1,0,0,0,1,0,0,0,0,0,0,0,0,0,0,0,1,0,435897
1126988,42,0,0,6,0,0,0,0,1,0,0,0,0,0,0,408953,0,1,0,0,0,1,0,0,0,0,0,0,0,0,0,0,0,1,0,435962
1127013,42,0,0,6,0,0,0,0,1,0,0,0,0,0,0,435978,0,1,0,0,0,1,1,0,0,0,0,0,0,0,0,0,0,1,0,435977
1127019,42,0,0,6,0,0,0,0,1,0,0,0,0,0,0,435981,0,1,0,0,0,1,1,0,0,0,0,0,0,0,0,0,0,1,0,435982
1127038,42,0,0,6,0,0,0,0,1,0,0,0,0,0,0,436011,0,1,0,0,0,1,0,0,0,0,0,0,0,0,0,0,0,1,0,435994
1127101,23,0,0,6,0,0,1500,0,1,0,0,0,0,0,0,436037,0,1,0,0,0,1,100,0,0,0,0,0,0,0,0,0,0,1,0,436027
1127154,0,0,1,64,0,0,0,0,1,0,0,0,0,0,0,436068,0,1,0,0,0,1,0,0,0,0,0,13,0,0,0,0,0,24,0,436059
1127179,0,0,2,64,0,0,0,0,1,0,0,0,0,0,0,436081,0,1,0,0,0,1,0,0,0,0,0,0,0,0,0,0,0,1,0,436074
1127323,0,0,0,64,0,0,0,0,1,0,0,0,0,0,0,435358,0,1,0,0,0,1,0,0,0,0,0,0,22,0,0,0,0,22,7,436168
1127387,42,0,0,6,0,0,0,0,1,0,0,0,0,0,0,436204,0,1,0,0,0,1,1,0,0,0,0,0,0,0,0,0,0,1,0,436207
1127606,0,0,1,64,0,0,0,0,1,0,0,0,0,0,0,436343,0,1,0,0,0,1,1,0,0,2000,0,0,0,0,0,0,0,1,0,436342
1127659,0,0,1,64,0,0,0,0,1,0,0,0,0,0,0,436372,0,1,0,0,0,1,1,0,0,2000,0,0,0,0,0,0,0,1,0,436373
1127662,23,0,0,6,0,0,3000,0,1,0,0,0,0,0,0,436374,0,1,0,0,0,1,0,0,0,0,0,0,0,0,0,0,0,1,0,436375
1127665,42,0,0,6,0,0,0,1,1,0,0,0,0,0,0,436377,0,1,0,0,0,1,0,0,0,0,0,0,0,0,0,0,0,5,0,436378
1127666,23,0,0,6,0,0,3000,1,1,0,0,0,0,0,0,436378,0,1,0,0,0,1,0,0,0,0,0,0,0,0,0,0,0,1,0,436379
1127669,0,0,1,64,0,0,0,0,1,0,0,0,0,0,0,436380,0,1,0,0,0,1,1,0,0,2000,0,0,0,0,0,0,0,1,0,436381
1127672,0,0,1,64,0,0,0,0,1,0,0,0,0,0,0,436382,0,1,0,0,0,1,1,0,0,2000,0,0,0,0,0,0,0,1,0,436383
1127733,0,0,0,16,0,0,0,0,1,0,0,0,0,0,0,0,0,1,0,0,0,1,0,0,0,79972,0,0,0,0,0,0,0,1,0,436419
1127740,0,0,0,16,0,0,0,0,1,0,0,0,0,0,0,0,0,1,0,0,0,1,0,0,0,79973,0,0,0,0,0,0,0,1,0,436425
1127760,23,0,0,6,0,0,10000,0,1,0,0,0,0,0,0,1305189,0,1,0,0,0,1,30,0,0,0,0,20,0,0,0,0,0,30,0,436443
1127796,42,0,0,6,0,0,0,0,1,0,0,0,0,0,0,436471,0,1,0,0,0,1,0,0,0,0,0,0,0,0,0,0,0,1,0,436469
1127811,42,0,0,6,0,0,0,0,1,0,0,0,0,0,0,436481,0,1,0,0,0,1,0,0,0,0,0,0,0,0,0,0,0,1,0,436482
1127865,0,0,0,16,0,0,0,0,1,0,0,0,0,0,0,0,0,1,0,0,0,1,0,0,0,79983,0,0,0,0,0,0,0,1,0,436529
1128156,23,0,0,6,0,0,3000,0,1,0,0,0,0,0,0,436689,0,1,0,0,0,1,0,0,0,0,0,0,0,0,0,0,0,1,0,436690
1128259,23,0,1,6,0,0,1000,0,1,0,0,0,0,0,0,436743,0,1,0,0,0,1,0,0,0,0,0,0,0,0,0,0,0,25,0,436741
1128383,23,0,0,6,0,0,5000,0,1,0,0,0,0,0,0,436822,0,1,0,0,0,1,0,0,0,0,0,0,0,0,0,0,0,1,0,436821
1128392,23,0,0,6,0,0,2000,0,1,0,0,0,0,0,0,436830,0,1,0,0,0,1,0,0,0,0,0,0,0,0,0,0,0,1,0,436829
1128446,42,0,0,6,0,0,0,0,1,0,0,0,0,0,0,436973,0,1,0,0,0,1,0,0,0,0,0,0,0,0,0,0,0,1,0,436858
1128450,42,0,0,6,0,0,0,0,1,0,0,0,0,0,0,436969,0,1,0,0,0,1,0,0,0,0,0,0,0,0,0,0,0,1,0,436861
1128452,42,0,0,6,0,0,0,0,1,0,0,0,0,0,0,436970,0,1,0,0,0,1,0,0,0,0,0,0,0,0,0,0,0,1,0,436863
1129529,428,0,0,6,0,0,0,0,1,0,0,0,0,0,0,437525,0,1,0,0,0,1,0,0,0,0,0,0,0,0,0,0,0,1,0,437524
1129616,0,0,2,16,0,0,0,0,1,0,0,0,0,0,0,0,0,1,0,0,0,1,0,0,0,80056,0,0,12,0,0,0,0,25,37,437589
1129679,42,0,0,6,0,0,0,0,1,0,0,0,0,0,0,437630,0,1,0,0,0,1,0,0,0,0,0,0,0,0,0,0,0,1,0,437629
1129816,23,0,0,6,0,0,2000,1,1,0,0,0,0,0,0,437715,0,1,0,0.10461538285,0,1,325,0,0,0,0,0,0,0,0,0,0,1,0,437711
1129913,23,0,1,6,0,0,3000,0,1,0,0,0,0,0,0,436474,0,1,0,0,0,1,0,0,0,0,0,0,0,0,0,0,0,1,0,437764
1130125,0,0,0,64,0,0,0,0,1,0,0,0,0,0,0,437834,0,1,0,0,0,1,0,0,0,1300,0,0,0,0,0,0,0,63,0,437902
1130161,23,0,0,6,0,0,1000,0,1,0,0,0,0,0,0,437924,0,1,0,0,0,1,0,0,0,0,0,0,0,0,0,0,0,1,0,437921
1130167,23,0,1,6,0,0,1000,0,1,0,0,0,0,0,0,437840,0,1,0,0,0,1,0,0,0,0,0,0,0,0,0,0,0,1,0,437846
1130185,0,0,1,64,0,0,0,0,1,0,0,0,0,0,0,437933,0,1,0,0,0,1,0,0,0,1300,0,0,0,0,0,0,0,63,0,437902
1130436,23,0,1,6,0,0,5000,0,1,0,0,0,0,0,0,438062,0,1,0,0,0,1,0,0,0,0,0,0,0,0,0,0,0,1,0,436434
1130865,23,0,1,6,0,0,4000,0,1,0,0,0,0,0,0,438326,0,1,0,0,0,1,0,0,0,0,0,0,0,0,0,0,0,1,0,438294
1130926,361,0,2,6,0,0,0,0,1,0,0,0,0,0,0,438358,0,1,0,0,0,1,0,0,0,0,0,0,0,0,0,0,0,1,0,436434
1131204,0,0,3,64,0,0,0,0,1,0,0,0,0,0,0,438539,0,1,0,0,0,1,0,0,0,700,0,0,0,0,0,0,0,6,0,438538
1131211,0,0,1,64,0,0,0,0,1,0,0,0,0,0,0,438538,0,1,0,0,0,1,0,0,0,50,0,0,0,0,0,0,0,6,0,438541
1131220,23,0,2,6,0,0,500,0,1,0,0,0,0,0,0,438547,0,1,0,0,0,1,0,0,0,0,0,0,0,0,0,0,0,1,0,437362
1131221,23,0,3,6,0,0,500,0,1,0,0,0,0,0,0,438547,0,1,0,0,0,1,0,0,0,0,0,0,0,0,0,0,0,1,0,437349
1131227,0,0,2,64,0,0,0,0,1,0,0,0,0,0,0,438550,0,1,0,0,0,1,0,0,0,500,0,0,0,0,0,0,0,6,0,438539
1131254,23,0,3,6,0,0,3000,0,1,0,0,0,0,0,0,438567,0,1,0,0,0,1,0,0,0,0,0,0,0,0,0,0,0,1,0,436434
1131472,0,0,1,64,0,0,0,0,1,0,0,0,0,0,0,438710,0,1,0,0,0,1,0,0,0,0,0,0,0,0,0,0,0,25,0,438683
1131727,42,0,0,6,0,0,0,0,1,0,0,0,0,0,0,438717,0,1,0,0,0,1,1,0,0,0,0,0,0,0,0,0,0,1,0,438857
1131744,0,0,1,64,0,0,0,0,1,0,0,0,0,0,0,438865,0,1,0,0,0,1,0,0,0,0,0,0,0,0,0,0,0,0,0,431720
1132197,23,0,3,6,0,0,500,0,1,0,0,0,0,0,0,438548,0,1,0,0,0,1,0,0,0,0,0,0,0,0,0,0,0,1,0,437327
1132205,0,0,1,64,0,0,0,0,1,0,0,0,0,0,0,438720,0,1,0,0,0,1,0,0,0,0,0,0,0,0,0,0,0,25,0,438719
1132600,42,0,0,6,0,0,0,0,1,0,0,0,0,0,0,438725,0,1,0,0,0,1,1,0,0,0,0,0,0,0,0,0,0,1,0,439338
1132616,0,0,1,64,0,0,0,0,1,0,0,0,0,0,0,438727,0,1,0,0,0,1,0,0,0,0,0,0,0,0,0,0,0,0,0,438726
1132891,42,0,0,6,0,0,0,0,1,0,0,0,0,0,0,438730,0,1,0,0,0,1,1,0,0,0,0,0,0,0,0,0,0,1,0,439540
1133230,0,0,1,64,0,0,0,0,1,0,0,0,0,0,0,439756,0,1,0,0,0,1,0,0,0,0,0,0,0,0,0,0,0,6,0,439753
1133543,23,0,0,6,0,0,1000,0,1,0,0,0,0,0,0,438720,0,1,0,0,0,1,0,0,0,0,0,0,0,0,0,0,0,25,0,439939
1133619,23,0,0,6,0,0,30000,0,1,0,0,0,0,0,0,439996,0,1,0,0,0,1,0,0,0,0,0,0,0,0,0,0,0,1,0,439995
1133797,42,0,0,6,0,0,0,0,1,0,0,0,0,0,0,440114,0,1,0,0,0,1,9,0,0,0,0,0,0,0,0,0,0,1,0,440113
1134468,42,0,1,6,0,0,0,1,1,0,0,0,0,0,0,1242688,0,1,0,0,0,1,100,0,0,0,0,0,0,0,0,0,0,1,0,440529
1134473,109,0,0,6,0,0,0,1,1,0,0,0,0,0,0,440531,0,1,0,0,0,1,100,0,0,0,0,0,0,0,0,65536,0,1,0,440533
1135006,0,0,1,16,0,0,0,0,1,0,0,0,0,0,0,0,0,1,0,0,0,1,0,0,0,80410,0,0,0,0,0,0,0,1,0,440856
1135651,23,0,0,6,0,0,3000,0,1,0,0,0,0,0,0,438710,0,1,0,0,0,1,0,0,0,0,0,0,0,0,0,0,0,25,0,441281
1135652,23,0,0,6,0,0,1000,0,1,0,0,0,0,0,0,439672,0,1,0,0,0,1,0,0,0,0,0,0,0,0,0,0,0,25,0,441282
1135653,23,0,1,6,0,0,1000,0,1,0,0,0,0,0,0,438727,0,1,0,0,0,1,0,0,0,0,0,0,0,0,0,0,0,25,0,441282
1135734,23,0,0,6,0,0,5000,0,1,0,0,0,0,0,0,441336,0,1,0,0,0,1,0,0,0,0,0,0,0,0,0,0,0,1,0,441335
1135926,0,0,3,64,0,0,0,0,1,0,0,0,0,0,0,441448,0,1,0,0,0,1,0,0,0,0,0,0,0,0,0,0,0,25,0,438735
1135932,0,0,1,64,0,0,0,0,1,2,0,0,0,0,0,11825,0,1,0,0,0,1,0,0,0,0,0,0,0,0,0,0,0,6,0,441453
1135937,23,198,0,6,0,0,2000,0,1,0,0,0,0,0,0,9770,0,1,0,0,0,1,1,0,0,0,0,0,0,0,0,0,0,1,0,9769
1135940,0,198,1,64,0,0,0,0,1,0,0,0,0,0,0,9775,0,1,0,0,0,1,1,0,0,0,0,0,0,0,0,0,0,6,0,9771
1136073,42,0,0,6,0,0,0,0,1,0,0,0,0,0,0,441532,0,1,0,0,0,1,1,0,0,0,0,0,0,0,0,0,0,1,0,441540
1137203,42,0,0,6,0,0,0,0,1,0,0,0,0,0,0,439164,0,1,0,0,0,1,10,0,0,0,0,0,0,0,0,0,0,1,0,442206
1138520,0,0,0,16,0,0,0,0,1,0,0,0,0,0,0,0,0,1,0,0,0,1,0,0,0,81573,0,0,22,0,0,0,0,22,7,442945
1138521,42,0,0,6,0,0,0,0,1,0,0,0,0,0,0,442947,0,1,0,0,0,1,1,0,0,0,0,0,0,0,0,0,0,1,0,442946
1138529,0,0,1,16,0,0,0,0,1,0,0,0,0,0,0,0,0,1,0,0,0,1,0,0,0,81573,0,0,0,0,0,0,0,1,0,442948
1139009,23,0,0,6,0,0,500,0,1,0,0,0,0,0,0,443237,0,1,0,0,0,1,0,0,0,0,0,0,0,0,0,0,0,1,0,443233
1139080,42,0,0,6,0,0,0,0,1,0,0,0,0,0,0,443678,0,1,0,0,0,1,1,0,0,0,0,0,0,0,0,0,0,1,0,443278
1139100,23,0,0,6,0,0,500,0,1,0,0,0,0,0,0,443290,0,1,0,0,0,1,0,0,0,0,0,0,0,0,0,0,0,1,0,443291
1139491,0,0,1,64,0,0,0,0,1,0,0,0,0,0,0,443395,0,1,0,0,0,1,0,0,0,0,0,0,0,0,0,0,0,1,0,443518
1139695,23,0,8,6,0,0,1000,0,1,0,0,0,0,0,0,443630,0,1,0,0,0,1,0,0,0,0,0,0,0,0,0,0,0,1,0,441785
1140618,23,0,0,6,0,0,2000,0,1,0,0,0,0,0,0,444284,0,1,0,0,0,1,0,0,0,0,0,0,0,0,0,0,0,1,0,444273
1140634,23,0,0,6,0,0,2000,0,1,0,0,0,0,0,0,444286,0,1,0,0,0,1,0,0,0,0,0,0,0,0,0,0,0,25,0,444285
1140641,23,0,0,6,0,0,2000,0,1,0,0,0,0,0,0,444291,0,1,0,0,0,1,0,0,0,0,0,0,0,0,0,0,0,25,0,444290
1141005,23,0,0,6,0,0,5000,0,1,0,0,0,0,0,0,444517,0,1,0,0,0,1,0,0,0,0,0,0,0,0,0,0,0,1,0,444515
1141184,0,0,0,16,0,0,0,0,1,0,0,0,0,0,0,0,0,1,0,0,0,1,0,0,0,81879,0,0,0,0,0,0,0,1,0,444651
1141185,0,0,0,139,0,0,0,0,1,0,0,0,0,0,0,0,0,1,0,0,0,1,0,0,0,81879,0,0,0,0,0,0,0,1,0,444652
1141533,0,0,0,16,0,0,0,0,1,0,0,0,0,0,0,0,0,1,0,0,0,1,0,0,0,81883,0,0,0,0,0,0,0,1,0,444890
1141534,0,0,0,16,0,0,0,0,1,0,0,0,0,0,0,0,0,1,0,0,0,1,0,0,0,81884,0,0,0,0,0,0,0,1,0,444891
1141702,23,0,0,6,0,0,500,0,1,0,0,0,0,0,0,444987,0,1,0,0,0,1,0,0,0,0,0,0,0,0,0,0,0,1,0,444991
1141981,0,0,1,64,0,0,0,0,1,0,0,0,0,0,0,445201,0,1,0,0,0,1,0,0,0,0,0,0,0,0,0,0,0,1,0,445185
1141987,0,0,1,64,0,0,0,0,1,0,0,0,0,0,0,445202,0,1,0,0,0,1,0,0,0,0,0,0,0,0,0,0,0,1,0,445189
1142131,42,0,0,6,0,0,0,0,1,0,0,0,0,0,0,445284,0,1,0,0,0,1,0,0,0,0,0,0,0,0,0,0,0,1,0,445283
1142134,42,0,0,6,0,0,0,0,1,0,0,0,0,0,0,445286,0,1,0,0,0,1,0,0,0,0,0,0,0,0,0,0,0,1,0,445285
1142394,0,0,1,64,0,0,0,0,1,0,0,0,0,0,0,445501,0,1,0,0,0,1,0,0,0,0,0,23,0,0,0,0,0,30,0,444895
1142503,0,0,1,64,0,0,0,0,1,0,0,0,0,0,0,445573,0,1,0,0,0,1,0,0,0,50,0,0,0,0,0,0,0,1,0,445571
1142505,0,0,2,64,0,0,0,0,1,0,0,0,0,0,0,445573,0,1,0,0,0,1,0,0,0,50,0,0,0,0,0,0,0,1,0,445571
1142506,0,0,3,64,0,0,0,0,1,0,0,0,0,0,0,445573,0,1,0,0,0,1,0,0,0,250,0,0,0,0,0,0,0,1,0,445571
1142788,23,0,0,6,0,0,1000,0,1,0,0,0,0,0,0,445821,0,1,0,0,0,1,0,0,0,0,0,0,0,0,0,0,0,25,0,445770
1142937,42,0,2,6,0,0,0,0,1,0,0,0,0,0,0,3439,0,1,0,0,0,1,1,0,0,0,0,0,0,0,0,0,0,6,0,445867
1142952,23,0,0,6,0,0,1000,0,1,0,0,0,0,0,0,447578,0,1,0,0,0,1,0,0,0,0,0,0,0,0,0,0,0,1,0,445875
1143006,23,0,0,6,0,0,500,0,1,0,0,0,0,0,0,445914,0,1,0,0,0,1,1000,0,0,0,0,0,0,0,0,0,0,1,0,445911
1143299,42,0,0,6,0,0,0,0,1,0,0,0,0,0,0,446094,0,1,0,0,0,1,0,0,0,0,0,0,0,0,0,0,0,1,0,446089
1143311,42,0,0,6,0,0,0,0,1,0,0,0,0,0,0,408953,0,1,0,0,0,1,0,0,0,0,0,0,0,0,0,0,0,1,0,446095
1143314,0,0,0,16,0,0,0,0,1,0,0,0,0,0,0,0,0,1,0,0,0,1,0,0,0,82015,0,0,0,0,0,0,0,1,0,446096
1143350,0,0,0,16,0,0,0,0,1,0,0,0,0,0,0,0,0,1,0,0,0,1,0,0,0,82015,0,0,0,0,0,0,0,1,0,446120
1143351,23,0,0,6,0,0,500,0,1,0,0,0,0,0,0,446122,0,1,0,0,0,1,0,0,0,0,0,0,0,0,0,0,0,1,0,446121
1143354,23,0,0,6,0,0,500,0,1,0,0,0,0,0,0,446125,0,1,0,0,0,1,0,0,0,0,0,0,0,0,0,0,0,1,0,446124
1143372,0,0,0,255,0,0,0,0,1,0,0,0,0,0,0,0,0,1,0,0,0,1,0,0,0,3634,0,0,0,0,0,0,0,1,0,446137
1143373,0,0,1,16,0,0,0,0,1,0,0,0,0,0,0,0,0,1,0,0,0,1,0,0,0,82027,0,0,0,0,0,0,0,1,0,446137
1143412,0,0,0,16,0,0,0,0,1,0,0,0,0,0,0,0,0,1,0,0,0,1,0,0,0,82032,0,0,0,0,0,0,0,1,0,446160
1143500,42,0,0,6,0,0,0,0,1,0,0,0,0,0,0,446219,0,1,0,0,0,1,15,0,0,0,0,0,0,0,0,0,0,1,0,446220
1143525,42,0,0,6,0,0,0,1,1,0,0,0,0,0,0,446231,0,1,0,0,0,1,0,0,0,0,0,0,0,0,0,0,0,1,0,446233
1143580,0,0,1,64,0,0,0,0,1,0,0,0,0,0,0,446267,0,1,0,0,0,1,0,0,0,50,0,0,0,0,0,0,0,1,0,446265
1143581,0,0,2,64,0,0,0,0,1,0,0,0,0,0,0,446267,0,1,0,0,0,1,0,0,0,50,0,0,0,0,0,0,0,1,0,446265
1143582,0,0,3,64,0,0,0,0,1,0,0,0,0,0,0,446267,0,1,0,0,0,1,0,0,0,250,0,0,0,0,0,0,0,1,0,446265
1143587,42,0,1,6,0,0,0,0,1,0,0,0,0,0,0,446258,0,1,0,0,0,1,0,0,0,0,0,0,0,0,0,0,0,0,0,446256
1143627,0,0,1,64,0,0,0,0,1,0,0,0,0,0,0,446303,0,1,0,0,0,1,0,0,0,0,0,0,0,0,0,0,0,0,0,446297
1143645,42,0,0,6,0,0,0,0,1,0,0,0,0,0,0,452574,0,1,0,0,0,1,0,0,0,0,0,0,0,0,0,0,0,1,0,446310
1143646,0,0,1,64,0,0,0,0,1,0,0,0,0,0,0,446314,0,1,0,0,0,1,0,0,0,0,0,0,0,0,0,0,0,1,0,446310
1143717,42,0,0,6,0,0,0,0,1,0,0,0,0,0,0,9204,0,1,0,0,0,1,1,0,0,0,0,0,0,0,0,0,0,1,0,446357
1143754,42,0,0,6,0,0,0,0,1,0,0,0,0,0,0,446388,0,1,0,0.66666668653,0,1,75,0,0,0,0,0,0,0,0,0,0,1,0,446389
1143755,42,0,0,6,0,0,0,0,1,0,0,0,0,0,0,446391,0,1,0,0,0,1,0,0,0,0,0,0,0,0,0,0,0,1,0,446390
1143757,42,0,0,6,0,0,0,0,1,0,0,0,0,0,0,446393,0,1,0,0,0,1,0,0,0,0,0,0,0,0,0,0,0,1,0,446392
1143760,42,0,0,6,0,0,0,0,1,0,0,0,0,0,0,446394,0,1,0,0,0,1,100,0,0,0,0,0,0,0,0,0,0,1,0,446395
1143929,0,0,5,16,0,0,0,0,1,0,0,0,0,0,0,0,0,1,0,0,0,1,0,0,0,82014,0,0,0,0,0,0,0,1,0,446091
1143932,42,0,0,6,0,0,0,0,1,0,0,0,0,0,0,446528,0,1,0,0,0,1,10,0,0,0,0,0,0,0,0,0,0,1,0,446518
1143967,42,0,0,6,0,0,0,0,1,0,0,0,0,0,0,446541,0,1,0,0,0,1,50,0,0,0,0,0,0,0,0,0,0,1,0,446545
1143996,42,0,0,6,0,0,0,0,1,0,0,0,0,0,0,446572,0,1,0,0,0,1,10,0,0,0,0,0,0,0,0,0,0,1,0,446570
1144010,42,0,0,6,0,0,0,0,1,0,0,0,0,0,0,446577,0,1,0,0,0,1,10,0,0,0,0,0,0,0,0,0,0,1,0,446579
1144020,23,0,0,6,0,0,1000,0,1,0,0,0,0,0,0,447301,0,1,0,0,0,1,0,0,0,0,0,0,0,0,0,0,0,1,0,446586
1144031,42,0,0,6,0,0,0,0,1,0,0,0,0,0,0,446597,0,1,0,0,0,1,50,0,0,0,0,0,0,0,0,0,0,1,0,446592
1144067,42,0,0,6,0,0,0,0,1,0,0,0,0,0,0,446618,0,1,0,0,0,1,10,0,0,0,0,0,0,0,0,0,0,1,0,446620
1144087,42,0,0,6,0,0,0,0,1,0,0,0,0,0,0,446630,0,1,0,0,0,1,10,0,0,0,0,0,0,0,0,0,0,1,0,446628
1144154,0,0,0,64,0,0,0,0,1,0,0,0,0,0,0,446410,0,1,0,0,0,1,0,0,0,0,0,0,0,0,0,0,0,1,0,446661
1144155,0,0,1,64,0,0,0,0,1,0,0,0,0,0,0,446410,0,1,0,0,0,1,0,0,0,500,0,0,0,0,0,0,0,1,0,446661
1144158,0,0,2,64,0,0,0,0,1,0,0,0,0,0,0,446410,0,1,0,0,0,1,0,0,0,1000,0,0,0,0,0,0,0,1,0,446661
1144159,0,0,3,64,0,0,0,0,1,0,0,0,0,0,0,446410,0,1,0,0,0,1,0,0,0,1500,0,0,0,0,0,0,0,1,0,446661
1144160,0,0,4,64,0,0,0,0,1,0,0,0,0,0,0,446410,0,1,0,0,0,1,0,0,0,2000,0,0,0,0,0,0,0,1,0,446661
1144176,42,0,0,6,0,0,0,0,1,0,0,0,0,0,0,446677,0,1,0,0,0,1,0,0,0,0,0,0,0,0,0,0,0,1,0,446675
1144198,42,0,0,6,0,0,0,1,1,0,0,0,0,0,0,446687,0,1,0,0,0,1,0,0,0,0,0,0,0,0,0,0,0,1,0,446689
1144232,42,0,0,6,0,0,0,0,1,0,0,0,0,0,0,446706,0,1,0,0,0,1,100,0,0,0,0,0,0,0,0,0,0,1,0,446705
1144239,0,0,1,64,0,0,0,0,1,0,0,0,0,0,0,446711,0,1,0,0,0,1,0,0,0,0,0,0,0,0,0,0,0,1,0,446710
1144244,0,0,0,64,0,0,0,0,1,0,0,0,0,0,0,446713,0,1,0,0,0,1,0,0,0,0,0,0,0,0,0,0,0,1,0,446715
1144245,0,0,1,64,0,0,0,0,1,0,0,0,0,0,0,446714,0,1,0,0,0,1,0,0,0,0,0,0,0,0,0,0,0,1,0,446715
1144253,0,0,2,64,0,0,0,0,1,0,0,0,0,0,0,446720,0,1,0,0,0,1,1,0,0,10000,0,0,0,0,0,0,0,1,0,446715
1144256,42,0,0,6,0,0,0,0,1,0,0,0,0,0,0,446722,0,1,0,0,0,1,0,0,0,0,0,0,0,0,0,0,0,1,0,446723
1144257,42,0,0,6,0,0,0,0,1,0,0,0,0,0,0,446725,0,1,0,0,0,1,0,0,0,0,0,0,0,0,0,0,0,1,0,446724
1144392,42,0,2,6,0,0,0,0,1,0,0,0,0,0,0,446792,0,1,0,0,0,1,0,0,0,0,0,0,0,0,0,0,0,1,0,446396
1144739,0,0,0,64,0,0,0,0,1,0,0,0,0,0,0,447032,0,1,0,0,0,1,0,0,0,0,0,0,0,0,0,0,0,1,0,447031
1144740,0,0,1,64,0,0,0,0,1,0,0,0,0,0,0,447032,0,1,0,0,0,1,0,0,0,500,0,0,0,0,0,0,0,1,0,447031
1144741,0,0,2,64,0,0,0,0,1,0,0,0,0,0,0,447032,0,1,0,0,0,1,0,0,0,1000,0,0,0,0,0,0,0,1,0,447031
1144742,0,0,3,64,0,0,0,0,1,0,0,0,0,0,0,447032,0,1,0,0,0,1,0,0,0,1500,0,0,0,0,0,0,0,1,0,447031
1144743,0,0,4,64,0,0,0,0,1,0,0,0,0,0,0,447032,0,1,0,0,0,1,0,0,0,2000,0,0,0,0,0,0,0,1,0,447031
1145140,42,0,0,6,0,0,0,0,1,0,0,0,0,0,0,447267,0,1,0,0,0,1,0,0,0,0,0,0,0,0,0,0,0,1,0,447259
1145141,23,0,0,6,0,0,8000,0,1,0,0,0,0,0,0,447298,0,1,0,0,0,1,1,0,0,0,0,0,0,0,0,0,0,1,0,447260
1145205,23,0,0,6,0,0,8000,0,1,0,0,0,0,0,0,447299,0,1,0,0,0,1,1,0,0,0,0,0,0,0,0,0,0,1,0,447300
1145208,23,0,1,6,0,0,5000,0,1,0,0,0,0,0,0,447302,0,1,0,0,0,1,0,0,0,0,0,0,0,0,0,0,0,1,0,446860
1145326,0,0,1,64,0,0,0,0,1,0,0,0,0,0,0,447397,0,1,0,0,0,1,0,0,0,0,0,0,0,0,0,0,0,1,0,447282
1145348,23,0,1,6,0,0,5000,0,1,0,0,0,0,0,0,447302,0,1,0,0,0,1,0,0,0,0,0,0,0,0,0,0,0,1,0,447409
1145620,0,0,4,64,0,0,0,0,1,0,0,0,0,0,0,447544,0,1,0,0,0,1,0,0,0,3500,0,0,0,0,0,0,0,0,0,446586
1145633,42,0,0,6,0,0,0,0,1,0,0,0,0,0,0,19270,0,1,0,0,0,1,0,0,0,0,0,0,0,0,0,0,0,1,0,447549
1145635,23,0,1,6,0,0,5000,0,1,0,0,0,0,0,0,447302,0,1,0,0,0,1,0,0,0,0,0,0,0,0,0,0,0,1,0,447550
1145687,42,0,0,6,0,0,0,0,1,0,0,0,0,0,0,447582,0,1,0,0,0,1,1,0,0,0,0,0,0,0,0,0,0,1,0,447584
1146471,361,0,0,6,0,0,0,0,1,0,0,0,0,0,0,448160,0,1,0,0,0,1,0,0,0,0,0,0,0,0,0,0,0,1,0,448156
1146613,0,0,1,64,0,0,0,0,1,0,0,0,0,0,0,448245,0,1,0,0,0,1,0,0,0,50,0,0,0,0,0,0,0,1,0,448246
1146614,0,0,2,64,0,0,0,0,1,0,0,0,0,0,0,448245,0,1,0,0,0,1,0,0,0,50,0,0,0,0,0,0,0,1,0,448246
1146615,0,0,3,64,0,0,0,0,1,0,0,0,0,0,0,448245,0,1,0,0,0,1,0,0,0,250,0,0,0,0,0,0,0,1,0,448246
1147063,23,0,0,6,0,0,3000,0,1,0,0,0,0,0,0,446311,0,1,0,0,0,1,0,0,0,0,0,0,0,0,0,0,0,1,0,448526
1147133,0,0,2,64,0,0,0,0,1,0,0,0,0,0,0,448573,0,1,0,0,0,1,0,0,0,0,0,0,0,0,0,0,0,6,0,446319
1147134,0,0,3,64,0,0,0,0,1,0,0,0,0,0,0,448574,0,1,0,0,0,1,0,0,0,0,0,0,0,0,0,0,0,6,0,446319
1147135,23,0,0,6,0,0,1000,0,1,0,0,0,0,0,0,448576,0,1,0,0,0,1,0,0,0,0,0,0,0,0,0,0,0,1,0,448575
1147765,23,0,0,6,0,0,5000,0,1,0,0,0,0,0,0,448955,0,1,0,0,0,1,0,0,0,0,0,0,0,0,0,0,0,1,0,448956
1147827,0,0,1,64,0,0,0,0,1,0,0,0,0,0,0,448717,0,1,0,0.47999998927,0,1,75,0,0,200,0,0,20,0,0,0,0,22,15,448707
1147854,42,0,1,6,0,0,0,0,1,0,0,0,0,0,0,449010,0,1,0,0,0,1,0,0,0,0,0,0,0,0,0,0,0,1,0,449009
1147865,23,0,1,6,0,0,2000,0,1,0,0,0,0,0,0,449012,0,1,0,0,0,1,0,0,0,0,0,0,0,0,0,0,0,25,0,449013
1148506,0,0,1,64,0,0,0,0,1,0,0,0,0,0,0,449414,0,1,0,0,0,1,1,0,0,0,0,15,0,0,0,0,0,47,0,446101
1149567,42,0,0,6,0,0,0,1,1,0,0,0,0,0,0,449920,0,1,0,0,0,1,0,0,0,0,0,0,0,0,0,0,0,1,0,449919
1149569,42,0,0,6,0,0,0,1,1,0,0,0,0,0,0,449923,0,1,0,0,0,1,0,0,0,0,0,0,0,0,0,0,0,1,0,449921
1149572,42,0,0,6,0,0,0,1,1,0,0,0,0,0,0,449925,0,1,0,0,0,1,0,0,0,0,0,0,0,0,0,0,0,1,0,449924
1149577,42,0,0,6,0,0,0,0,1,0,0,0,0,0,0,449927,0,1,0,0,0,1,0,0,0,0,0,0,0,0,0,0,0,1,0,449928
1149579,42,0,0,6,0,0,0,0,1,0,0,0,0,0,0,408261,0,1,0,0,0,1,0,0,0,0,0,0,0,0,0,0,0,1,0,449929
1149581,42,0,0,6,0,0,0,0,1,0,0,0,0,0,0,449932,0,1,0,0,0,1,10,0,0,0,0,0,0,0,0,0,0,1,0,449931
1149586,42,0,0,6,0,0,0,0,1,0,0,0,0,0,0,449934,0,1,0,0,0,1,1,0,0,0,0,0,0,0,0,0,0,1,0,449935
1149662,42,0,0,6,0,0,0,0,1,0,0,0,0,0,0,21919,0,1,0,0,0,1,0,0,0,0,0,0,0,0,0,0,0,1,0,449970
1149672,42,0,0,6,0,0,0,1,1,0,0,0,0,0,0,449975,0,1,0,0,0,1,0,0,0,0,0,0,0,0,0,0,0,1,0,449974
1149681,42,0,0,6,0,0,0,1,1,0,0,0,0,0,0,449982,0,1,0,0,0,1,2,0,0,0,0,0,0,0,0,0,0,1,0,449980
1149736,42,0,0,6,0,0,0,1,1,0,0,0,0,0,0,450013,0,1,0,0,0,1,2,0,0,0,0,0,0,0,0,0,0,1,0,450012
1149840,42,0,0,6,0,0,0,1,1,0,0,0,0,0,0,450084,0,1,0,0,0,1,0,0,0,0,0,0,0,0,0,0,0,1,0,450083
1149877,42,0,0,6,0,0,0,0,1,0,0,0,0,0,0,446391,0,1,0,0,0,1,0,0,0,0,0,0,0,0,0,0,0,1,0,450109
1149878,42,0,0,6,0,0,0,0,1,0,0,0,0,0,0,446393,0,1,0,0,0,1,0,0,0,0,0,0,0,0,0,0,0,1,0,450110
1150500,42,0,0,6,0,0,0,1,1,0,0,0,0,0,0,450554,0,1,0,0,0,1,200,0,0,0,0,0,0,0,0,0,0,1,0,450527
1150572,42,0,0,6,0,0,0,1,1,0,0,0,0,0,0,450554,0,1,0,0,0,1,200,0,0,0,0,0,0,0,0,0,0,1,0,450576
1150573,42,0,0,6,0,0,0,1,1,0,0,0,0,0,0,450554,0,1,0,0,0,1,200,0,0,0,0,0,0,0,0,0,0,1,0,450577
1150584,42,0,0,6,0,0,0,1,1,0,0,0,0,0,0,450583,0,1,0,0,0,1,300,0,0,0,0,0,0,0,0,0,0,1,0,450585
1150590,42,0,0,6,0,0,0,1,1,0,0,0,0,0,0,450589,0,1,0,0,0,1,0,0,0,0,0,0,0,0,0,0,0,1,0,450587
1150613,42,0,0,6,0,0,0,0,1,0,0,0,0,0,0,450607,0,1,0,0,0,1,0,0,0,0,0,0,0,0,0,0,0,1,0,450606
1150618,42,0,2,6,0,0,0,0,1,0,0,0,0,0,0,450640,0,1,0,0,0,1,1,0,0,0,0,0,0,0,0,0,0,6,0,450607
1150643,42,0,0,6,0,0,0,0,1,0,0,0,0,0,0,27499,0,1,0,0,0,1,0,0,0,0,0,0,0,0,0,0,0,1,0,450625
1150644,42,0,0,6,0,0,0,0,1,0,0,0,0,0,0,27775,0,1,0,0,0,1,0,0,0,0,0,0,0,0,0,0,0,1,0,450626
1150677,42,0,2,6,0,0,0,0,1,0,0,0,0,0,0,450640,0,1,0,0,0,1,1,0,0,0,0,0,0,0,0,0,0,58,0,450640
1150681,42,0,0,6,0,0,0,0,1,0,0,0,0,0,0,450643,0,1,0,0,0,1,0,0,0,0,0,0,0,0,0,0,0,1,0,450642
1150682,23,0,0,6,0,0,15000,0,1,0,0,0,0,0,0,450644,0,1,0,0,0,1,0,0,0,0,0,0,0,0,0,0,0,6,0,450643
1151092,23,0,0,6,0,0,2000,0,1,0,0,0,0,0,0,450874,0,1,0,0,0,1,0,0,0,0,0,0,0,0,0,0,0,1,0,450881
1151998,42,0,0,6,0,0,0,0,1,0,0,0,0,0,0,446388,0,1,0,0.66666668653,0,1,150,0,0,0,0,0,0,0,0,0,0,1,0,451415
1152043,109,0,0,6,0,0,0,1,1,0,0,0,20,0,0,451438,0,1,0,0,0,1,0,0,0,0,0,0,0,1179648,8,0,32768,1,0,451439
1153584,42,0,0,6,0,0,0,0,1,0,0,0,0,0,0,453021,0,1,0,0,0,1,0,0,0,0,0,0,0,0,0,0,0,1,0,452428
1153590,42,0,0,6,0,0,0,0,1,0,0,0,0,0,0,452430,0,1,0,0,0,1,0,0,0,0,0,0,0,0,0,0,0,1,0,452432
1153624,42,0,0,6,0,0,0,0,1,0,0,0,0,0,0,453081,0,1,0,0,0,1,1,0,0,0,0,0,0,0,0,0,0,1,0,452454
1153631,42,0,0,6,0,0,0,0,1,0,0,0,0,0,0,453085,0,1,0,0,0,1,1,0,0,0,0,0,0,0,0,0,0,1,0,452460
1154548,42,0,0,6,0,0,0,0,1,0,0,0,0,0,0,453028,0,1,0,0,0,1,0,0,0,0,0,0,0,0,0,0,0,1,0,453017
1155131,0,0,0,64,0,0,0,0,1,0,0,0,0,0,0,453343,0,1,0,0,0,1,0,0,0,0,0,0,0,0,0,0,0,0,0,453342
1155133,0,0,1,64,0,0,0,0,1,0,0,0,0,0,0,453343,0,1,0,0,0,1,0,0,0,500,0,0,0,0,0,0,0,0,0,453342
1155134,0,0,2,64,0,0,0,0,1,0,0,0,0,0,0,453343,0,1,0,0,0,1,0,0,0,1000,0,0,0,0,0,0,0,0,0,453342
1155136,0,0,3,64,0,0,0,0,1,0,0,0,0,0,0,453344,0,1,0,0,0,1,0,0,0,1500,0,0,0,0,0,0,0,0,0,453342
1159154,42,0,0,6,0,0,0,0,1,0,0,0,0,0,0,455595,0,1,0,0,0,1,0,0,0,0,0,0,0,0,0,0,0,1,0,455586
1159641,109,0,0,6,0,0,0,1,1,0,0,0,0,0,0,455868,0,1,0,0,0,1,100,0,0,0,0,0,0,0,0,0,2048,1,0,455864
1159656,109,0,0,6,0,0,0,1,1,0,0,0,20,0,0,455903,0,1,0,0,0,1,0,0,0,0,0,0,0,8388608,0,0,0,1,0,455873
1160265,42,0,0,6,0,0,0,0,1,0,0,0,0,0,0,408953,0,1,0,0,0,1,0,0,0,0,0,0,0,0,0,0,0,1,0,456223
1160473,109,0,0,6,0,0,0,1,1,0,0,0,0,0,0,456339,0,1,0,0,0,1,100,0,0,0,0,0,0,0,131072,0,0,1,0,456337
1160540,109,0,0,6,0,0,0,1,1,0,0,0,0,0,0,456382,0,1,0,0,0,1,100,0,0,0,0,0,0,131072,0,0,0,1,0,456379
1160551,109,0,0,6,0,0,0,1,1,0,0,0,0,0,0,456393,0,1,0,0,0,1,100,0,0,0,0,0,0,0,0,0,1,1,0,456389
1160559,42,0,0,6,0,0,0,1,1,0,0,0,0,0,0,5302,0,1,0,0,0,1,200,0,0,0,0,0,0,0,0,0,0,1,0,456394
1160795,42,0,0,6,0,0,0,1,1,0,0,0,0,0,0,456540,0,1,0,0,0,1,30,0,0,0,0,0,0,0,0,0,0,1,0,456538
1161077,23,0,0,6,0,0,500,0,1,0,0,0,0,0,0,456694,0,1,0,0,0,1,1000,0,0,0,0,0,0,0,0,0,0,1,0,456695
1162270,42,0,0,6,0,0,0,1,1,0,0,0,0,0,0,456549,0,1,0,0,0,1,100,0,0,0,0,0,0,0,0,0,0,1,0,457325
1162275,109,0,0,6,0,0,0,1,1,0,0,0,0,0,0,457331,0,1,0,0,0,1,-100,0,0,0,0,0,0,134217728,0,0,0,1,0,457329
1162307,109,0,0,6,0,0,0,1,1,0,0,0,5,0,0,457342,0,1,0,0,0,1,0,0,0,0,0,0,0,4063232,8,131072,8421376,1,0,457344
1162676,109,0,0,6,0,0,0,1,1,0,0,0,20,0,0,457469,0,1,0,0,0,1,0,0,0,0,0,0,0,4063232,8,131072,8421376,1,0,457464
1162771,42,0,0,6,0,0,0,0,1,0,0,0,0,0,0,415105,0,1,0,0,0,1,14,0,0,0,0,0,0,0,0,0,0,1,0,457520
1162824,42,0,0,6,0,0,0,0,1,0,0,0,0,0,0,16280,0,1,0,0,0,1,1,0,0,0,0,0,0,0,0,0,0,1,0,457540
1162842,4,0,0,6,0,0,0,0,1,0,0,0,0,0,0,16280,0,1,0,0,0,1,50,0,0,0,0,0,0,0,0,0,0,1,0,457548
1162862,42,0,1,6,0,0,0,1,1,0,0,0,0,0,0,440873,0,1,0,0,0,1,4,0,0,0,0,0,0,0,0,0,0,1,0,457553
1163011,42,0,0,6,0,0,0,0,1,0,0,0,0,0,0,457643,0,1,0,0,0,1,420,0,0,0,0,0,0,0,0,0,0,1,0,457642
1163018,42,0,0,6,0,0,0,0,1,0,0,0,0,0,0,457648,0,1,0,0,0,1,10,0,0,0,0,0,0,0,0,0,0,1,0,457646
1163433,0,0,1,64,0,0,0,0,1,0,0,0,0,0,0,457845,0,1,0,0,0,1,0,0,0,250,0,0,0,0,0,0,0,1,0,457844
1163438,23,0,1,6,0,0,22000,0,1,0,0,0,0,0,0,457870,0,1,0,0,0,1,0,0,0,0,0,0,0,0,0,0,0,1,0,456463
1163878,42,0,0,6,0,0,0,1,1,0,0,0,0,0,0,20007,0,1,0,0,0,1,0,0,0,0,0,0,0,0,0,0,0,1,0,458112
1164280,0,0,0,16,0,0,0,0,1,0,0,0,0,0,0,0,0,1,0,0,0,1,0,0,0,83756,0,0,0,0,0,0,0,1,0,458355
1164345,23,0,0,6,0,0,1000,1,1,0,0,0,0,0,0,458389,0,1,0,0,0,1,0,0,0,0,0,0,0,0,0,0,0,1,0,458390
1164348,42,0,0,6,0,0,0,1,1,0,0,0,0,0,0,5302,0,1,0,0,0,1,200,0,0,0,0,0,0,0,0,0,0,1,0,458393
1164539,361,0,3,6,0,0,0,0,1,0,0,0,0,0,0,458491,0,1,0,0,0,1,0,0,0,0,0,0,0,0,0,0,0,1,0,456463
1164853,0,0,0,64,0,0,0,0,1,0,0,0,0,0,0,457844,0,1,0,0,0,1,0,0,0,250,0,0,0,0,0,0,0,1,0,458684
1165198,0,0,1,16,0,0,0,0,1,0,0,0,0,0,0,0,0,1,0,0,0,1,0,0,0,84004,0,0,0,0,0,0,0,1,0,458886
1165201,0,0,1,64,0,0,0,0,1,0,0,0,0,0,0,458888,0,1,0,0,0,1,0,0,0,100,0,0,0,0,0,0,0,1,0,458355
1165352,42,0,0,6,0,0,0,0,1,0,0,0,0,0,0,459005,0,1,0,0,0,1,0,0,0,0,0,0,0,0,0,0,0,1,0,458965
1165376,0,0,0,16,0,0,0,0,1,0,0,0,0,0,0,0,0,1,0,0,0,1,1,0,0,83945,0,0,0,0,0,0,0,144,0,458984
1165377,0,0,0,16,0,0,0,0,1,0,0,0,0,0,0,0,0,1,0,0,0,1,1,0,0,83946,0,0,0,0,0,0,0,144,0,458985
1165380,0,0,0,16,0,0,0,0,1,0,0,0,0,0,0,0,0,1,0,0,0,1,1,0,0,83939,0,0,0,0,0,0,0,144,0,458988
1165382,0,0,0,16,0,0,0,0,1,0,0,0,0,0,0,0,0,1,0,0,0,1,1,0,0,83943,0,0,0,0,0,0,0,144,0,458990
1165383,0,0,0,16,0,0,0,0,1,0,0,0,0,0,0,0,0,1,0,0,0,1,1,0,0,83942,0,0,0,0,0,0,0,144,0,458991
1165384,0,0,0,16,0,0,0,0,1,0,0,0,0,0,0,0,0,1,0,0,0,1,1,0,0,83944,0,0,0,0,0,0,0,144,0,458992
1165385,0,0,0,16,0,0,0,0,1,0,0,0,0,0,0,0,0,1,0,0,0,1,1,0,0,83940,0,0,0,0,0,0,0,144,0,458993
1165386,0,0,0,16,0,0,0,0,1,0,0,0,0,0,0,0,0,1,0,0,0,1,1,0,0,83938,0,0,0,0,0,0,0,144,0,458994
1165615,0,0,0,16,0,0,0,0,1,0,0,0,0,0,0,0,0,1,0,0,0,1,0,0,0,83756,0,0,0,0,0,0,0,1,0,459107
1165616,0,0,1,64,0,0,0,0,1,0,0,0,0,0,0,458888,0,1,0,0,0,1,0,0,0,100,0,0,0,0,0,0,0,1,0,459107
1165617,0,0,2,64,0,0,0,0,1,0,0,0,0,0,0,459622,0,1,0,0,0,1,0,0,0,0,0,0,0,0,0,0,0,38,0,458886
1165724,42,0,0,6,0,0,0,0,1,0,0,0,0,0,0,408953,0,1,0,0,0,1,0,0,0,0,0,0,0,0,0,0,0,1,0,459170
1165733,0,0,0,64,0,0,0,0,1,0,0,0,0,0,0,458888,0,1,0,0,0,1,0,0,0,400,0,0,0,0,0,0,0,1,0,459173
1165734,0,0,1,64,0,0,0,0,1,0,0,0,0,0,0,458888,0,1,0,0,0,1,0,0,0,400,0,0,0,0,0,0,0,25,0,458885
1165791,42,0,0,6,0,0,0,0,1,0,0,0,0,0,0,408953,0,1,0,0,0,1,0,0,0,0,0,0,0,0,0,0,0,1,0,459207
1165828,42,0,0,6,0,0,0,0,1,0,0,0,0,0,0,408953,0,1,0,0,0,1,0,0,0,0,0,0,0,0,0,0,0,1,0,459232
1165944,23,0,6,6,0,0,1000,0,1,0,0,0,0,0,0,443630,0,1,0,0,0,1,0,0,0,0,0,0,0,0,0,0,0,1,0,459280
1166120,0,0,0,16,0,0,0,0,1,0,0,0,0,0,0,0,0,1,0,0,0,1,1,0,0,83941,0,0,0,0,0,0,0,144,0,459369
1166121,0,0,0,16,0,0,0,0,1,0,0,0,0,0,0,0,0,1,0,0,0,1,1,0,0,83937,0,0,0,0,0,0,0,144,0,459370
1166122,0,0,0,16,0,0,0,0,1,0,0,0,0,0,0,0,0,1,0,0,0,1,1,0,0,83958,0,0,0,0,0,0,0,144,0,459371
1166123,0,0,0,16,0,0,0,0,1,0,0,0,0,0,0,0,0,1,0,0,0,1,1,0,0,83952,0,0,0,0,0,0,0,144,0,459372
1166124,0,0,0,16,0,0,0,0,1,0,0,0,0,0,0,0,0,1,0,0,0,1,1,0,0,83953,0,0,0,0,0,0,0,144,0,459373
1166125,0,0,0,16,0,0,0,0,1,0,0,0,0,0,0,0,0,1,0,0,0,1,1,0,0,83947,0,0,0,0,0,0,0,144,0,459374
1166126,0,0,0,16,0,0,0,0,1,0,0,0,0,0,0,0,0,1,0,0,0,1,1,0,0,83950,0,0,0,0,0,0,0,144,0,459375
1166128,0,0,0,16,0,0,0,0,1,0,0,0,0,0,0,0,0,1,0,0,0,1,1,0,0,83954,0,0,0,0,0,0,0,144,0,459377
1166129,0,0,0,16,0,0,0,0,1,0,0,0,0,0,0,0,0,1,0,0,0,1,1,0,0,83955,0,0,0,0,0,0,0,144,0,459378
1166131,0,0,0,16,0,0,0,0,1,0,0,0,0,0,0,0,0,1,0,0,0,1,1,0,0,83948,0,0,0,0,0,0,0,144,0,459380
1166132,0,0,0,16,0,0,0,0,1,0,0,0,0,0,0,0,0,1,0,0,0,1,1,0,0,83957,0,0,0,0,0,0,0,144,0,459381
1166133,0,0,0,16,0,0,0,0,1,0,0,0,0,0,0,0,0,1,0,0,0,1,1,0,0,83951,0,0,0,0,0,0,0,144,0,459382
1166134,0,0,0,16,0,0,0,0,1,0,0,0,0,0,0,0,0,1,0,0,0,1,1,0,0,83949,0,0,0,0,0,0,0,144,0,459383
1166135,0,0,0,16,0,0,0,0,1,0,0,0,0,0,0,0,0,1,0,0,0,1,1,0,0,83956,0,0,0,0,0,0,0,144,0,459384
1166136,0,0,0,16,0,0,0,0,1,0,0,0,0,0,0,0,0,1,0,0,0,1,1,0,0,83963,0,0,0,0,0,0,0,144,0,459385
1166137,0,0,0,16,0,0,0,0,1,0,0,0,0,0,0,0,0,1,0,0,0,1,1,0,0,83961,0,0,0,0,0,0,0,144,0,459386
1166138,0,0,0,16,0,0,0,0,1,0,0,0,0,0,0,0,0,1,0,0,0,1,1,0,0,83968,0,0,0,0,0,0,0,144,0,459387
1166139,0,0,0,16,0,0,0,0,1,0,0,0,0,0,0,0,0,1,0,0,0,1,1,0,0,83969,0,0,0,0,0,0,0,144,0,459388
1166140,0,0,0,16,0,0,0,0,1,0,0,0,0,0,0,0,0,1,0,0,0,1,1,0,0,83964,0,0,0,0,0,0,0,144,0,459389
1166141,0,0,0,16,0,0,0,0,1,0,0,0,0,0,0,0,0,1,0,0,0,1,1,0,0,83960,0,0,0,0,0,0,0,144,0,459390
1166145,0,0,0,16,0,0,0,0,1,0,0,0,0,0,0,0,0,1,0,0,0,1,1,0,0,83966,0,0,0,0,0,0,0,144,0,459392
1166146,0,0,0,16,0,0,0,0,1,0,0,0,0,0,0,0,0,1,0,0,0,1,1,0,0,83970,0,0,0,0,0,0,0,144,0,459393
1166147,0,0,0,16,0,0,0,0,1,0,0,0,0,0,0,0,0,1,0,0,0,1,1,0,0,83959,0,0,0,0,0,0,0,144,0,459394
1166150,0,0,0,16,0,0,0,0,1,0,0,0,0,0,0,0,0,1,0,0,0,1,1,0,0,83965,0,0,0,0,0,0,0,144,0,459396
1166152,0,0,0,16,0,0,0,0,1,0,0,0,0,0,0,0,0,1,0,0,0,1,1,0,0,83967,0,0,0,0,0,0,0,144,0,459398
1166153,0,0,0,16,0,0,0,0,1,0,0,0,0,0,0,0,0,1,0,0,0,1,1,0,0,83962,0,0,0,0,0,0,0,144,0,459399
1166154,0,0,0,16,0,0,0,0,1,0,0,0,0,0,0,0,0,1,0,0,0,1,1,0,0,83983,0,0,0,0,0,0,0,144,0,459400
1166155,0,0,0,16,0,0,0,0,1,0,0,0,0,0,0,0,0,1,0,0,0,1,1,0,0,83978,0,0,0,0,0,0,0,144,0,459401
1166156,0,0,0,16,0,0,0,0,1,0,0,0,0,0,0,0,0,1,0,0,0,1,1,0,0,83977,0,0,0,0,0,0,0,144,0,459402
1166158,0,0,0,16,0,0,0,0,1,0,0,0,0,0,0,0,0,1,0,0,0,1,1,0,0,83972,0,0,0,0,0,0,0,144,0,459403
1166160,0,0,0,16,0,0,0,0,1,0,0,0,0,0,0,0,0,1,0,0,0,1,1,0,0,83971,0,0,0,0,0,0,0,144,0,459405
1166161,0,0,0,16,0,0,0,0,1,0,0,0,0,0,0,0,0,1,0,0,0,1,1,0,0,83982,0,0,0,0,0,0,0,144,0,459406
1166189,0,0,0,16,0,0,0,0,1,0,0,0,0,0,0,0,0,1,0,0,0,1,1,0,0,83981,0,0,0,0,0,0,0,144,0,459414
1166190,0,0,0,16,0,0,0,0,1,0,0,0,0,0,0,0,0,1,0,0,0,1,1,0,0,83979,0,0,0,0,0,0,0,144,0,459415
1166191,0,0,0,16,0,0,0,0,1,0,0,0,0,0,0,0,0,1,0,0,0,1,1,0,0,83974,0,0,0,0,0,0,0,144,0,459416
1166192,0,0,0,16,0,0,0,0,1,0,0,0,0,0,0,0,0,1,0,0,0,1,1,0,0,83976,0,0,0,0,0,0,0,144,0,459417
1166193,0,0,0,16,0,0,0,0,1,0,0,0,0,0,0,0,0,1,0,0,0,1,1,0,0,83973,0,0,0,0,0,0,0,144,0,459418
1166196,0,0,0,16,0,0,0,0,1,0,0,0,0,0,0,0,0,1,0,0,0,1,1,0,0,83980,0,0,0,0,0,0,0,144,0,459420
1166199,0,0,0,16,0,0,0,0,1,0,0,0,0,0,0,0,0,1,0,0,0,1,1,0,0,83975,0,0,0,0,0,0,0,144,0,459423
1166200,0,0,0,16,0,0,0,0,1,0,0,0,0,0,0,0,0,1,0,0,0,1,1,0,0,83991,0,0,0,0,0,0,0,144,0,459424
1166201,0,0,0,16,0,0,0,0,1,0,0,0,0,0,0,0,0,1,0,0,0,1,1,0,0,83992,0,0,0,0,0,0,0,144,0,459425
1166202,0,0,0,16,0,0,0,0,1,0,0,0,0,0,0,0,0,1,0,0,0,1,1,0,0,83998,0,0,0,0,0,0,0,144,0,459426
1166203,0,0,0,16,0,0,0,0,1,0,0,0,0,0,0,0,0,1,0,0,0,1,1,0,0,83996,0,0,0,0,0,0,0,144,0,459427
1166205,0,0,0,16,0,0,0,0,1,0,0,0,0,0,0,0,0,1,0,0,0,1,1,0,0,83990,0,0,0,0,0,0,0,144,0,459429
1166206,0,0,0,16,0,0,0,0,1,0,0,0,0,0,0,0,0,1,0,0,0,1,1,0,0,83984,0,0,0,0,0,0,0,144,0,459430
1166207,0,0,0,16,0,0,0,0,1,0,0,0,0,0,0,0,0,1,0,0,0,1,1,0,0,83993,0,0,0,0,0,0,0,144,0,459431
1166208,0,0,0,16,0,0,0,0,1,0,0,0,0,0,0,0,0,1,0,0,0,1,1,0,0,83995,0,0,0,0,0,0,0,144,0,459432
1166209,0,0,0,16,0,0,0,0,1,0,0,0,0,0,0,0,0,1,0,0,0,1,1,0,0,83988,0,0,0,0,0,0,0,144,0,459433
1166210,0,0,0,16,0,0,0,0,1,0,0,0,0,0,0,0,0,1,0,0,0,1,1,0,0,83994,0,0,0,0,0,0,0,144,0,459434
1166211,0,0,0,16,0,0,0,0,1,0,0,0,0,0,0,0,0,1,0,0,0,1,1,0,0,83986,0,0,0,0,0,0,0,144,0,459435
1166212,0,0,0,16,0,0,0,0,1,0,0,0,0,0,0,0,0,1,0,0,0,1,1,0,0,83997,0,0,0,0,0,0,0,144,0,459436
1166213,0,0,0,16,0,0,0,0,1,0,0,0,0,0,0,0,0,1,0,0,0,1,1,0,0,83985,0,0,0,0,0,0,0,144,0,459437
1166214,0,0,0,16,0,0,0,0,1,0,0,0,0,0,0,0,0,1,0,0,0,1,1,0,0,83987,0,0,0,0,0,0,0,144,0,459438
1166523,23,0,0,6,0,0,500,0,1,0,0,0,0,0,0,459591,0,1,0,0,0,1,0,0,0,0,0,0,0,0,0,0,0,1,0,459592
1166555,42,0,0,6,0,0,0,0,1,0,0,0,0,0,0,459614,0,1,0,0,0,1,0,0,0,0,0,0,0,0,0,0,0,1,0,459615
1166560,42,0,0,6,0,0,0,0,1,0,0,0,0,0,0,459618,0,1,0,0,0,1,0,0,0,0,0,0,0,0,0,0,0,1,0,459617
1166762,0,0,0,64,0,0,0,0,1,0,0,0,0,0,0,11009,0,1,0,0,0,1,0,0,0,0,0,0,0,0,0,0,0,1,0,459736
1167364,0,0,8,64,0,0,0,0,1,0,0,0,0,0,0,461992,0,1,0,0,0,1,0,0,0,0,0,0,0,0,0,0,0,1,0,458872
1167409,0,0,0,64,0,0,0,0,1,0,0,0,0,0,0,460086,0,1,0,0,0,1,0,0,0,0,0,0,0,0,0,0,0,6,0,460084
1167475,0,0,2,64,0,0,0,0,1,0,0,0,0,0,0,460122,0,1,0,0,0,1,0,0,0,750,0,0,0,0,0,0,0,1,0,460119
1167476,0,0,1,64,0,0,0,0,1,0,0,0,0,0,0,460123,0,1,0,0,0,1,0,0,0,1000,0,0,0,0,0,0,0,1,0,460122
1167512,0,0,1,64,0,0,0,0,1,0,0,0,0,0,0,460152,0,1,0,0,0,1,0,0,0,200,0,0,0,0,0,0,0,1,0,460143
1167695,23,0,0,6,0,0,500,0,1,0,0,0,0,0,0,460249,0,1,0,0,0,1,75,0,0,0,0,0,0,0,0,0,0,1,0,460248
1167856,0,0,2,64,0,0,0,0,1,0,0,0,0,0,0,11009,0,1,0,0,0,1,0,0,0,0,0,0,0,0,0,0,0,1,0,460332
1167862,42,0,0,6,0,0,0,0,1,0,0,0,0,0,0,460341,0,1,0,0,0,1,25,0,0,0,0,0,0,0,0,0,0,1,0,460335
1167870,42,0,0,6,0,0,0,0,1,0,0,0,0,0,0,460338,0,1,0,0,0,1,0,0,0,0,0,0,0,0,0,0,0,1,0,460340
1167875,42,0,0,6,0,0,0,0,1,0,0,0,0,0,0,21159,0,1,0,0,0,1,0,0,0,0,0,0,0,0,0,0,0,1,0,460342
1167892,0,0,0,64,0,0,0,0,1,0,0,0,0,0,0,458984,0,1,0,0,0,1,0,0,0,400,0,0,0,0,0,0,0,144,0,460352
1167949,0,0,2,64,0,0,0,0,1,0,0,0,0,0,0,460372,0,1,0,0,0,1,0,0,0,0,0,0,0,0,0,0,0,25,0,460355
1167957,0,0,10,64,0,0,0,0,1,0,0,0,0,0,0,463626,0,1,0,0,0,1,0,0,0,750,0,0,0,0,0,0,0,25,0,458878
1167958,0,0,5,64,0,0,0,0,1,0,0,0,0,0,0,463626,0,1,0,0,0,1,0,0,0,750,0,0,0,0,0,0,0,25,0,458877
1167959,0,0,9,64,0,0,0,0,1,0,0,0,0,0,0,463626,0,1,0,0,0,1,0,0,0,750,0,0,0,0,0,0,0,25,0,458872
1168013,0,0,1,64,0,0,0,0,1,0,0,0,0,0,0,448717,0,1,0,0.47999998927,0,1,75,0,0,200,0,0,20,0,0,0,0,22,15,460406
1168322,42,0,0,6,0,0,0,0,1,0,0,0,0,0,0,460560,0,1,0,0,0,1,1,0,0,0,0,0,0,0,0,0,0,1,0,460557
1168435,42,0,0,6,0,0,0,0,1,0,0,0,0,0,0,460612,0,1,0,0,0,1,0,0,0,0,0,0,0,0,0,0,0,1,0,460607
1168557,42,0,0,6,0,0,0,1,1,0,0,0,0,0,0,460690,0,1,0,0,0,1,0,0,0,0,0,0,0,0,0,0,0,1,0,460684
1168629,23,0,0,6,0,0,1000,0,1,0,0,0,0,0,0,460726,0,1,0,0,0,1,0,0,0,0,0,0,0,0,0,0,0,1,0,460725
1168691,42,0,0,6,0,0,0,0,1,0,0,0,0,0,0,460769,0,1,0,0,0,1,0,0,0,0,0,0,0,0,0,0,0,1,0,460768
1168693,23,0,0,6,0,0,1000,0,1,0,0,0,0,0,0,460771,0,1,0,0,0,1,0,0,0,0,0,0,0,0,0,0,0,25,0,460770
1168731,0,0,2,64,0,0,0,0,1,0,0,0,0,0,0,460773,0,1,0,0,0,1,0,0,0,0,0,0,0,0,0,0,0,38,0,460788
1168737,0,0,3,64,0,0,0,0,1,0,0,0,0,0,0,460773,0,1,0,0,0,1,0,0,0,50,0,0,0,0,0,0,0,38,0,460788
1168738,0,0,4,64,0,0,0,0,1,0,0,0,0,0,0,460773,0,1,0,0,0,1,0,0,0,150,0,0,0,0,0,0,0,38,0,460788
1168739,0,0,5,64,0,0,0,0,1,0,0,0,0,0,0,460773,0,1,0,0,0,1,0,0,0,200,0,0,0,0,0,0,0,38,0,460788
1168740,0,0,6,64,0,0,0,0,1,0,0,0,0,0,0,460773,0,1,0,0,0,1,0,0,0,300,0,0,0,0,0,0,0,38,0,460788
1168741,0,0,7,64,0,0,0,0,1,0,0,0,0,0,0,462553,0,1,0,0,0,1,0,0,0,0,0,0,0,0,0,0,0,1,0,460788
1168851,23,0,0,6,0,0,500,0,1,0,0,0,0,0,0,460912,0,1,0,0,0,1,1,0,0,0,0,0,0,0,0,0,0,1,0,460846
1168882,23,0,0,6,0,0,4000,0,1,0,0,0,0,0,0,461346,0,1,0,0,0,1,0,0,0,0,0,0,0,0,0,0,0,1,0,460865
1168901,23,0,0,6,0,0,1000,0,1,0,0,0,0,0,0,462337,0,1,0,0,0,1,1,0,0,0,0,0,0,0,0,0,0,1,0,460878
1168906,23,0,0,6,0,0,2000,0,1,0,0,0,0,0,0,462482,0,1,0,0,0,1,0,0,0,0,0,0,0,0,0,0,0,1,0,460880
1168929,23,0,0,6,0,0,1000,0,1,0,0,0,0,0,0,462687,0,1,0,0,0,1,0,0,0,0,0,0,0,0,0,0,0,1,0,460895
1168936,23,0,0,6,0,0,1000,0,1,0,0,0,0,0,0,462685,0,1,0,0,0,1,0,0,0,0,0,0,0,0,0,0,0,1,0,460898
1168947,42,0,0,6,0,0,0,0,1,0,0,0,0,0,0,460907,0,1,0,0,0,1,0,0,0,0,0,0,0,0,0,0,0,1,0,460906
1169163,0,0,1,64,0,0,0,0,1,0,0,0,0,0,0,438710,0,1,0,0,0,1,0,0,0,0,0,0,0,0,0,0,0,25,0,461048
1169168,23,0,0,6,0,0,2000,0,1,0,0,0,0,0,0,461054,0,1,0,0,0,1,20,0,0,0,0,0,0,0,0,0,0,1,0,461053
1169178,23,0,0,6,0,0,1000,0,1,0,0,0,0,0,0,461812,0,1,0,0,0,1,25,0,0,0,0,0,0,0,0,0,0,25,0,461062
1169213,23,0,0,6,0,0,1000,1,1,0,0,0,0,0,0,18947,0,1,0,0,0,1,1000,0,0,0,0,0,0,0,0,0,0,1,0,461087
1169218,23,0,0,6,0,0,8000,1,1,0,0,0,0,0,0,461099,0,1,0,0,0,1,0,0,0,0,0,0,28,0,0,0,0,22,15,461090
1169240,23,0,0,6,0,0,8000,1,1,0,0,0,0,0,0,461099,0,1,0,0,0,1,0,0,0,0,0,0,28,0,0,0,0,22,15,461105
1169257,23,0,0,6,0,0,1000,1,1,0,0,0,0,0,0,18947,0,1,0,0,0,1,1000,0,0,0,0,0,0,0,0,0,0,1,0,461110
1169327,42,0,0,6,0,0,0,1,1,0,0,0,0,0,0,461146,0,1,0,0,0,1,0,0,0,0,0,0,0,0,0,0,0,1,0,461144
1169340,0,0,1,64,0,0,0,0,1,0,0,0,0,0,0,461152,0,1,0,0,0,1,1,0,0,0,0,0,0,0,0,0,0,1,0,461151
1169344,0,0,1,64,0,0,0,1,1,0,0,0,0,0,0,461152,0,1,0,0,0,1,1,0,0,0,0,0,0,0,0,0,0,1,0,461153
1169345,42,0,0,6,0,0,0,1,1,0,0,0,0,0,0,461153,0,1,0,0,0,1,0,0,0,0,0,0,0,0,0,0,0,1,0,461154
1169366,42,0,0,6,0,0,0,0,1,0,0,0,0,0,0,461165,0,1,0,0,0,1,1,0,0,0,0,0,0,0,0,0,0,1,0,461164
1169412,0,0,2,64,0,0,0,0,1,0,0,0,0,0,0,460773,0,1,0,0,0,1,0,0,0,0,0,0,0,0,0,0,0,38,0,461187
1169413,0,0,3,64,0,0,0,0,1,0,0,0,0,0,0,460773,0,1,0,0,0,1,0,0,0,50,0,0,0,0,0,0,0,38,0,461187
1169414,0,0,4,64,0,0,0,0,1,0,0,0,0,0,0,460773,0,1,0,0,0,1,0,0,0,150,0,0,0,0,0,0,0,38,0,461187
1169415,0,0,5,64,0,0,0,0,1,0,0,0,0,0,0,460773,0,1,0,0,0,1,0,0,0,200,0,0,0,0,0,0,0,38,0,461187
1169416,0,0,6,64,0,0,0,0,1,0,0,0,0,0,0,460773,0,1,0,0,0,1,0,0,0,300,0,0,0,0,0,0,0,38,0,461187
1169417,0,0,7,64,0,0,0,0,1,0,0,0,0,0,0,462553,0,1,0,0,0,1,0,0,0,0,0,0,0,0,0,0,0,1,0,461187
1169485,0,0,1,64,0,0,0,0,1,0,0,0,0,0,0,461217,0,1,0,0,0,1,0,0,0,0,0,0,0,0,0,0,0,25,0,461214
1169506,23,0,0,6,0,0,2000,0,1,0,0,0,0,0,0,461230,0,1,0,0,0,1,20,0,0,0,0,0,0,0,0,0,0,1,0,461228
1169551,42,0,0,6,0,0,0,0,1,0,0,0,0,0,0,461252,0,1,0,0,0,1,0,0,0,0,0,0,0,0,0,0,0,1,0,461253
1169588,42,0,0,6,0,0,0,0,1,0,0,0,0,0,0,461266,0,1,0,0,0,1,0,0,0,0,0,0,0,0,0,0,0,1,0,461267
1169592,42,0,0,6,0,0,0,1,1,0,0,0,0,0,0,461270,0,1,0,0,0,1,10,0,0,0,0,0,0,0,0,0,0,1,0,461268
1169632,0,0,1,64,0,0,0,0,1,0,0,0,0,0,0,458888,0,1,0,0,0,1,0,0,0,400,0,0,0,0,0,0,0,25,0,461291
1169633,42,0,0,6,0,0,0,1,1,0,0,0,0,0,0,461309,0,1,0,0,0,1,2,0,0,0,0,0,0,0,0,0,0,1,0,461292
1169639,42,0,0,6,0,0,0,1,1,0,0,0,0,0,0,461297,0,1,0,0,0,1,24,0,0,0,0,0,0,0,0,0,0,1,0,461298
1169640,42,0,0,6,0,0,0,1,1,0,0,0,0,0,0,461300,0,1,0,0,0,1,0,0,0,0,0,0,0,0,0,0,0,1,0,461299
1169648,42,0,0,6,0,0,0,0,1,0,0,0,0,0,0,461305,0,1,0,0,0,1,1,0,0,0,0,0,0,32,0,0,0,1,0,461306
1169652,42,0,0,6,0,0,0,0,1,0,0,0,0,0,0,461307,0,1,0,0,0,1,1,0,0,0,0,0,0,64,0,0,0,1,0,461308
1169668,0,0,0,16,0,0,0,0,1,0,0,0,0,0,0,0,0,1,0,0,0,1,1,0,0,84415,0,0,0,0,0,0,0,1,0,461322
1169670,0,0,1,16,0,0,0,0,1,0,0,0,0,0,0,0,0,1,0,0,0,1,1,0,0,84415,0,0,0,0,0,0,0,1,0,461323
1169671,0,0,2,64,0,0,0,0,1,0,0,0,0,0,0,460332,0,1,0,0,0,1,0,0,0,0,0,0,0,0,0,0,0,1,0,461323
1169680,23,0,0,6,0,0,5000,0,1,0,0,0,0,0,0,438062,0,1,0,0,0,1,0,0,0,0,0,0,0,0,0,0,0,1,0,461327
1169681,361,0,1,6,0,0,0,0,1,0,0,0,0,0,0,461328,0,1,0,0,0,1,0,0,0,0,0,0,0,0,0,0,0,1,0,461327
1169682,23,0,2,6,0,0,3000,0,1,0,0,0,0,0,0,438567,0,1,0,0,0,1,0,0,0,0,0,0,0,0,0,0,0,1,0,461327
1169695,0,0,0,16,0,0,0,0,1,0,0,0,0,0,0,0,0,1,0,0,0,1,0,0,0,84416,0,0,0,0,0,0,0,120,0,461335
1169696,0,0,1,64,0,0,0,0,1,0,0,0,0,0,0,458888,0,1,0,0,0,1,0,0,0,100,0,0,0,0,0,0,0,1,0,461335
1169697,42,0,3,6,0,0,0,0,1,0,0,0,0,0,0,461335,0,1,0,0,0,1,0,0,0,0,0,0,0,0,0,0,0,1,0,459170
1169698,0,0,0,16,0,0,0,0,1,0,0,0,0,0,0,0,0,1,0,0,0,1,0,0,0,84417,0,0,0,0,0,0,0,120,0,461336
1169699,0,0,1,64,0,0,0,0,1,0,0,0,0,0,0,458888,0,1,0,0,0,1,0,0,0,100,0,0,0,0,0,0,0,1,0,461336
1169700,42,0,3,6,0,0,0,0,1,0,0,0,0,0,0,461336,0,1,0,0,0,1,0,0,0,0,0,0,0,0,0,0,0,1,0,459207
1169715,23,0,0,6,0,0,4000,0,1,0,0,0,0,0,0,460866,0,1,0,0,0,1,0,0,0,0,0,0,0,0,0,0,0,1,0,461345
1169719,23,0,0,6,0,0,500,0,1,0,0,0,0,0,0,461349,0,1,0,0,0,1,1,0,0,0,0,0,0,0,0,0,0,1,0,461348
1169888,23,0,0,6,0,0,5000,0,1,0,0,0,0,0,0,461438,0,1,0,0,0,1,0,0,0,0,0,0,0,0,0,0,0,1,0,461437
1169926,23,0,1,6,0,0,1000,0,1,0,0,0,0,0,0,461396,0,1,0,0,0,1,0,0,0,0,0,0,0,0,0,0,0,1,0,461384
1169938,0,0,1,64,0,0,0,0,1,0,0,0,0,0,0,461464,0,1,0,0,0,1,0,0,0,50,0,0,0,0,0,0,0,1,0,461463
1169939,0,0,2,64,0,0,0,0,1,0,0,0,0,0,0,461464,0,1,0,0,0,1,0,0,0,50,0,0,0,0,0,0,0,1,0,461463
1169940,0,0,3,64,0,0,0,0,1,0,0,0,0,0,0,461464,0,1,0,0,0,1,0,0,0,250,0,0,0,0,0,0,0,1,0,461463
1170053,0,0,0,64,0,0,0,0,1,0,0,0,0,0,0,460940,0,1,0,0,0,1,0,0,0,0,0,0,0,0,0,0,0,21,0,461520
1170054,0,0,1,64,0,0,0,0,1,0,0,0,0,0,0,355366,0,1,0,0,0,1,0,0,0,0,0,0,0,0,0,0,0,25,0,461520
1170055,0,0,2,64,0,0,0,0,1,0,0,0,0,0,0,355363,0,1,0,0,0,1,0,0,0,0,0,0,0,0,0,0,0,25,0,461520
1170056,0,0,3,64,0,0,0,0,1,0,0,0,0,0,0,22820,0,1,0,0,0,1,0,0,0,0,0,0,0,0,0,0,0,25,0,461520
1170057,0,0,4,64,0,0,0,0,1,0,0,0,0,0,0,22818,0,1,0,0,0,1,0,0,0,0,0,0,0,0,0,0,0,25,0,461520
1170058,0,0,5,64,0,0,0,0,1,0,0,0,0,0,0,22817,0,1,0,0,0,1,0,0,0,0,0,0,0,0,0,0,0,25,0,461520
1170067,0,0,6,64,0,0,0,0,1,0,0,0,0,0,0,15366,0,1,0,0,0,1,0,0,0,0,0,0,0,0,0,0,0,25,0,461520
1170068,0,0,7,64,0,0,0,0,1,0,0,0,0,0,0,23768,0,1,0,0,0,1,0,0,0,0,0,0,0,0,0,0,0,25,0,461520
1170167,42,0,0,6,1,0,0,0,1,0,0,0,0,0,0,56,0,1,0,0,0,1,1,0,0,0,0,0,0,0,0,0,0,1,0,461579
1170264,42,0,0,6,1,0,0,0,1,0,0,0,0,0,0,21152,0,1,0,0,0,1,1,0,0,0,0,0,0,0,0,0,0,1,0,461628
1170285,42,0,0,6,0,0,0,0,1,0,0,0,0,0,0,408953,0,1,0,0,0,1,0,0,0,0,0,0,0,0,0,0,0,1,0,461640
1170289,42,0,0,6,0,0,0,0,1,0,0,0,0,0,0,461643,0,1,0,0,0,1,0,0,0,0,0,0,0,0,0,0,0,1,0,461644
1170331,42,0,0,6,1,0,0,0,1,0,0,0,0,0,0,461683,0,1,0,0,0,1,1,0,0,0,0,0,0,0,0,0,0,1,0,461684
1170334,42,0,0,6,1,0,0,0,1,0,0,0,0,0,0,461686,0,1,0,0,0,1,1,0,0,0,0,0,0,0,0,0,0,1,0,461687
1170345,42,0,0,6,0,0,0,1,1,0,0,0,0,0,0,464591,0,1,0,0,0,1,0,0,0,0,0,0,0,0,0,0,0,1,0,461698
1170348,42,0,0,6,0,0,0,0,1,0,0,0,0,0,0,461699,0,1,0,0,0,1,0,0,0,0,0,0,0,0,0,0,0,1,0,461700
1170349,42,0,0,6,0,0,0,0,1,0,0,0,0,0,0,461702,0,1,0,1.99899995327,0,1,1000,0,0,0,0,0,0,0,0,0,0,1,0,461701
1170635,23,0,0,6,0,0,5000,1,1,0,0,0,0,0,0,461863,0,1,0,0,0,1,0,0,0,0,0,0,0,0,0,0,0,1,0,461862
1171161,23,0,1,6,0,0,1000,0,1,0,0,0,0,0,0,460762,0,1,0,0,0,1,0,0,0,0,0,0,0,0,0,0,0,25,0,460761
1171162,42,0,0,6,0,0,0,0,1,0,0,0,0,0,0,463512,0,1,0,0,0,1,0,0,0,0,0,0,0,0,0,0,0,1,0,461990
1171832,42,0,0,6,0,0,0,0,1,0,0,0,0,0,0,21330,0,1,0,0,0,1,1,0,0,0,0,0,0,0,0,0,0,1,0,462229
1171833,23,0,1,6,0,0,45000,0,1,0,0,0,0,0,0,462228,0,1,0,0,0,1,0,0,0,0,0,0,0,0,0,0,0,1,0,462229
1171870,23,0,0,6,0,0,15000,0,1,0,0,0,0,0,0,462256,0,1,0,0,0,1,0,0,0,0,0,0,0,0,0,0,0,1,0,462257
1171874,0,0,1,64,0,0,0,0,1,0,0,0,0,0,0,462260,0,1,0,0,0,1,0,0,0,400,462260,0,11,0,0,0,0,87,16,462258
1171889,226,0,0,6,0,0,1000,0,1,0,0,0,0,0,0,462272,0,1,0,0,0,1,25,0,0,0,0,0,0,0,0,0,0,25,0,462274
1171890,0,0,0,16,0,0,0,0,1,0,0,0,0,0,0,0,0,1,0,0,0,1,1,0,0,84500,0,0,0,0,0,0,0,144,0,462275
1171891,0,0,0,16,0,0,0,0,1,0,0,0,0,0,0,0,0,1,0,0,0,1,1,0,0,84503,0,0,0,0,0,0,0,144,0,462276
1171892,0,0,0,16,0,0,0,0,1,0,0,0,0,0,0,0,0,1,0,0,0,1,1,0,0,84502,0,0,0,0,0,0,0,144,0,462277
1171893,0,0,0,16,0,0,0,0,1,0,0,0,0,0,0,0,0,1,0,0,0,1,1,0,0,84501,0,0,0,0,0,0,0,144,0,462278
1171894,0,0,0,16,0,0,0,0,1,0,0,0,0,0,0,0,0,1,0,0,0,1,1,0,0,84504,0,0,0,0,0,0,0,144,0,462279
1171895,0,0,0,16,0,0,0,0,1,0,0,0,0,0,0,0,0,1,0,0,0,1,1,0,0,84499,0,0,0,0,0,0,0,144,0,462280
1171932,23,0,0,6,0,0,500,0,1,0,0,0,0,0,0,462289,0,1,0,0,0,1,0,0,0,0,0,0,0,0,0,0,0,1,0,462287
1171994,0,0,4,64,0,0,0,0,1,0,0,0,0,0,0,460676,0,1,0,0,0,1,0,0,0,0,0,0,415,0,0,0,0,18,149,460545
1171997,0,0,5,64,0,0,0,0,1,0,0,0,0,0,0,460676,0,1,0,0,0,1,0,0,0,0,0,0,415,0,0,0,0,18,149,460545
1171998,0,0,6,64,0,0,0,0,1,0,0,0,0,0,0,460676,0,1,0,0,0,1,0,0,0,0,0,0,415,0,0,0,0,18,149,460545
1172031,42,0,2,6,0,0,0,0,1,0,0,0,0,0,0,462331,0,1,0,0,0,1,0,0,0,0,0,0,0,0,0,0,0,1,0,462307
1172052,0,0,2,64,0,0,0,0,1,0,0,0,0,0,0,462359,0,1,0,0,0,1,0,0,0,0,0,0,0,0,0,0,0,25,0,462344
1172091,42,0,0,6,0,0,0,0,1,0,0,0,0,0,0,462386,0,1,0,0,0,1,0,0,0,0,0,0,0,0,0,0,0,1,0,462385
1172120,23,0,0,6,0,0,8000,1,1,0,0,0,0,0,0,462401,0,1,0,0,0,1,0,0,0,0,0,0,0,0,0,0,0,6,0,462402
1172369,0,0,0,16,0,0,0,0,1,0,0,0,0,0,0,0,0,1,0,0,0,1,0,0,0,84383,0,0,0,0,0,0,0,0,0,462516
1172414,23,0,0,6,0,0,2000,0,1,0,0,0,0,0,0,462542,0,1,0,0,0,1,0,0,0,0,0,0,0,0,0,0,0,1,0,462543
1172417,23,0,0,6,0,0,2000,0,1,0,0,0,0,0,0,462545,0,1,0,0,0,1,0,0,0,0,0,0,0,0,0,0,0,1,0,462546
1172419,23,0,0,6,0,0,2000,0,1,0,0,0,0,0,0,462547,0,1,0,0,0,1,0,0,0,0,0,0,0,0,0,0,0,1,0,462548
1172476,0,0,1,64,0,0,0,0,1,0,0,0,0,0,0,460884,0,1,0,0,0,1,0,0,0,0,0,0,0,0,0,0,0,0,0,460883
1172502,0,0,0,16,0,0,0,0,1,0,0,0,0,0,0,0,0,1,0,0,0,1,1,0,0,84488,0,0,0,0,0,0,0,1,0,462594
1172551,0,0,0,64,0,0,0,0,1,0,0,0,0,0,0,460893,0,1,0,0,0,1,0,0,0,0,0,0,0,0,0,0,0,0,0,462619
1172556,0,0,1,64,0,0,0,0,1,0,0,0,0,0,0,460893,0,1,0,0,0,1,0,0,0,0,0,0,0,0,0,0,0,0,0,462619
1172557,0,0,2,64,0,0,0,0,1,0,0,0,0,0,0,460893,0,1,0,0,0,1,0,0,0,0,0,0,0,0,0,0,0,0,0,462619
1172558,0,0,3,64,0,0,0,0,1,0,0,0,0,0,0,460893,0,1,0,0,0,1,0,0,0,0,0,0,0,0,0,0,0,0,0,462619
1172574,42,0,0,6,1,0,0,0,1,0,0,0,0,0,0,17196,0,1,0,0,0,1,1,0,0,0,0,0,0,0,0,0,0,1,0,462628
1172916,0,0,1,64,0,0,0,0,1,0,0,0,0,0,0,460884,0,1,0,0,0,1,0,0,0,0,0,0,0,0,0,0,0,0,0,462778
1172918,0,0,1,64,0,0,0,0,1,0,0,0,0,0,0,460884,0,1,0,0,0,1,0,0,0,0,0,0,0,0,0,0,0,0,0,462779
1172920,0,0,1,64,0,0,0,0,1,0,0,0,0,0,0,460884,0,1,0,0,0,1,0,0,0,0,0,0,0,0,0,0,0,0,0,462780
1173047,0,0,1,16,0,0,0,0,1,0,0,0,0,0,0,0,0,1,0,0,0,1,0,0,0,84488,0,0,0,0,0,0,0,1,0,458987
1173091,0,0,1,64,0,0,0,0,1,0,0,0,0,0,0,437403,0,1,0,0,0,1,0,0,0,0,0,0,0,0,0,0,0,1,0,462873
1173332,0,0,0,64,0,0,0,0,1,0,0,0,0,0,0,1221793,0,1,0,0,0,1,0,0,0,0,0,0,0,0,0,0,0,25,0,463010
1173335,23,0,1,6,0,0,1500,0,1,0,0,0,0,0,0,463010,0,1,0,0,0,1,0,0,0,0,0,0,0,0,0,0,0,25,0,463011
1173337,0,0,1,64,0,0,0,0,1,0,0,0,0,0,0,466286,0,1,0,0,0,1,0,0,0,0,0,0,0,0,0,0,0,25,0,463012
1173339,23,0,1,6,0,0,2000,0,1,0,0,0,0,0,0,463012,0,1,0,0,0,1,0,0,0,0,0,0,0,0,0,0,0,25,0,463013
1173556,42,0,0,6,0,0,0,1,1,0,0,0,0,0,0,461290,0,1,0,0,0,1,-70,0,0,0,0,0,0,0,0,0,0,1,0,463146
1173587,23,0,2,6,0,0,1000,0,1,0,0,0,0,0,0,463165,0,1,0,0,0,1,0,0,0,0,0,0,0,0,0,0,0,1,0,460899
1174005,0,0,1,16,0,0,0,0,1,0,0,0,0,0,0,0,0,1,0,0,0,1,0,0,0,84637,0,0,0,0,0,0,0,1,0,463365
1174460,42,0,0,6,0,0,0,0,0,0,0,0,0,0,0,463946,0,1,0,0.31999999285,0,1,125,0,0,0,0,0,0,0,0,0,0,6,0,463641
1176187,23,0,0,6,0,0,1000,0,1,0,0,0,0,0,0,464731,0,1,0,0,0,1,0,0,0,0,0,0,0,0,0,0,0,1,0,464730
1177204,23,0,0,6,0,0,2000,0,1,0,0,0,0,0,0,465324,0,1,0,0,0,1,0,0,0,0,0,0,0,0,0,0,0,1,0,465323
1177230,23,0,3,6,0,0,1000,0,1,0,0,0,0,0,0,465341,0,1,0,0,0,1,0,0,0,0,0,0,0,0,0,0,0,1,0,426503
1177347,42,0,0,6,0,0,0,0,1,0,0,0,0,0,0,465411,0,1,0,0,0,1,0,0,0,0,0,0,0,0,0,0,0,1,0,465412
1177898,23,0,0,6,0,0,8000,1,1,0,0,0,0,0,0,465727,0,1,0,0,0,1,0,0,0,0,0,0,28,0,0,0,0,22,15,465725
1178105,23,0,0,6,0,0,2000,0,1,0,0,0,0,0,0,465848,0,1,0,0,0,1,0,0,0,0,0,0,0,0,0,0,0,1,0,465849
1178379,42,0,0,6,0,0,0,0,1,0,0,0,0,0,0,466062,0,1,0,0,0,1,1,0,0,0,0,0,0,0,0,0,0,1,0,466061
1178593,0,0,11,64,0,0,0,0,1,0,0,0,0,0,0,466219,0,1,0,0,0,1,0,0,0,0,0,0,0,0,0,0,0,25,0,458878
1178717,0,0,6,64,0,0,0,0,1,0,0,0,0,0,0,466266,0,1,0,0,0,1,0,0,0,0,0,0,0,0,0,0,0,25,0,458877
1179031,4,0,0,6,0,0,0,0,1,0,0,0,0,0,0,466436,0,1,0,0,0,1,0,0,0,0,0,0,28,0,0,0,0,22,15,466435
1179682,0,0,2,64,0,0,0,0,1,0,0,0,0,0,0,466843,0,1,0,0,0,1,0,0,0,300,0,0,0,0,0,0,0,1,0,466842
1179694,0,0,1,64,0,0,0,0,1,0,0,0,0,0,0,466853,0,1,0,0,0,1,0,0,0,300,0,0,0,0,0,0,0,1,0,466850
1179701,0,0,2,64,0,0,0,0,1,0,0,0,0,0,0,467365,0,1,0,0,0,1,0,0,0,500,0,0,0,0,0,0,0,1,0,466853
1179782,42,0,0,6,0,0,0,0,1,0,0,0,0,0,0,466909,0,1,0,0,0,1,0,0,0,0,0,0,0,0,0,0,0,1,0,466903
1180058,42,0,0,6,0,0,0,1,1,0,0,0,0,0,0,467088,0,1,0,0,0,1,3,0,0,0,0,0,0,0,0,0,0,1,0,467090
1180068,42,0,0,6,0,0,0,0,1,0,0,0,0,0,0,408261,0,1,0,0,0,1,100,0,0,0,0,0,0,0,0,0,0,1,0,467099
1180100,42,0,0,6,0,0,0,0,1,0,0,0,0,0,0,467127,0,1,0,0,0,1,0,0,0,0,0,0,0,0,0,0,0,1,0,467125
1180131,42,0,0,6,0,0,0,0,1,0,0,0,0,0,0,467146,0,1,0,0,0,1,2,0,0,0,0,0,0,0,0,0,0,1,0,467145
1180201,42,0,0,6,0,0,0,1,1,0,0,0,0,0,0,467204,0,1,0,0,0,1,0,0,0,0,0,0,0,0,0,0,0,1,0,467203
1180284,42,0,0,6,0,0,0,0,1,0,0,0,0,0,0,467269,0,1,0,0,0,1,0,0,0,0,0,0,0,0,0,0,0,1,0,467259
1180303,23,0,0,6,0,0,4000,0,1,0,0,0,0,0,0,467282,0,1,0,0,0,1,0,0,0,0,0,0,0,0,0,0,0,1,0,467264
1180334,0,0,0,64,0,0,0,1,1,0,0,0,0,0,0,470866,0,1,0,0,0,1,0,0,0,0,0,0,0,0,0,0,0,116,0,467280
1180429,42,0,0,6,0,0,0,1,1,0,0,0,0,0,0,467331,0,1,0,0,0,1,20,0,0,0,0,0,0,0,0,0,0,1,0,467329
1180486,0,0,3,64,0,0,0,0,1,0,0,0,0,0,0,466850,0,1,0,0,0,1,0,0,0,300,0,0,0,0,0,0,0,1,0,466843
1180611,42,0,0,6,0,0,0,0,1,0,0,0,0,0,0,467447,0,1,0,0,0,1,0,0,0,0,0,0,0,0,0,0,0,1,0,467446
1180618,23,0,0,6,0,0,2000,1,1,0,0,0,0,0,0,469261,0,1,0,0,0,1,1,0,0,0,0,0,0,0,0,0,0,6,0,467449
1180679,23,0,0,6,0,0,5000,0,1,0,0,0,0,0,0,467489,0,1,0,0,0,1,0,0,0,0,0,0,0,0,0,0,0,1,0,467491
1180753,42,0,0,6,0,0,0,0,1,0,0,0,0,0,0,467543,0,1,0,0,0,1,10,0,0,0,0,0,0,0,0,0,0,1,0,467544
1180759,23,0,0,6,0,0,1000,0,1,0,0,0,0,0,0,467551,0,1,0,0,0,1,0,0,0,0,0,0,0,0,0,0,0,1,0,467548
1180784,23,0,1,6,0,0,3000,0,1,0,0,0,0,0,0,467561,0,1,0,0,0,1,45,0,0,0,0,0,0,0,0,0,0,1,0,467566
1180989,42,0,0,6,0,0,0,1,1,0,0,0,5,0,0,467735,0,1,0,0,0,1,0,0,0,0,0,0,0,0,0,0,0,1,0,467708
1181033,23,0,0,6,0,0,500,0,1,0,0,0,0,0,0,467747,0,1,0,0,0,1,0,0,0,0,0,0,28,0,0,0,0,22,15,467732
1181050,42,0,0,6,0,0,0,1,1,0,0,0,0,0,0,467742,0,1,0,0,0,1,0,0,0,0,0,0,0,0,0,0,0,1,0,467743
1181080,23,0,0,6,0,0,20000,1,1,0,0,0,0,0,0,26264,0,1,0,0,0,1,0,0,0,0,0,0,0,0,0,0,0,1,0,467762
1181083,23,0,0,6,0,0,500,0,1,0,0,0,0,0,0,467765,0,1,0,0,0,1,0,0,0,0,0,0,28,0,0,0,0,22,15,467764
1181139,23,0,2,6,0,0,2500,0,1,0,0,0,0,0,0,467801,0,1,0,0,0,1,0,0,0,0,0,0,0,0,0,0,0,1,0,466647
1181154,42,0,0,6,1,0,0,0,1,0,0,0,0,0,0,467642,0,1,0,0,0,1,1,0,0,0,0,0,0,0,0,0,0,1,0,467813
1181159,42,0,0,6,0,0,0,1,1,0,0,0,5,0,0,16246,0,1,0,0,0,1,100,0,0,0,0,0,0,0,0,0,0,1,0,467818
1181160,42,0,0,6,0,0,0,0,1,0,0,0,0,0,0,467820,0,1,0,0,0,1,100,0,0,0,0,0,0,0,0,0,0,1,0,467819
1181178,23,0,2,6,0,0,4000,0,1,0,0,0,0,0,0,467827,0,1,0,0,0,1,0,0,0,0,0,0,0,0,0,0,0,1,0,467829
1181190,42,0,0,6,1,0,0,0,1,0,0,0,0,0,0,467820,0,1,0,0,0,1,1,0,0,0,0,0,0,0,0,0,0,1,0,467835
1181192,42,0,0,6,1,0,0,0,1,0,0,0,0,0,0,467836,0,1,0,0,0,1,1,0,0,0,0,0,0,0,0,0,0,1,0,467837
1181196,23,0,2,6,0,0,4000,0,1,0,0,0,0,0,0,467840,0,1,0,0,0,1,0,0,0,0,0,0,0,0,0,0,0,1,0,467839
1181262,0,0,1,64,0,0,0,0,1,0,0,0,0,0,0,467884,0,1,0,0,0,1,0,0,0,200,0,0,0,0,0,0,0,1,0,467883
1181270,42,0,0,6,0,0,0,1,1,0,0,0,0,0,0,467891,0,1,0,0,0,1,30,0,0,0,0,0,0,0,0,0,0,1,0,467889
1181397,42,0,0,6,0,0,0,1,1,0,0,0,5,0,0,17941,0,1,0,0,0,1,10,0,0,0,0,0,0,0,0,0,0,1,0,467983
1181522,42,0,0,6,0,0,0,1,1,0,0,0,5,0,0,468066,0,1,0,0,0,1,100,0,0,0,0,0,0,0,0,0,0,1,0,468065
1181524,42,0,0,6,0,0,0,1,1,0,0,0,5,0,0,12970,0,1,0,0,0,1,100,0,0,0,0,0,0,0,0,0,0,1,0,468067
1181538,255,0,0,6,0,0,0,0,1,0,0,0,0,0,0,468076,0,1,0,0,0,1,50,0,0,15,0,0,0,0,0,0,0,6,0,468076
1181540,0,0,2,64,0,0,0,0,1,0,0,0,0,0,0,401991,0,1,0,0,0,1,0,0,0,0,0,0,7,0,0,0,0,1,65,468076
1181544,0,0,1,64,0,0,0,0,1,0,0,0,0,0,0,468078,0,1,0,0,0,1,0,0,0,0,0,0,0,0,0,0,0,1,0,467841
1181607,0,0,0,16,0,0,0,0,1,0,0,0,0,0,0,0,0,1,0,0,0,1,0,0,0,86181,0,0,0,0,0,0,0,1,0,468133
1181637,0,0,2,64,0,0,0,0,1,0,0,0,0,0,0,468157,0,1,0,0,0,1,0,0,0,0,0,0,0,0,0,0,0,6,0,468156
1181658,42,0,0,6,0,0,0,0,1,0,0,0,0,0,0,468167,0,1,0,0,0,1,0,0,0,0,0,0,0,0,0,0,0,1,0,468168
1181660,42,0,0,6,0,0,0,0,1,0,0,0,0,0,0,468169,0,1,0,0,0,1,0,0,0,0,0,0,0,0,0,0,0,1,0,468170
1181701,0,0,1,64,0,0,0,0,1,0,0,0,0,0,0,468197,0,1,0,0,0,1,0,0,0,50,0,0,0,0,0,0,0,1,0,468195
1181702,0,0,2,64,0,0,0,0,1,0,0,0,0,0,0,468197,0,1,0,0,0,1,0,0,0,50,0,0,0,0,0,0,0,1,0,468195
1181703,0,0,3,64,0,0,0,0,1,0,0,0,0,0,0,468197,0,1,0,0,0,1,0,0,0,250,0,0,0,0,0,0,0,1,0,468195
1181794,42,0,0,6,0,0,0,1,1,0,0,0,0,0,0,468255,0,1,0,0,0,1,2,0,0,0,0,0,0,0,0,0,0,1,0,468256
1181810,23,0,0,6,0,0,3000,1,1,0,0,0,0,0,0,468267,0,1,0,0,0,1,0,0,0,0,0,0,0,0,0,0,0,1,0,468268
1181812,23,0,0,6,0,0,3000,1,1,0,0,0,0,0,0,468269,0,1,0,0,0,1,0,0,0,0,0,0,0,0,0,0,0,1,0,468270
1181817,23,0,0,6,0,0,3000,1,1,0,0,0,0,0,0,468271,0,1,0,0,0,1,0,0,0,0,0,0,0,0,0,0,0,1,0,468272
1181874,23,0,0,6,0,0,1000,0,1,0,0,0,0,0,0,468300,0,1,0,0,0,1,0,0,0,0,0,0,0,0,0,0,0,1,0,468301
1182167,0,0,0,16,0,0,0,0,1,0,0,0,0,0,0,0,0,1,0,0,0,1,0,0,0,85452,0,0,0,0,0,0,0,1,0,468463
1182170,0,0,1,64,0,0,0,0,1,0,0,0,0,0,0,470614,0,1,0,0,0,1,0,0,0,8000,0,0,0,0,0,0,0,0,0,468465
1182171,0,0,2,64,0,0,0,0,1,0,0,0,0,0,0,468464,0,1,0,0,0,1,0,0,0,8000,0,0,0,0,0,0,0,0,0,468465
1182176,0,0,0,16,0,0,0,0,1,0,0,0,0,0,0,0,0,1,0,0,0,1,0,0,0,85456,0,0,0,0,0,0,0,120,0,468469
1182177,0,0,1,64,0,0,0,0,1,0,0,0,0,0,0,458888,0,1,0,0,0,1,0,0,0,100,0,0,0,0,0,0,0,1,0,468469
1182182,42,0,0,6,0,0,0,1,1,0,0,0,0,0,0,468474,0,1,0,0,0,1,0,0,0,0,0,0,0,0,0,0,0,1,0,468473
1182187,23,0,0,6,0,0,4000,1,1,0,0,0,0,0,0,468479,0,1,0,0,0,1,1,0,0,0,0,0,0,0,0,0,0,1,0,468478
1182192,0,0,1,64,0,0,0,1,1,0,0,0,0,0,0,24089,0,1,0,0,0,1,1,0,0,0,0,0,0,0,0,0,0,1,0,468481
1182215,0,0,1,64,0,0,0,1,1,0,0,0,0,0,0,12021,0,1,0,0,0,1,0,0,0,0,0,0,0,0,0,0,0,92,0,468500
1182304,0,0,2,64,0,0,0,0,1,0,0,0,0,0,0,468543,0,1,0,0,0,1,0,0,0,0,0,0,0,0,0,0,0,1,0,468540
1182478,0,0,4,64,0,0,0,0,1,0,0,0,0,0,0,468197,0,1,0,0,0,1,0,0,0,50,0,0,0,0,0,0,0,1,0,468195
1182479,0,0,5,64,0,0,0,0,1,0,0,0,0,0,0,468197,0,1,0,0,0,1,0,0,0,50,0,0,0,0,0,0,0,1,0,468195
1182480,0,0,6,64,0,0,0,0,1,0,0,0,0,0,0,468197,0,1,0,0,0,1,0,0,0,250,0,0,0,0,0,0,0,1,0,468195
1182481,0,0,7,64,0,0,0,0,1,0,0,0,0,0,0,468197,0,1,0,0,0,1,0,0,0,50,0,0,0,0,0,0,0,1,0,468195
1182482,0,0,8,64,0,0,0,0,1,0,0,0,0,0,0,468197,0,1,0,0,0,1,0,0,0,50,0,0,0,0,0,0,0,1,0,468195
1182483,0,0,9,64,0,0,0,0,1,0,0,0,0,0,0,468197,0,1,0,0,0,1,0,0,0,50,0,0,0,0,0,0,0,1,0,468195
1182484,0,0,10,64,0,0,0,0,1,0,0,0,0,0,0,468197,0,1,0,0,0,1,0,0,0,50,0,0,0,0,0,0,0,1,0,468195
1182485,0,0,11,64,0,0,0,0,1,0,0,0,0,0,0,468197,0,1,0,0,0,1,0,0,0,250,0,0,0,0,0,0,0,1,0,468195
1182486,0,0,12,64,0,0,0,0,1,0,0,0,0,0,0,468197,0,1,0,0,0,1,0,0,0,250,0,0,0,0,0,0,0,1,0,468195
1182528,42,0,0,6,0,0,0,0,0,0,0,0,0,0,0,468670,0,1,0,0.23414634168,0,1,205,0,0,0,0,0,0,0,0,0,0,6,0,468671
1182710,42,0,0,6,0,0,0,0,1,0,0,0,0,0,0,18350,0,1,0,0,0,1,3,0,0,0,0,0,0,0,0,0,0,1,0,468780
1183145,23,0,0,6,0,0,1000,0,1,0,0,0,0,0,0,469370,0,1,0,0,0,1,0,0,0,0,0,0,0,0,0,0,0,1,0,469055
1183147,23,0,0,6,0,0,1000,0,1,0,0,0,0,0,0,469371,0,1,0,0,0,1,0,0,0,0,0,0,0,0,0,0,0,1,0,469056
1183149,23,0,0,6,0,0,1000,0,1,0,0,0,0,0,0,469433,0,1,0,0,0,1,0,0,0,0,0,0,0,0,0,0,0,1,0,469057
1183151,23,0,0,6,0,0,1000,0,1,0,0,0,0,0,0,469372,0,1,0,0,0,1,0,0,0,0,0,0,0,0,0,0,0,1,0,469058
1183256,42,0,0,6,0,0,0,1,1,0,0,0,0,0,0,469122,0,1,0,0,0,1,0,0,0,0,0,0,0,0,0,0,0,1,0,469123
1183293,42,0,2,6,0,0,0,0,1,0,0,0,0,0,0,469144,0,1,0,0,0,1,0,0,0,0,0,0,0,0,0,0,0,1,0,469145
1183300,42,0,0,6,0,0,0,0,1,0,0,0,0,0,0,469151,0,1,0,0,0,1,100,0,0,0,0,0,0,0,0,0,0,1,0,469152
1183301,42,0,0,6,0,0,0,0,1,0,0,0,0,0,0,469151,0,1,0,0,0,1,100,0,0,0,0,0,0,0,0,0,0,1,0,469153
1183302,42,0,0,6,0,0,0,0,1,0,0,0,0,0,0,469151,0,1,0,0,0,1,100,0,0,0,0,0,0,0,0,0,0,1,0,469154
1183319,0,0,0,64,0,0,0,0,1,0,0,0,0,0,0,469190,0,1,0,0,0,1,0,0,0,0,0,0,0,0,0,0,0,0,0,469166
1183408,42,0,0,6,0,0,0,1,1,0,0,0,0,0,0,469220,0,1,0,0,0,1,0,0,0,0,0,0,0,0,0,0,0,1,0,469211
1183432,0,0,1,64,0,0,0,1,1,0,0,9,0,0,0,469227,0,1,0,0,0,1,0,0,0,0,0,0,0,0,0,0,0,6,0,469228
1183433,42,0,0,6,0,0,0,1,1,0,0,0,0,0,0,469228,0,1,0,0,0,1,0,0,0,0,0,0,0,0,0,0,0,1,0,469229
1183461,0,0,0,16,0,0,0,0,1,0,0,0,0,0,0,0,0,1,0,0,0,1,0,0,0,85073,0,0,0,0,0,0,0,120,0,469247
1183462,0,0,1,64,0,0,0,0,1,0,0,0,0,0,0,458888,0,1,0,0,0,1,0,0,0,100,0,0,0,0,0,0,0,1,0,469247
1183868,23,0,0,6,0,0,500,0,1,0,0,0,0,0,0,469489,0,1,0,0,0,1,0,0,0,0,0,0,0,0,0,0,0,1,0,469486
1183878,0,0,0,64,0,0,0,0,1,0,0,0,0,0,0,469190,0,1,0,0,0,1,0,0,0,0,0,0,22,0,0,0,0,22,7,469492
1183885,0,0,0,64,0,0,0,0,1,0,0,0,0,0,0,468707,0,1,0,0,0,1,0,0,0,5000,0,0,0,0,0,0,0,1,0,469496
1183887,0,0,0,64,0,0,0,0,1,0,0,0,0,0,0,468919,0,1,0,0,0,1,0,0,0,2000,0,0,0,0,0,0,0,1,0,469497
1184096,42,0,0,6,0,0,0,0,1,0,0,0,0,0,0,469147,0,1,0,0,0,1,0,0,0,0,0,0,0,0,0,0,0,1,0,469632
1184153,19,0,0,6,0,0,0,0,1,0,0,0,0,0,0,469605,0,1,0,0,0,1,1000,0,0,4,85251,0,0,0,0,0,0,1,0,469668
1184171,4,0,0,6,0,0,0,0,1,0,0,0,0,0,0,467826,0,1,0,0,0,1,200,0,0,0,0,0,0,0,0,0,0,1,0,469672
1184232,0,0,0,64,0,0,0,0,1,0,0,0,0,0,0,469891,0,1,0,0,0,1,0,0,0,10,0,0,0,0,0,0,0,147,0,469706
1184330,0,0,0,16,0,0,0,0,1,0,0,0,0,0,0,0,0,1,0,0,0,1,1,0,0,85641,0,0,0,0,0,0,0,25,0,469777
1184539,19,0,0,6,0,0,0,0,1,0,0,0,0,0,0,469788,0,1,0,0,0,1,1000,0,0,4,85453,0,0,0,0,0,0,1,0,469884
1184551,0,0,2,64,0,0,0,0,1,0,0,0,0,0,0,469492,0,1,0,0,0,1,0,0,0,10,0,0,0,0,0,0,0,0,0,469891
1184840,0,0,0,64,0,0,0,0,1,0,0,0,0,0,0,470051,0,1,0,0,0,1,0,0,0,500,0,0,0,0,0,0,0,1,0,470036
1184922,42,0,0,6,0,0,0,1,1,0,0,0,0,0,0,470270,0,1,0,0,0,1,30,0,0,0,0,0,0,0,0,0,0,1,0,470080
1185240,42,0,0,6,0,0,0,0,1,0,0,0,0,0,0,470272,0,1,0,0,0,1,20,0,0,0,0,0,0,0,0,0,0,1,0,470240
1185247,42,0,0,6,0,0,0,1,1,0,0,0,0,0,0,470271,0,1,0,0,0,1,20,0,0,0,0,0,0,0,0,0,0,1,0,470246
1185320,42,0,1,6,0,0,0,1,1,0,0,0,5,0,0,468062,0,1,0,0,0,1,15,0,0,0,0,0,0,0,0,0,0,1,0,468046
1185450,0,0,2,64,0,0,0,0,1,0,0,0,0,0,0,470317,0,1,0,0,0,1,0,0,0,2000,0,0,0,0,0,0,0,1,0,470338
1185508,23,0,1,6,0,0,10000,1,1,0,0,0,0,0,0,470361,0,1,0,0,0,1,0,0,0,0,0,0,0,0,0,0,0,1,0,470362
1185518,23,0,1,6,0,0,10000,0,1,0,0,0,0,0,0,470367,0,1,0,0,0,1,0,0,0,0,0,0,0,0,0,0,0,1,0,470369
1185730,0,0,2,64,0,0,0,0,1,0,0,0,0,0,0,470454,0,1,0,0,0,1,0,0,0,2000,0,0,0,0,0,0,0,1,0,470455
1185934,0,0,1,64,0,0,0,0,1,0,0,0,0,0,0,470537,0,1,0,0,0,1,0,0,0,2500,0,0,0,0,0,0,0,1,0,470497
1187496,23,186,2,6,0,0,1000,1,1,0,0,0,0,0,0,16806,0,1,0,0,0,1,1,0,0,0,0,10,0,0,0,0,0,24,0,23023
1187506,23,226,2,6,0,0,1000,1,1,0,0,0,0,0,0,20021,0,1,0,0,0,1,1,0,0,0,0,0,0,0,0,0,0,6,0,20019
1187518,42,186,0,6,0,0,0,1,1,0,0,0,0,0,0,22284,0,1,0,0,0,1,1,0,0,0,0,0,0,0,0,0,0,1,0,22283
1189073,285,0,4,6,0,0,0,0,1,0,0,0,0,0,0,471514,0,1,0,0,0,1,0,0,0,0,0,0,0,0,0,0,0,1,0,471513
1189227,23,186,0,6,0,0,1000,1,1,0,0,0,0,0,0,22311,0,1,0,0,0,1,1,0,0,0,0,0,0,0,0,0,0,6,0,22291
1189413,42,0,0,6,0,0,0,0,1,0,0,0,0,0,0,471570,0,1,0,0,0,1,0,0,0,0,0,0,0,0,0,0,0,1,0,471695
1192730,23,0,0,6,0,0,2000,0,1,0,0,0,0,0,0,473687,0,1,0,0,0,1,100,0,0,0,0,0,0,0,0,0,0,1,0,473666
1193556,42,0,0,6,0,0,0,0,1,0,0,0,0,0,0,474126,0,1,0,0,0,1,4,0,0,0,0,0,0,0,0,0,0,1,0,474127
1194683,0,0,2,16,0,0,0,0,1,0,0,0,0,0,0,0,0,1,0,0,0,1,0,0,0,8240,0,0,0,0,0,0,0,1,0,1213146
1194702,23,0,0,6,0,0,5000,0,1,0,0,0,0,0,0,1213175,0,1,0,0,0,1,0,0,0,0,0,0,0,0,0,0,0,6,0,1213155
1194747,42,0,0,6,0,0,0,0,1,0,0,0,0,0,0,1213190,0,1,0,0,0,1,10,0,0,0,0,0,0,0,0,0,0,1,0,1213188
1194777,42,0,0,6,0,0,0,0,1,0,0,0,0,0,0,1213210,0,1,0,0,0,1,0,0,0,0,0,0,0,0,0,0,0,1,0,1213209
1194778,0,0,1,64,0,0,0,0,1,0,0,0,0,0,0,1213211,0,1,0,0,0,1,0,0,0,0,0,0,0,0,0,0,0,1,0,1213209
1194836,23,0,0,6,0,0,30000,0,1,0,0,0,0,0,0,1216033,0,1,0,0,0,1,0,0,0,0,0,0,0,0,0,0,0,1,0,1213254
1194837,23,0,0,6,0,0,30000,0,1,0,0,0,0,0,0,1216047,0,1,0,0,0,1,0,0,0,0,0,0,0,0,0,0,0,1,0,1213255
1194838,23,0,0,6,0,0,30000,0,1,0,0,0,0,0,0,1216049,0,1,0,0,0,1,0,0,0,0,0,0,0,0,0,0,0,1,0,1213256
1194840,23,0,0,6,0,0,30000,0,1,0,0,0,0,0,0,1216051,0,1,0,0,0,1,0,0,0,0,0,0,0,0,0,0,0,1,0,1213258
1194841,23,0,0,6,0,0,30000,0,1,0,0,0,0,0,0,1216053,0,1,0,0,0,1,0,0,0,0,0,0,0,0,0,0,0,1,0,1213259
1194903,23,0,0,6,0,0,1000,0,1,0,0,0,0,0,0,1213304,0,1,0,0,0,1,0,0,0,0,0,0,0,0,0,0,0,1,0,1213297
1195000,23,0,0,6,0,0,2000,0,1,0,0,0,0,0,0,1213367,0,1,0,0,0,1,0,0,0,0,0,0,0,0,0,0,0,1,0,1213366
1195001,0,0,1,64,0,0,0,0,1,0,0,0,0,0,0,1213367,0,1,0,0,0,1,0,0,0,0,0,0,0,0,0,0,0,1,0,1213366
1195029,42,0,0,6,0,0,0,0,1,0,0,0,0,0,0,1213381,0,1,0,0,0,1,1,0,0,0,0,0,0,0,0,0,0,1,0,1213390
1195034,42,0,0,6,0,0,0,0,1,0,0,0,0,0,0,1213393,0,1,0,0,0,1,1,0,0,0,0,0,0,0,0,0,0,1,0,1213395
1195048,42,0,0,6,0,0,0,0,1,0,0,0,0,0,0,1217927,0,1,0,0,0,1,3,0,0,0,0,0,0,0,0,0,0,1,0,1213406
1195067,42,0,0,6,0,0,0,0,1,0,0,0,0,0,0,1213418,0,1,0,0,0,1,0,0,0,0,0,0,0,0,0,0,0,1,0,1213417
1195069,42,0,0,6,0,0,0,0,1,0,0,0,0,0,0,1213420,0,1,0,0,0,1,0,0,0,0,0,0,0,0,0,0,0,1,0,1213419
1195071,42,0,0,6,0,0,0,0,1,0,0,0,0,0,0,1213422,0,1,0,0,0,1,5,0,0,0,0,0,0,0,0,0,0,1,0,1213421
1195145,0,0,2,64,0,0,0,1,1,0,0,0,0,0,0,12021,0,1,0,0,0,1,0,0,0,0,0,0,0,0,0,0,0,6,0,1213463
1195149,0,0,0,64,0,0,0,0,1,0,0,0,0,0,0,29544,0,1,0,0,0,1,0,0,0,0,0,0,0,0,0,0,0,6,0,1213465
1195697,42,0,0,6,0,0,0,0,1,0,0,0,0,0,0,1213864,0,1,0,0,0,1,1,0,0,0,0,0,0,0,0,0,0,1,0,1213862
1195721,42,0,0,6,0,0,0,0,1,0,0,0,0,0,0,1213873,0,1,0,0,0,1,1,0,0,0,0,0,0,0,0,0,0,1,0,1213874
1195804,42,0,0,6,0,0,0,0,1,0,0,0,0,0,0,1213934,0,1,0,0,0,1,50,0,0,0,0,0,0,0,0,0,0,1,0,1213930
1195855,42,0,0,6,0,0,0,0,1,0,0,0,0,0,0,1213964,0,1,0,0,0,1,1,0,0,0,0,0,0,0,0,0,0,1,0,1213963
1195857,0,0,1,64,0,0,0,1,1,0,0,0,0,0,0,22848,0,1,0,0,0,1,0,0,0,0,0,0,0,0,0,0,0,0,0,1213964
1195863,0,0,1,64,0,0,0,0,1,0,0,0,0,0,0,1213968,0,1,0,0,0,1,0,0,0,0,0,0,0,0,0,0,0,1,0,1213967
1195998,23,0,0,6,0,0,1000,0,1,0,0,0,0,0,0,1215498,0,1,0,0,0,1,0,0,0,0,0,0,0,0,0,0,0,1,0,1214050
1196050,42,0,0,6,0,0,0,0,1,0,0,0,0,0,0,1214088,0,1,0,0,0,1,-50,0,0,0,0,0,0,0,0,0,0,1,0,1214087
1196152,42,0,0,6,0,0,0,0,1,0,0,0,0,0,0,1214156,0,1,0,0,0,1,50,0,0,0,0,0,0,0,0,0,0,1,0,1214151
1196160,109,0,0,6,0,0,0,0,1,0,0,0,0,0,0,1214157,0,1,0,0,0,1,200,0,0,0,0,0,0,4096,0,0,0,1,0,1214158
1196355,42,0,0,6,0,0,0,0,1,0,0,0,0,0,0,18350,0,1,0,0,0,1,100,0,0,0,0,0,0,0,0,0,0,1,0,1214258
1196373,42,0,0,6,0,0,0,0,1,0,0,0,0,0,0,1214273,0,1,0,0,0,1,100,0,0,0,0,0,0,0,0,0,0,1,0,1214272
1196382,42,0,0,6,0,0,0,0,1,0,0,0,0,0,0,1214279,0,1,0,0,0,1,100,0,0,0,0,0,0,0,0,0,0,1,0,1214280
1196394,109,0,0,6,0,0,0,0,1,0,0,0,0,0,0,1214290,0,1,0,0,0,1,200,0,0,0,0,0,0,0,4,0,0,1,0,1214289
1196398,109,0,0,6,0,0,0,0,1,0,0,0,0,0,0,1214293,0,1,0,0,0,1,200,0,0,0,0,0,0,0,8,0,0,1,0,1214292
1197382,23,0,0,6,0,0,1000,0,1,0,0,0,0,0,0,1214871,0,1,0,0,0,1,0,0,0,0,0,0,0,0,0,0,0,1,0,1214867
1197501,42,0,0,6,0,0,0,0,1,0,0,0,0,0,0,21919,0,1,0,0,0,1,0,0,0,0,0,0,0,0,0,0,0,1,0,1214927
1197759,23,0,0,6,0,0,1000,0,1,0,0,0,0,0,0,1215202,0,1,0,0,0,1,0,0,0,0,0,0,0,0,0,0,0,1,0,1215061
1198002,23,0,0,6,0,0,3000,0,1,0,0,0,0,0,0,1220637,0,1,0,0,0,1,1000,0,0,0,0,0,0,0,0,0,0,1,0,1215202
1198266,23,0,0,6,0,0,500,0,1,0,0,0,0,0,0,1214451,0,1,0,0,0,1,99,0,0,0,0,0,0,0,0,0,0,1,0,1215358
1198426,42,0,0,6,0,0,0,0,1,0,0,0,0,0,0,1215457,0,1,0,0,0,1,0,0,0,0,0,0,0,0,0,0,0,1,0,1215456
1198476,23,0,0,6,0,0,30000,0,1,0,0,0,0,0,0,1215516,0,1,0,0,0,1,0,0,0,0,0,0,0,0,0,0,0,1,0,1215491
1198519,23,0,0,6,0,0,2000,0,1,0,0,0,0,0,0,1215739,0,1,0,0,0,1,0,0,0,0,0,0,0,0,0,0,0,1,0,1215516
1198581,23,0,0,6,0,0,500,0,1,0,0,0,0,0,0,1215555,0,1,0,0,0,1,0,0,0,0,0,0,0,0,0,0,0,1,0,1215554
1198584,23,0,0,6,0,0,500,0,1,0,0,0,0,0,0,1215558,0,1,0,0,0,1,0,0,0,0,0,0,0,0,0,0,0,1,0,1215557
1198848,0,0,0,64,0,0,0,0,1,0,0,0,0,0,0,1215743,0,1,0,0,0,1,0,0,0,0,0,0,0,0,0,0,0,1,0,1215742
1198849,0,0,0,64,0,0,0,0,1,0,0,0,0,0,0,1215744,0,1,0,0,0,1,0,0,0,7000,0,0,0,0,0,0,0,1,0,1215743
1198850,0,0,0,64,0,0,0,0,1,0,0,0,0,0,0,1215745,0,1,0,0,0,1,0,0,0,0,0,0,0,0,0,0,0,1,0,1215744
1198871,23,0,2,6,0,0,4000,1,1,0,0,0,0,0,0,26052,0,1,0,0,0,1,0,0,0,0,0,0,0,0,0,0,0,1,0,1215755
1198873,0,0,3,64,0,0,0,0,1,0,0,0,0,0,0,1215756,0,1,0,0,0,1,0,0,0,0,0,0,0,0,0,0,0,1,0,1215755
1199095,23,0,2,6,0,0,3000,1,1,0,0,0,0,0,0,1215888,0,1,0,0,0,1,0,0,0,0,0,0,0,0,0,0,0,1,0,1215885
1199242,0,0,1,64,0,0,0,0,1,0,0,0,0,0,0,1215866,0,1,0,0,0,1,0,0,0,1000,0,0,0,0,0,0,0,1,0,1215978
1199245,0,0,1,64,0,0,0,0,1,0,0,0,0,0,0,1215867,0,1,0,0,0,1,0,0,0,1000,0,0,0,0,0,0,0,1,0,1215980
1199298,23,0,0,6,0,0,30000,0,1,0,0,0,0,0,0,1216033,0,1,0,0,0,1,0,0,0,0,0,0,0,0,0,0,0,1,0,1216028
1199299,23,0,0,6,0,0,30000,0,1,0,0,0,0,0,0,1215516,0,1,0,0,0,1,0,0,0,0,0,0,0,0,0,0,0,1,0,1216029
1199300,23,0,0,6,0,0,30000,0,1,0,0,0,0,0,0,1215516,0,1,0,0,0,1,0,0,0,0,0,0,0,0,0,0,0,1,0,1216030
1199301,23,0,0,6,0,0,30000,0,1,0,0,0,0,0,0,1215516,0,1,0,0,0,1,0,0,0,0,0,0,0,0,0,0,0,1,0,1216031
1199302,23,0,0,6,0,0,30000,0,1,0,0,0,0,0,0,1215516,0,1,0,0,0,1,0,0,0,0,0,0,0,0,0,0,0,1,0,1216032
1199303,23,0,0,6,0,0,1000,0,1,0,0,0,0,0,0,1214632,0,1,0,0,0,1,0,0,0,0,0,0,0,0,0,0,0,1,0,1216033
1199329,23,0,0,6,0,0,1000,0,1,0,0,0,0,0,0,1214789,0,1,0,0,0,1,0,0,0,0,0,0,0,0,0,0,0,1,0,1216047
1199333,23,0,0,6,0,0,1000,0,1,0,0,0,0,0,0,1214956,0,1,0,0,0,1,0,0,0,0,0,0,0,0,0,0,0,1,0,1216049
1199335,23,0,0,6,0,0,1000,0,1,0,0,0,0,0,0,1215202,0,1,0,0,0,1,0,0,0,0,0,0,0,0,0,0,0,1,0,1216051
1199338,23,0,0,6,0,0,1000,0,1,0,0,0,0,0,0,1215091,0,1,0,0,0,1,0,0,0,0,0,0,0,0,0,0,0,1,0,1216053
1200081,0,0,2,64,0,0,0,0,1,0,0,0,0,0,0,31247,0,1,0,0,0,1,0,0,0,0,0,0,0,0,0,0,0,1,0,1216566
1200712,42,0,0,6,0,0,0,0,1,0,0,0,0,0,0,16782,0,1,0,0,0,1,0,0,0,0,0,0,0,0,0,0,0,1,0,1216968
1201022,0,0,1,64,0,0,0,0,1,0,0,0,0,0,0,1219487,0,1,0,0,0,1,0,0,0,3000,0,0,0,0,0,0,0,0,0,1217160
1201136,0,0,8,64,0,0,0,0,1,0,0,0,0,0,0,355365,0,1,0,0,0,1,0,0,0,0,0,0,0,0,0,0,0,25,0,461520
1202079,23,0,0,6,0,0,2000,0,1,0,0,0,0,0,0,1217868,0,1,0,0,0,1,100,0,0,0,0,0,0,0,0,0,0,1,0,1217775
1202207,23,0,0,6,0,0,5000,0,1,0,0,0,0,0,0,1217844,0,1,0,0,0,1,100,0,0,0,0,0,0,0,0,0,0,1,0,1217848
1202656,0,0,3,64,0,0,0,0,1,0,0,0,0,0,0,473477,0,1,0,0,0,1,0,0,0,0,0,0,0,0,0,0,0,18,0,1218071
1202704,23,0,0,6,0,0,2000,0,1,0,0,0,0,0,0,1218091,0,1,0,0,0,1,0,0,0,0,0,0,0,0,0,0,0,1,0,1218092
1202824,0,0,3,64,0,0,0,0,1,0,0,0,0,0,0,1218154,0,1,0,0,0,1,0,0,0,0,0,0,0,0,0,0,0,1,0,462752
1202870,293,0,0,6,0,0,0,0,1,0,0,0,0,0,0,8407,0,1,0,0,0,1,0,0,0,3162,0,0,0,0,0,0,0,1,0,1218184
1202981,0,0,2,64,0,0,0,0,1,0,0,0,0,0,0,1218240,0,1,0,0,0,1,0,0,0,200,0,0,0,0,0,0,0,25,0,409593
1202984,0,0,3,64,0,0,0,0,1,0,0,0,0,0,0,1218240,0,1,0,0,0,1,0,0,0,400,0,0,0,0,0,0,0,25,0,409593
1202985,0,0,4,64,0,0,0,0,1,0,0,0,0,0,0,1218240,0,1,0,0,0,1,0,0,0,600,0,0,0,0,0,0,0,25,0,409593
1203155,42,0,0,6,0,0,0,0,1,0,0,0,0,0,0,1218345,0,1,0,0,0,1,0,0,0,0,0,0,0,0,0,0,0,1,0,1218352
1203374,42,0,0,6,0,0,0,0,1,0,0,0,0,0,0,1218479,0,1,0,0,0,1,1,0,0,0,0,0,0,0,0,0,0,1,0,1218478
1203522,42,0,0,6,0,0,0,0,1,0,0,0,0,0,0,1226739,0,1,0,0,0,1,20,0,0,0,0,0,0,0,0,0,0,1,0,1218575
1203533,23,0,0,6,0,0,10000,0,1,0,0,0,0,0,0,1219101,0,1,0,0,0,1,0,0,0,0,0,0,0,0,0,0,0,1,0,1218585
1203539,42,0,0,6,0,0,0,0,1,0,0,0,0,0,0,1218587,0,1,0,0,0,1,20,0,0,0,0,0,0,0,0,0,0,1,0,1218589
1204409,42,0,0,6,0,0,0,0,1,0,0,0,0,0,0,1219020,0,1,0,0,0,1,100,0,0,0,0,0,0,0,0,0,0,1,0,1219019
1204598,23,0,0,6,0,0,500,0,1,0,0,0,0,0,0,1219123,0,1,0,0,0,1,0,0,0,0,0,0,0,0,0,0,0,1,0,1219125
1204633,23,0,0,6,0,0,500,0,1,0,0,0,0,0,0,1219150,0,1,0,0,0,1,0,0,0,0,0,0,0,0,0,0,0,1,0,1219155
1204851,42,0,0,6,0,0,0,0,1,0,0,0,0,0,0,1219232,0,1,0,0,0,1,100,0,0,0,0,0,0,0,0,0,0,1,0,1219233
1204926,42,0,0,6,0,0,0,0,1,0,0,0,0,0,0,1219288,0,1,0,0,0,1,1,0,0,0,0,0,0,0,0,0,0,1,0,1219286
1204931,23,0,0,6,0,0,100,0,1,0,0,0,0,0,0,1219289,0,1,0,0,0,1,500,0,0,0,0,0,0,0,0,0,0,1,0,1219290
1205061,23,0,0,6,0,0,5000,0,1,0,0,0,0,0,0,1219362,0,1,0,0,0,1,0,0,0,0,0,0,0,0,0,0,0,1,0,1219363
1205096,23,0,0,6,0,0,1000,0,1,0,0,0,0,0,0,1219388,0,1,0,0,0,1,0,0,0,0,0,0,0,0,0,0,0,1,0,1219387
1205098,23,0,0,6,0,0,1000,0,1,0,0,0,0,0,0,1219390,0,1,0,0,0,1,1,0,0,0,0,0,0,0,0,0,0,1,0,1219389
1205250,42,0,0,6,0,0,0,0,1,0,0,0,0,0,0,1219485,0,1,0,0,0,1,100,0,0,0,0,0,0,0,0,0,0,1,0,1219486
1205680,23,0,0,6,0,0,3000,0,1,0,0,0,0,0,0,1219759,0,1,0,0,0,1,0,0,0,0,0,0,0,0,0,0,0,1,0,1219761
1206363,23,0,2,6,0,0,1000,0,1,0,0,0,0,0,0,1220411,0,1,0,0,0,1,0,0,0,0,0,0,0,0,0,0,0,6,0,1220410
1206523,42,0,0,6,0,0,0,0,1,0,0,0,0,0,0,1220520,0,1,0,0,0,1,0,0,0,0,0,0,0,0,0,0,0,1,0,1220521
1206542,42,0,0,6,0,0,0,0,1,0,0,0,0,0,0,1220535,0,1,0,0,0,1,0,0,0,0,0,0,0,0,0,0,0,1,0,1220536
1206726,0,0,1,64,0,0,0,0,1,0,0,0,0,0,0,1220659,0,1,0,0,0,1,0,0,0,0,0,0,0,0,0,0,0,1,0,1219501
1207030,23,0,0,6,0,0,1000,0,1,0,0,0,0,0,0,1220832,0,1,0,0,0,1,0,0,0,0,0,0,0,0,0,0,0,1,0,1220829
1207106,23,0,0,6,0,0,1000,0,1,0,0,0,0,0,0,1220884,0,1,0,0,0,1,0,0,0,0,0,0,0,0,0,0,0,1,0,1220882
1207109,23,0,0,6,0,0,2000,0,1,0,0,0,0,0,0,1220886,0,1,0,0,0,1,0,0,0,0,0,0,0,0,0,0,0,1,0,1220885
1207152,23,0,0,6,0,0,5000,0,1,0,0,0,0,0,0,1220916,0,1,0,0,0,1,0,0,0,0,0,0,0,0,0,0,0,1,0,1220915
1207163,23,0,1,6,0,0,250,0,1,0,0,0,0,0,0,1220924,0,1,0,0,0,1,0,0,0,0,0,0,0,0,0,0,0,1,0,1220920
1207290,23,0,0,6,0,0,500,0,1,0,0,0,0,0,0,1221027,0,1,0,0,0,1,0,0,0,0,0,0,0,0,0,0,0,1,0,1221026
1207615,23,0,1,6,0,0,200,0,1,0,0,0,0,0,0,1221215,0,1,0,0,0,1,0,0,0,0,0,0,0,0,0,0,0,1,0,1221212
1207617,23,0,1,6,0,0,200,0,1,0,0,0,0,0,0,1221216,0,1,0,0,0,1,0,0,0,0,0,0,0,0,0,0,0,1,0,1221213
1207619,23,0,1,6,0,0,200,0,1,0,0,0,0,0,0,1221217,0,1,0,0,0,1,0,0,0,0,0,0,0,0,0,0,0,1,0,1221214
1207713,23,0,2,6,0,0,2000,0,1,0,0,0,0,0,0,1221278,0,1,0,0,0,1,0,0,0,0,0,0,0,0,0,0,0,1,0,1216932
1207795,23,0,0,6,0,0,10000,0,1,0,0,0,0,0,0,1221328,0,1,0,0,0,1,0,0,0,0,0,0,0,0,0,0,0,1,0,1221327
1208017,23,0,2,6,0,0,2000,0,1,0,0,0,0,0,0,1221278,0,1,0,0,0,1,0,0,0,0,0,0,0,0,0,0,0,1,0,1220976
1208018,23,0,2,6,0,0,2000,0,1,0,0,0,0,0,0,1221278,0,1,0,0,0,1,0,0,0,0,0,0,0,0,0,0,0,1,0,1220972
1208037,0,0,3,64,0,0,0,0,1,0,0,0,0,0,0,1221416,0,1,0,0,0,1,0,0,0,0,0,0,0,0,0,0,0,1,0,1221404
1208042,23,0,1,6,0,0,20000,0,1,0,0,0,0,0,0,1221421,0,1,0,0,0,1,0,0,0,0,0,0,0,0,0,0,0,1,0,1221422
1208051,0,0,2,64,0,0,0,0,1,0,0,0,0,0,0,1221421,0,1,0,0,0,1,0,0,0,0,0,0,0,0,0,0,0,1,0,1221422
1208663,0,0,1,64,0,0,0,0,1,0,0,0,0,0,0,463009,0,1,0,0,0,1,0,0,0,0,0,0,0,0,0,0,0,25,0,1221793
1208665,0,0,2,64,0,0,0,0,1,0,0,0,0,0,0,463009,0,1,0,0,0,1,0,0,0,0,0,0,0,0,0,0,0,25,0,463010
1208670,23,0,3,6,0,0,2000,0,1,0,0,0,0,0,0,1221793,0,1,0,0,0,1,0,0,0,0,0,0,0,0,0,0,0,25,0,463011
1210195,23,0,0,6,0,0,1000,0,1,0,0,0,0,0,0,1222944,0,1,0,0.15000000596,0,1,1000,0,0,0,0,0,0,0,0,0,0,1,0,1222709
1210243,23,0,0,6,0,0,3000,0,1,0,0,0,0,0,0,439996,0,1,0,0,0,1,0,0,0,0,0,0,0,0,0,0,0,1,0,1222743
1210353,23,0,0,6,0,0,1000,0,1,0,0,0,0,0,0,1222809,0,1,0,0,0,1,0,0,0,0,0,0,0,0,0,0,0,1,0,1222814
1210407,23,0,0,6,0,0,5000,0,1,0,0,0,0,0,0,1222847,0,1,0,0,0,1,0,0,0,0,0,0,0,0,0,0,0,1,0,1222848
1210542,23,0,0,6,0,0,1000,0,1,0,0,0,0,0,0,1222931,0,1,0,0,0,1,1,0,0,0,0,0,0,0,0,0,0,1,0,1222930
1210545,23,0,0,6,0,0,1000,0,1,0,0,0,0,0,0,1222931,0,1,0,0,0,1,1,0,0,0,0,0,0,0,0,0,0,1,0,1222933
1210564,23,0,1,6,0,0,1000,0,1,0,0,0,0,0,0,1222946,0,1,0,0,0,1,0,0,0,0,0,0,0,0,0,0,0,1,0,1220882
1210673,42,0,0,6,0,0,0,0,1,0,0,0,0,0,0,21919,0,1,0,0,0,1,0,0,0,0,0,0,0,0,0,0,0,1,0,1223010
1211202,42,0,0,6,0,0,0,0,1,0,0,0,0,0,0,1223342,0,1,0,0,0,1,150,0,0,0,0,0,0,0,0,0,0,1,0,1223341
1211444,23,0,0,6,0,0,1000,0,1,0,0,0,0,0,0,1222206,0,1,0,0,0,1,0,0,0,0,0,0,0,0,0,0,0,1,0,1223457
1211453,23,0,0,6,0,0,1000,1,1,0,0,0,0,0,0,1223461,0,1,0,0,0,1,0,0,0,0,0,0,0,0,0,0,0,1,0,1223462
1212517,0,0,1,64,0,0,0,0,1,0,0,0,0,0,0,1223095,0,1,0,0,0,1,0,0,0,2000,0,0,0,0,0,0,0,1,0,1224067
1213505,23,0,0,6,0,0,5000,0,1,0,0,0,0,0,0,1224703,0,1,0,0,0,1,0,0,0,0,0,0,0,0,0,0,0,1,0,1224702
1214089,23,0,0,6,0,0,2000,1,1,0,0,0,0,0,0,1225096,0,1,0,0,0,1,0,0,0,0,0,0,0,0,0,0,0,1,0,1225098
1214691,23,186,0,6,0,0,10000,0,1,0,0,0,0,0,0,29214,0,1,0,0,0,1,0,0,0,0,0,0,22,0,0,0,0,22,15,29213
1215170,23,0,1,6,0,0,10000,0,1,0,0,0,0,0,0,1225778,0,1,0,0,0,1,0,0,0,0,0,0,0,0,0,0,0,1,0,1225769
1215177,23,0,1,6,0,0,10000,0,1,0,0,0,0,0,0,1225779,0,1,0,0,0,1,0,0,0,0,0,0,0,0,0,0,0,1,0,1225771
1215179,23,0,1,6,0,0,10000,0,1,0,0,0,0,0,0,1225780,0,1,0,0,0,1,0,0,0,0,0,0,0,0,0,0,0,1,0,1225772
1215184,23,0,1,6,0,0,10000,1,1,0,0,0,0,0,0,1225782,0,1,0,0,0,1,0,0,0,0,0,0,0,0,0,0,0,1,0,1225774
1215751,42,0,0,6,0,0,0,0,1,0,0,0,0,0,0,1226113,0,1,0,0,0,1,2,0,0,0,0,0,0,0,0,0,0,1,0,1226109
1215767,109,0,0,6,0,0,0,1,1,0,0,0,20,0,0,1226118,0,1,0,0,0,1,0,0,0,0,0,0,0,8388608,268435456,0,0,1,0,1226119
1215768,4,0,1,6,0,0,0,1,1,0,0,0,0,0,0,1226118,0,1,0,0,0,1,20,0,0,0,0,0,0,8388608,268435456,0,0,1,0,1226119
1215770,42,0,0,6,0,0,0,0,1,0,0,0,0,0,0,410144,0,1,0,0,0,1,25,0,0,0,0,0,0,0,0,0,0,1,0,1226121
1215779,42,0,0,6,0,0,0,0,1,0,0,0,0,0,0,1226127,0,1,0,0,0,1,4,0,0,0,0,0,0,0,0,0,0,1,0,1226126
1215797,42,0,0,6,0,0,0,0,1,0,0,0,0,0,0,1226136,0,1,0,0,0,1,20,0,0,0,0,0,0,0,0,0,0,1,0,1226137
1215799,42,0,1,6,0,0,0,0,1,0,0,0,0,0,0,1233451,0,1,0,0,0,1,75,0,0,0,0,0,0,0,0,0,0,1,0,1226138
1216107,42,0,0,6,0,0,0,0,1,0,0,0,0,0,0,1226357,0,1,0,0,0,1,20,0,0,0,0,0,0,0,0,0,0,1,0,1226359
1216196,42,0,0,6,0,0,0,0,1,0,0,0,0,0,0,1226406,0,1,0,0,0,1,20,0,0,0,0,0,0,0,0,0,0,1,0,1226407
1216203,23,0,3,6,0,0,1000,0,1,0,0,0,0,0,0,1219239,0,1,0,0,0,1,0,0,0,0,0,0,0,0,0,0,0,1,0,1219235
1216287,42,0,0,6,0,0,0,0,1,0,0,0,0,0,0,1226461,0,1,0,0,0,1,20,0,0,0,0,0,0,0,0,0,0,1,0,1226460
1216296,42,0,0,6,0,0,0,0,1,0,0,0,0,0,0,1226466,0,1,0,0,0,1,20,0,0,0,0,0,0,0,0,0,0,1,0,1226467
1216386,4,0,0,6,0,0,0,0,1,0,0,0,0,0,0,1226534,0,1,0,0,0,1,0,0,0,0,0,0,0,0,0,0,0,1,0,1226529
1216833,0,0,0,64,0,0,0,0,1,0,0,0,0,0,0,25695,0,1,0,0,0,1,0,0,0,0,0,0,0,0,0,0,0,1,0,1226814
1216834,0,0,1,64,0,0,0,0,1,0,0,0,0,0,0,25696,0,1,0,0,0,1,0,0,0,0,0,0,0,0,0,0,0,1,0,1226814
1216919,42,0,0,6,0,0,0,0,1,0,0,0,0,0,0,1226868,0,1,0,0,0,1,10,0,0,0,0,0,0,0,0,0,0,1,0,1226869
1216941,4,0,1,6,0,0,0,0,1,0,0,0,0,0,0,400015,0,1,0,0,0,1,5,0,0,0,0,0,0,0,0,0,0,1,0,400016
1217077,42,0,0,6,0,0,0,0,1,0,0,0,0,0,0,1226957,0,1,0,0,0,1,1,0,0,0,0,0,0,0,0,0,0,1,0,1226956
1217468,42,0,0,6,0,0,0,0,1,0,0,0,0,0,0,1227200,0,1,0,0,0,1,20,0,0,0,0,0,0,0,0,0,0,1,0,1227196
1217533,42,0,0,6,0,0,0,0,1,0,0,0,0,0,0,1234067,0,1,0,0,0,1,0,0,0,0,0,0,0,0,0,0,0,1,0,1227245
1217710,23,186,0,6,0,0,30000,0,1,0,0,0,0,0,0,28008,0,1,0,0,0,1,0,0,0,0,0,0,12,0,0,0,0,22,7,28009
1217711,23,186,0,6,0,0,45000,0,1,0,0,0,0,0,0,28010,0,1,0,0,0,1,0,0,0,0,0,0,12,0,0,0,0,22,7,28011
1217826,23,0,0,6,0,0,100,0,1,0,0,0,0,0,0,1227421,0,1,0,0,0,1,0,0,0,0,0,0,0,0,0,0,0,1,0,1227417
1218085,0,0,0,64,0,0,0,0,1,0,0,0,0,0,0,1227572,0,1,0,0,0,1,0,0,0,0,0,0,0,0,0,0,0,1,0,1227571
1218086,0,0,1,64,0,0,0,0,1,0,0,0,0,0,0,1227572,0,1,0,0,0,1,0,0,0,0,0,0,0,0,0,0,0,1,0,1227571
1218087,0,0,2,64,0,0,0,0,1,0,0,0,0,0,0,1227572,0,1,0,0,0,1,0,0,0,0,0,0,0,0,0,0,0,1,0,1227571
1218088,0,0,3,64,0,0,0,0,1,0,0,0,0,0,0,1227572,0,1,0,0,0,1,0,0,0,0,0,0,0,0,0,0,0,1,0,1227571
1218093,23,0,0,6,0,0,6000,0,1,0,0,0,0,0,0,1227571,0,1,0,0,0,1,0,0,0,0,0,0,0,0,0,0,0,1,0,1227576
1218284,23,0,0,6,0,0,2000,0,1,0,0,0,0,0,0,1227694,0,1,0,0,0,1,0,0,0,0,0,0,0,0,0,0,0,1,0,1227692
1218340,0,0,0,64,0,0,0,0,1,0,0,0,0,0,0,1227737,0,1,0,0,0,1,0,0,0,0,0,0,0,0,0,0,0,1,0,1227736
1218789,23,0,0,6,0,0,5000,0,1,0,0,0,0,0,0,1228008,0,1,0,0,0,1,0,0,0,0,0,0,0,0,0,0,0,1,0,1228007
1219203,42,0,0,6,0,0,0,1,1,0,0,0,0,0,0,1228267,0,1,0,0,0,1,0,0,0,0,0,0,0,0,0,0,0,1,0,1228268
1219307,0,0,0,255,0,0,0,0,1,0,0,0,0,0,0,0,0,1,0,0,0,1,0,0,0,4397,0,0,0,0,0,0,0,1,0,1228332
1219308,0,0,1,16,0,0,0,0,1,0,0,0,0,0,0,0,0,1,0,0,0,1,0,0,0,89504,0,0,0,0,0,0,0,1,0,1228332
1219366,42,0,0,6,0,0,0,1,1,0,0,0,0,0,0,18941,0,1,0,0,0,1,0,0,0,0,0,0,0,0,0,0,0,1,0,1228366
1219372,23,0,0,6,0,0,500,0,1,0,0,0,0,0,0,1228372,0,1,0,0,0,1,0,0,0,0,0,0,0,0,0,0,0,1,0,1228371
1219479,23,0,0,6,0,0,1000,0,1,0,0,0,0,0,0,1228463,0,1,0,0,0,1,0,0,0,0,0,0,0,0,0,0,0,25,0,1228460
1219546,23,0,0,6,0,0,1000,0,1,0,0,0,0,0,0,1228509,0,1,0,0,0,1,0,0,0,0,0,0,0,0,0,0,0,25,0,1228503
1220391,0,0,1,64,0,0,0,0,1,0,0,0,0,0,0,9826,0,1,0,0,0,1,0,0,0,0,0,0,0,0,0,0,0,6,0,1229228
1220582,0,0,0,16,0,0,0,0,1,0,0,0,0,0,0,0,0,1,0,0,0,1,0,0,0,90106,0,0,0,0,0,0,0,120,0,1229332
1220583,0,0,1,64,0,0,0,0,1,0,0,0,0,0,0,458888,0,1,0,0,0,1,0,0,0,100,0,0,0,0,0,0,0,1,0,1229332
1221091,0,0,0,64,0,0,0,0,1,0,0,0,0,0,0,1229730,0,1,0,0,0,1,0,0,0,0,0,0,0,0,0,0,0,22,22,1229714
1221126,226,0,0,6,0,0,60000,0,1,0,0,0,0,0,0,1229741,0,1,0,0,0,1,4,0,0,0,0,0,0,0,0,0,0,1,0,1229739
1221518,0,0,1,64,0,0,0,0,1,0,0,0,0,0,0,1230102,0,1,0,0,0,1,0,0,0,0,0,0,0,0,0,0,0,6,0,1230099
1221523,0,0,0,64,0,0,0,0,1,0,0,0,0,0,0,1231834,0,1,0,0,0,1,50,0,0,2000,0,0,16,0,0,0,0,87,16,1230106
1221571,23,0,0,6,0,0,1000,0,1,0,0,0,0,0,0,1230145,0,1,0,0,0,1,1,0,0,0,0,0,0,0,0,0,0,1,0,1230137
1221748,23,0,0,6,0,0,2000,0,1,0,0,0,0,0,0,1230270,0,1,0,0,0,1,0,0,0,0,0,0,0,0,0,0,0,1,0,1230268
1222067,23,0,0,6,0,0,2000,0,1,0,0,0,0,0,0,1230510,0,1,0,0,0,1,0,0,0,0,0,0,0,0,0,0,0,1,0,1230509
1222068,0,0,0,64,0,0,0,0,1,0,0,0,0,0,0,1230511,0,1,0,0,0,1,0,0,0,0,0,0,0,0,0,0,0,1,0,1230510
1222090,0,0,1,64,0,0,0,0,1,0,0,0,0,0,0,1230511,0,1,0,0,0,1,0,0,0,0,0,0,0,0,0,0,0,1,0,1230510
1222091,0,0,2,64,0,0,0,0,1,0,0,0,0,0,0,1230511,0,1,0,0,0,1,0,0,0,0,0,0,0,0,0,0,0,1,0,1230510
1222092,0,0,3,64,0,0,0,0,1,0,0,0,0,0,0,1230511,0,1,0,0,0,1,0,0,0,0,0,0,0,0,0,0,0,1,0,1230510
1222176,0,0,1,64,0,0,0,0,1,0,0,0,0,0,0,1230579,0,1,0,0,0,1,0,0,0,2200,0,0,0,0,0,0,0,1,0,1230558
1222200,42,0,0,6,0,0,0,0,1,0,0,0,0,0,0,1230596,0,1,0,0,0,1,0,0,0,0,0,0,0,0,0,0,0,1,0,1230595
1222276,23,0,0,6,0,0,1000,0,1,0,0,0,0,0,0,1230641,0,1,0,0,0,1,0,0,0,0,0,0,0,0,0,0,0,1,0,1230636
1222278,0,0,0,64,0,0,0,0,1,0,0,0,0,0,0,1230637,0,1,0,0,0,1,50,0,0,2000,0,0,16,0,0,0,0,87,16,1230638
1222279,23,0,0,6,0,0,500,0,1,0,0,0,0,0,0,1230616,0,1,0,0,0,1,0,0,0,0,0,0,0,0,0,0,0,1,0,1230639
1222295,0,0,1,64,0,0,0,0,1,0,0,0,0,0,0,1230647,0,1,0,0,0,1,0,0,0,2200,0,0,0,0,0,0,0,1,0,1230646
1222346,0,0,1,16,0,0,0,0,1,0,0,0,0,0,0,0,0,1,0,0,0,1,0,0,0,90516,0,0,0,0,0,0,0,1,0,1230517
1222381,0,0,0,64,0,0,0,0,1,0,0,0,0,0,0,1230695,0,1,0,0,0,1,1,0,0,0,0,0,0,0,0,0,0,1,0,1230697
1222382,0,0,1,64,0,0,0,0,1,0,0,0,0,0,0,1230695,0,1,0,0,0,1,1,0,0,0,0,0,0,0,0,0,0,1,0,1230697
1222383,0,0,2,64,0,0,0,0,1,0,0,0,0,0,0,1230695,0,1,0,0,0,1,1,0,0,0,0,0,0,0,0,0,0,1,0,1230697
1222384,0,0,3,64,0,0,0,0,1,0,0,0,0,0,0,1230695,0,1,0,0,0,1,1,0,0,0,0,0,0,0,0,0,0,1,0,1230697
1222385,0,0,4,64,0,0,0,0,1,0,0,0,0,0,0,1230695,0,1,0,0,0,1,1,0,0,0,0,0,0,0,0,0,0,1,0,1230697
1222745,42,0,0,6,0,0,0,0,1,0,0,0,0,0,0,1230996,0,1,0,0,0,1,0,0,0,0,0,0,12,0,0,0,0,22,7,1230990
1222939,23,0,0,6,0,0,2000,0,1,0,0,0,0,0,0,15578,0,1,0,0,0,1,0,0,0,0,0,0,0,0,0,0,0,1,0,1231102
1222985,42,0,0,6,0,0,0,1,1,0,0,0,0,0,0,1231124,0,1,0,0,0,1,0,0,0,0,0,0,0,0,0,0,0,1,0,1231126
1223017,23,0,0,6,0,0,200,0,1,0,0,0,0,0,0,1231157,0,1,0,0,0,1,0,0,0,0,0,0,0,0,0,0,0,1,0,1231147
1223027,42,0,0,6,0,0,0,0,1,0,0,0,0,0,0,1231138,0,1,0,0,0,1,0,0,0,0,0,0,0,0,0,0,0,1,0,1231152
1223046,42,0,0,6,0,0,0,0,1,0,0,0,0,0,0,1231162,0,1,0,0,0,1,0,0,0,0,0,0,0,0,0,0,0,1,0,1231163
1223061,0,0,1,16,0,0,0,0,1,0,0,0,0,0,0,0,0,1,0,0,0,1,0,0,0,90539,0,0,0,0,0,0,0,1,0,1231173
1223098,23,0,0,6,0,0,1000,0,1,0,0,0,0,0,0,1231227,0,1,0,0,0,1,0,0,0,0,0,0,0,0,0,0,0,1,0,1231202
1223099,23,0,0,6,0,0,1000,0,1,0,0,0,0,0,0,1231230,0,1,0,0,0,1,0,0,0,0,0,0,0,0,0,0,0,1,0,1231203
1223100,23,0,0,6,0,0,1000,0,1,0,0,0,0,0,0,1231231,0,1,0,0,0,1,0,0,0,0,0,0,0,0,0,0,0,1,0,1231204
1223171,23,0,1,6,0,0,250,0,1,0,0,0,0,0,0,1231248,0,1,0,0,0,1,0,0,0,0,0,0,0,0,0,0,0,1,0,1231249
1223187,42,0,0,6,1,0,0,0,1,0,0,0,0,0,0,1231261,0,1,0,0,0,1,1,0,0,0,0,0,0,0,0,0,0,1,0,1231258
1223198,23,0,0,6,0,0,1000,0,1,0,0,0,0,0,0,1231312,0,1,0,0,0,1,0,0,0,0,0,0,0,0,0,0,0,1,0,1231264
1223203,42,0,0,6,0,0,0,0,1,0,0,0,0,0,0,1231266,0,1,0,0,0,1,150,0,0,0,0,0,0,0,0,0,0,1,0,1231267
1223385,23,0,1,6,0,0,500,0,1,0,0,0,0,0,0,1231561,0,1,0,0,0,1,0,0,0,0,0,0,0,0,0,0,0,25,0,1231376
1223428,42,0,0,6,0,0,0,0,1,0,0,0,0,0,0,1231416,0,1,0,0,0,1,0,0,0,0,0,0,0,0,0,0,0,1,0,1231404
1223447,42,0,0,6,0,0,0,0,1,0,0,0,0,0,0,1231424,0,1,0,0,0,1,0,0,0,0,0,0,0,0,0,0,0,1,0,1231420
1223492,42,0,0,6,0,0,0,0,1,0,0,0,0,0,0,1232893,0,1,0,0,0,1,20,0,0,0,0,0,0,0,0,0,0,1,0,1231456
1223539,23,0,2,6,0,0,1000,0,1,0,0,0,0,0,0,1231500,0,1,0,0,0,1,0,0,0,0,0,0,0,0,0,0,0,1,0,1231383
1223541,109,0,0,6,0,0,0,1,1,0,0,0,20,0,0,1231491,0,1,0,0,0,1,0,0,0,0,0,0,0,1179648,8,0,32768,1,0,1231492
1223549,42,0,0,6,0,0,0,0,1,0,0,0,0,0,0,1235353,0,1,0,0,0,1,20,0,0,0,0,0,0,0,0,0,0,1,0,1231498
1223565,42,0,0,6,0,0,0,0,1,0,0,0,0,0,0,1231505,0,1,0,0,0,1,0,0,0,0,0,0,0,0,0,0,0,1,0,1231507
1223623,23,0,0,6,0,0,1500,0,1,0,0,0,0,0,0,1231546,0,1,0,0,0,1,0,0,0,0,0,0,0,0,0,0,0,1,0,1231547
1223627,42,0,0,6,0,0,0,0,1,0,0,0,0,0,0,1231549,0,1,0,0,0,1,0,0,0,0,0,0,0,0,0,0,0,1,0,1231550
1223630,42,0,0,6,0,0,0,0,1,0,0,0,0,0,0,1231552,0,1,0,0,0,1,1,0,0,0,0,0,0,0,0,0,0,1,0,1231553
1223631,42,0,0,6,0,0,0,0,1,0,0,0,0,0,0,1231555,0,1,0,0,0,1,1,0,0,0,0,0,0,0,0,0,0,1,0,1231554
1223670,23,0,0,6,0,0,3000,0,1,0,0,0,0,0,0,1231587,0,1,0,0,0,1,0,0,0,0,0,0,0,0,0,0,0,1,0,1231585
1223688,42,0,0,6,0,0,0,1,1,0,0,0,0,0,0,1231601,0,1,0,0,0,1,1,0,0,0,0,0,0,0,0,0,0,1,0,1231595
1223698,0,0,1,64,0,0,0,0,1,0,0,0,0,0,0,1231603,0,1,0,0,0,1,0,0,0,0,0,0,0,0,0,0,0,1,0,1231604
1223704,42,0,1,6,0,0,0,0,1,0,0,0,0,0,0,1231607,0,1,0,0,0,1,0,0,0,0,0,0,0,0,0,0,0,1,0,1231605
1223735,42,0,0,6,0,0,0,0,1,0,0,0,0,0,0,1231629,0,1,0,0,0,1,0,0,0,0,0,0,0,0,0,0,0,1,0,1231628
1223829,42,0,0,6,0,0,0,0,1,0,0,0,0,0,0,1231695,0,1,0,0,0,1,3,0,0,0,0,0,0,0,0,0,0,1,0,1231694
1223833,226,0,0,6,0,0,4000,0,1,0,0,0,0,0,0,1231708,0,1,0,0,0,1,3,0,0,0,0,0,0,0,0,0,0,1,0,1231698
1223915,42,0,0,6,0,0,0,0,1,0,0,0,0,0,0,1231765,0,1,0,0,0,1,0,0,0,0,0,0,0,0,0,0,0,1,0,1231764
1223992,23,0,0,6,0,0,5000,0,1,0,0,0,0,0,0,1231809,0,1,0,0,0,1,0,0,0,0,0,0,0,0,0,0,0,1,0,1231807
1224029,0,0,0,64,0,0,0,0,1,0,0,0,0,0,0,1230123,0,1,0,0.10000000149,0,1,15000,0,0,0,0,0,16,0,0,0,0,87,16,1231834
1224062,23,0,0,6,0,0,500,0,1,0,0,0,0,0,0,1231859,0,1,0,0,0,1,0,0,0,0,0,0,0,0,0,0,0,1,0,1231854
1224063,23,0,0,6,0,0,500,0,1,0,0,0,0,0,0,1231858,0,1,0,0,0,1,0,0,0,0,0,0,0,0,0,0,0,1,0,1231855
1224096,42,0,0,6,1,0,0,0,1,0,0,0,0,0,0,1230943,0,1,0,0,0,1,2,0,0,0,0,0,0,0,0,0,0,1,0,1231874
1224138,0,0,0,64,0,0,0,0,1,0,0,0,0,0,0,1231899,0,1,0,0,0,1,0,0,0,1300,0,0,0,0,0,0,0,63,0,1231900
1224139,0,0,1,64,0,0,0,0,1,0,0,0,0,0,0,1231906,0,1,0,0,0,1,0,0,0,1300,0,0,0,0,0,0,0,63,0,1231900
1224148,23,0,0,6,0,0,30000,1,1,0,0,0,0,0,0,26264,0,1,0,0,0,1,0,0,0,0,0,0,0,0,0,0,0,1,0,1231902
1224207,23,0,0,6,0,0,500,0,1,0,0,0,0,0,0,1231951,0,1,0,0,0,1,0,0,0,0,0,0,0,0,0,0,0,1,0,1231947
1224325,361,0,0,6,0,0,0,0,1,0,0,0,0,0,0,1232028,0,1,0,0,0,1,0,0,0,0,0,0,0,0,0,0,0,1,0,1232026
1224336,23,0,0,6,0,0,500,0,1,0,0,0,0,0,0,1232062,0,1,0,0,0,1,0,0,0,0,0,0,0,0,0,0,0,1,0,1232036
1224345,23,0,0,6,0,0,1000,0,1,0,0,0,0,0,0,1232046,0,1,0,0,0,1,10,0,0,0,0,0,0,0,0,0,0,1,0,1232043
1224347,42,0,0,6,0,0,0,0,1,0,0,0,0,0,0,1232045,0,1,0,0,0,1,1,0,0,0,0,0,0,0,0,0,0,1,0,1232044
1224351,42,0,0,6,0,0,0,0,1,0,0,0,0,0,0,1232050,0,1,0,0,0,1,1,0,0,0,0,0,0,0,0,0,0,1,0,1232047
1224410,0,0,2,16,0,0,0,0,1,0,0,0,0,0,0,0,0,1,0,0,0,1,0,0,0,90611,0,0,0,0,0,0,0,1,0,1232054
1224414,0,0,2,16,0,0,0,0,1,0,0,0,0,0,0,0,0,1,0,0,0,1,0,0,0,90612,0,0,0,0,0,0,0,1,0,1232077
1224428,0,0,2,16,0,0,0,0,1,0,0,0,0,0,0,0,0,1,0,0,0,1,0,0,0,90613,0,0,0,0,0,0,0,1,0,1232079
1224481,23,0,0,6,0,0,400,0,1,0,0,0,0,0,0,1232090,0,1,0,0,0,1,0,0,0,0,0,0,0,0,0,0,0,1,0,1232088
1224630,42,0,0,6,0,0,0,1,1,0,0,0,0,0,0,1232169,0,1,0,0,0,1,0,0,0,0,0,0,0,0,0,0,0,1,0,1232170
1224640,0,0,2,16,0,0,0,0,1,0,0,0,0,0,0,0,0,1,0,0,0,1,0,0,0,90624,0,0,0,0,0,0,0,1,0,1232176
1224661,23,0,0,6,0,0,600,0,1,0,0,0,0,0,0,1232191,0,1,0,0,0,1,0,0,0,0,0,0,0,0,0,0,0,6,0,1232190
1224662,23,0,1,6,0,0,600,0,1,0,0,0,0,0,0,1232192,0,1,0,0,0,1,0,0,0,0,0,0,0,0,0,0,0,6,0,1232190
1224723,0,0,2,64,0,0,0,0,1,0,0,0,0,0,0,1222487,0,1,0,0,0,1,0,0,0,0,0,0,0,0,0,0,0,6,0,458491
1224724,23,0,5,6,0,0,5000,0,1,0,0,0,0,0,0,1222487,0,1,0,0,0,1,0,0,0,0,0,0,0,0,0,0,0,1,0,456463
1224956,23,0,0,6,0,0,3000,0,1,0,0,0,0,0,0,1232670,0,1,0,0,0,1,1,0,0,0,0,0,0,0,0,0,0,1,0,1232333
1225599,361,0,0,6,0,0,0,0,1,0,0,0,0,0,0,1232676,0,1,0,0,0,1,0,0,0,0,0,0,0,0,0,0,0,1,0,1232677
1225601,23,0,0,6,0,0,1000,0,1,0,0,0,0,0,0,1232679,0,1,0,0,0,1,0,0,0,0,0,0,0,0,0,0,0,1,0,1232678
1225657,23,0,1,6,0,0,4000,0,1,0,0,0,0,0,0,1232706,0,1,0,0,0,1,0,0,0,0,0,0,0,0,0,0,0,1,0,1232703
1225681,0,0,2,64,0,0,0,0,1,0,0,0,0,0,0,1232718,0,1,0,0,0,1,0,0,0,0,0,0,0,0,0,0,0,1,0,1232323
1225713,0,0,0,64,0,0,0,0,1,0,0,0,0,0,0,1232736,0,1,0,0,0,1,1,0,0,0,0,0,0,0,0,0,0,1,0,1232737
1225714,0,0,1,64,0,0,0,0,1,0,0,0,0,0,0,1232736,0,1,0,0,0,1,1,0,0,0,0,0,0,0,0,0,0,1,0,1232737
1225715,0,0,2,64,0,0,0,0,1,0,0,0,0,0,0,1232736,0,1,0,0,0,1,1,0,0,0,0,0,0,0,0,0,0,1,0,1232737
1225814,23,0,0,6,0,0,5000,0,1,0,0,0,0,0,0,1232796,0,1,0,0,0,1,0,0,0,0,0,0,0,0,0,0,0,1,0,1232795
1226084,42,0,0,6,0,0,0,1,1,0,0,0,0,0,0,1232959,0,1,0,0,0,1,1,0,0,0,0,0,0,0,0,0,0,1,0,1232958
1226291,23,0,0,6,0,0,1000,0,1,0,0,0,0,0,0,1233078,0,1,0,0,0,1,0,0,0,0,0,0,0,0,0,0,0,1,0,1233079
1226587,0,0,1,64,0,0,0,0,1,0,0,0,0,0,0,1233280,0,1,0,0,0,1,0,0,0,1,0,0,0,0,0,0,0,1,0,1232057
1226679,0,0,1,64,0,0,0,0,1,0,0,0,0,0,0,1233362,0,1,0,0,0,1,0,0,0,0,0,0,0,0,0,0,0,1,0,1233348
1227049,23,0,0,6,0,0,1020000,1,1,0,0,0,0,0,0,1233545,0,1,0,0,0,1,0,0,0,0,0,0,0,0,0,0,0,1,1,1233543
1227829,42,0,1,6,0,0,0,0,1,0,0,0,0,0,0,1233835,0,1,0,0,0,1,100,0,0,0,0,0,0,0,0,0,0,1,0,1226977
1227832,23,0,0,6,0,0,200,0,1,0,0,0,0,0,0,1233832,0,1,0,0,0,1,0,0,0,0,0,0,0,0,0,0,0,1,0,1233840
1227853,42,0,0,6,0,0,0,0,1,0,0,0,0,0,0,1233854,0,1,0,0,0,1,0,0,0,0,0,0,0,0,0,0,0,1,0,1233853
1227885,23,0,0,6,0,0,1000,1,1,0,0,0,0,0,0,1233883,0,1,0,0,0,1,1,0,0,0,0,0,0,0,0,0,0,1,0,1233880
1228139,109,0,1,6,0,0,0,0,1,0,0,0,0,0,0,1233988,0,1,0,0,0,1,100,0,0,0,0,0,0,0,0,0,8192,1,0,1227228
1228219,23,0,0,6,0,0,5000,0,1,0,0,0,0,0,0,1233955,0,1,0,0,0,1,0,0,0,0,0,0,0,0,0,0,0,1,0,1234039
1228233,23,0,0,6,0,0,5000,0,1,0,0,0,0,0,0,1234048,0,1,0,0,0,1,0,0,0,0,0,0,0,0,0,0,0,1,0,1234046
1228244,23,0,0,6,0,0,5000,0,1,0,0,0,0,0,0,1234055,0,1,0,0,0,1,0,0,0,0,0,0,0,0,0,0,0,1,0,1234056
1228464,23,0,0,6,0,0,5000,0,1,0,0,0,0,0,0,1234213,0,1,0,0,0,1,0,0,0,0,0,0,0,0,0,0,0,1,0,1234214
1228531,23,0,1,6,0,0,4000,0,1,0,0,0,0,0,0,1233027,0,1,0,0,0,1,0,0,0,0,0,0,0,0,0,0,0,1,0,1233028
1228533,0,0,1,64,0,0,0,0,1,0,0,0,0,0,0,1234256,0,1,0,0,0,1,0,0,0,0,0,0,0,0,0,0,0,0,0,1231588
1228610,23,0,0,6,0,0,5000,0,1,0,0,0,0,0,0,1234306,0,1,0,0,0,1,0,0,0,0,0,0,0,0,0,0,0,1,0,1234307
1228641,23,0,2,6,0,0,3000,0,1,0,0,0,0,0,0,1234325,0,1,0,0,0,1,0,0,0,0,0,0,0,0,0,0,0,1,0,458590
1228668,4,0,1,6,0,0,0,0,1,0,0,0,0,0,0,1226406,0,1,0,0,0,1,10,0,0,0,0,0,0,0,0,0,0,1,0,1226407
1228699,23,0,0,6,0,0,5000,0,1,0,0,0,0,0,0,1234354,0,1,0,0,0,1,0,0,0,0,0,0,0,0,0,0,0,1,0,1234355
1229163,23,0,0,6,0,0,1000,0,1,0,0,0,0,0,0,1234804,0,1,0,0,0,1,0,0,0,0,0,0,0,0,0,0,0,1,0,1234722
1229441,23,0,0,6,0,0,1000,0,1,0,0,0,0,0,0,1234852,0,1,0,0.49142858386,0,1,175,0,0,0,0,0,0,0,0,0,0,1,0,1234863
1229443,23,0,0,6,0,0,2000,0,1,0,0,0,0,0,0,1234864,0,1,0,0,0,1,0,0,0,0,0,0,0,0,0,0,0,1,0,1234865
1230162,4,0,1,6,0,0,0,1,1,0,0,0,0,0,0,16959,0,1,0,0,0,1,0,0,0,0,0,0,0,0,0,0,0,1,0,16958
1230536,42,0,0,6,0,0,0,0,1,0,0,0,0,0,0,1235321,0,1,0,0,0,1,0,0,0,0,0,0,0,0,0,0,0,1,0,1235322
1230559,42,0,0,6,0,0,0,0,1,0,0,0,0,0,0,1235336,0,1,0,0,0,1,20,0,0,0,0,0,0,0,0,0,0,1,0,1235335
1230567,42,0,0,6,0,0,0,0,1,0,0,0,0,0,0,1235341,0,1,0,0,0,1,20,0,0,0,0,0,0,0,0,0,0,1,0,1235340
1230575,42,0,0,6,0,0,0,0,1,0,0,0,0,0,0,1235348,0,1,0,0,0,1,20,0,0,0,0,0,0,0,0,0,0,1,0,1235347
1230585,42,0,0,6,0,0,0,0,1,0,0,0,0,0,0,1235355,0,1,0,0,0,1,20,0,0,0,0,0,0,0,0,0,0,1,0,1235354
1230591,42,0,0,6,0,0,0,0,1,0,0,0,0,0,0,1235361,0,1,0,0,0,1,20,0,0,0,0,0,0,0,0,0,0,1,0,1235358
1230633,4,0,1,6,0,0,0,0,1,0,0,0,0,0,0,12579,0,1,0,0,0,1,0,0,0,0,0,0,0,0,0,0,0,1,0,11180
1230923,4,0,1,6,0,0,0,1,1,0,0,0,0,0,0,16488,0,1,0,0,0,1,20,0,0,0,0,0,0,0,0,0,0,1,0,16487
1230978,23,0,0,6,0,0,4000,0,1,0,0,0,0,0,0,1235537,0,1,0,0,0,1,0,0,0,0,0,0,0,0,0,0,0,25,0,1235539
1231558,0,0,1,64,0,0,0,0,1,0,0,0,0,0,0,1235882,0,1,0,0,0,1,0,0,0,0,0,0,0,0,0,0,0,1,0,1235880
1232096,23,0,0,6,0,0,3000,0,1,0,0,0,0,0,0,1236339,0,1,0,0,0,1,0,0,0,0,0,0,12,0,0,0,0,22,15,1236265
1232098,42,0,0,6,0,0,0,0,1,0,0,0,0,0,0,1236268,0,1,0,0,0,1,1,0,0,0,0,0,0,0,0,0,0,1,0,1236267
1232100,0,0,1,64,0,0,0,0,1,0,0,0,0,0,0,3617,0,1,0,0,0,1,0,0,0,0,0,0,0,0,0,0,0,1,0,1236268
1232103,23,0,0,6,0,0,1000,0,1,0,0,0,0,0,0,1236271,0,1,0,0,0,1,1,0,0,0,0,0,0,0,0,0,0,1,0,1236270
1232180,23,0,1,6,0,0,3000,0,1,0,0,0,0,0,0,1231500,0,1,0,0,0,1,0,0,0,0,0,0,0,0,0,0,0,1,0,1236306
1232823,23,0,0,6,0,0,10000,0,1,0,0,0,0,0,0,1236656,0,1,0,0,0,1,0,0,0,0,0,0,0,0,0,0,0,1,1,1236675
1232830,23,0,1,6,0,0,15000,0,1,0,0,0,0,0,0,1230361,0,1,0,0,0,1,0,0,0,0,0,0,0,0,0,0,0,1,0,1236675
1233567,23,0,2,6,0,0,1000,0,1,0,0,0,0,0,0,1231897,0,1,0,0,0,1,0,0,0,0,0,0,0,0,0,0,0,1,0,1231898
1234046,23,0,0,6,0,0,3000,0,1,0,0,0,0,0,0,438710,0,1,0,0,0,1,0,0,0,0,0,0,0,0,0,0,0,25,0,1237323
1234420,23,0,0,6,0,0,75000,0,1,0,0,0,0,0,0,1237635,0,1,0,0,0,1,0,0,0,0,0,0,0,0,0,0,0,1,0,1237636
1234424,23,0,0,6,0,0,75000,1,1,0,0,0,0,0,0,26264,0,1,0,0,0,1,0,0,0,0,0,0,0,0,0,0,0,1,0,1237638
1234635,23,0,0,6,0,0,30000,0,1,0,0,0,0,0,0,1231840,0,1,0,0,0,1,0,0,0,0,0,0,0,0,0,0,0,1,0,1237762
1234636,23,0,0,6,0,0,15000,0,1,0,0,0,0,0,0,1231842,0,1,0,0,0,1,0,0,0,0,0,0,0,0,0,0,0,1,0,1237763
1234637,23,0,0,6,0,0,10000,0,1,0,0,0,0,0,0,1231843,0,1,0,0,0,1,0,0,0,0,0,0,0,0,0,0,0,1,0,1237764
1234850,23,0,2,6,0,0,2000,1,1,0,0,0,0,0,0,1237938,0,1,0,0,0,1,0,0,0,0,0,0,0,0,0,0,0,1,0,1237939
1235171,0,0,1,64,0,0,0,1,1,0,0,0,0,0,0,19675,0,1,0,0,0,1,5,0,0,0,0,0,0,0,0,0,0,6,0,1238122
1235475,23,0,0,6,0,0,2000,0,1,0,0,0,0,0,0,1238316,0,1,0,0,0,1,0,0,0,0,0,0,538,0,0,0,0,1,86,1238315
1236071,23,0,0,6,0,0,2500,0,1,0,0,0,0,0,0,364847,0,1,0,0,0,1,0,0,0,0,0,0,0,0,0,0,0,1,0,1238788
1236558,23,0,0,6,0,0,15000,0,1,0,0,0,0,0,0,1239031,0,1,0,0,0,1,0,0,0,0,0,0,0,0,0,0,0,1,0,1239090
1236817,23,0,0,6,0,0,1000,0,1,0,0,0,0,0,0,1239256,0,1,0,0,0,1,1,0,0,0,0,0,0,0,0,0,0,1,0,1239255
1237383,42,0,0,6,0,0,0,0,1,0,0,0,0,0,0,1239548,0,1,0,0,0,1,0,0,0,0,0,0,0,0,0,0,0,1,0,1239543
1237675,4,0,1,6,0,0,0,0,1,0,0,0,0,0,0,400589,0,1,0,0,0,1,5,0,0,0,0,0,0,0,0,0,0,1,0,400588
1237846,42,0,0,6,0,0,0,0,1,0,0,0,0,0,0,12355,0,1,0,0,0,1,100,0,0,0,0,0,0,0,0,0,0,1,0,1239832
1238533,0,0,2,64,0,0,0,1,1,0,0,0,0,0,0,7922,0,1,0,0,0,1,0,0,0,0,0,0,0,0,0,0,0,6,0,1240287
1238536,0,0,2,64,0,0,0,1,1,0,0,0,0,0,0,7922,0,1,0,0,0,1,0,0,0,0,0,0,0,0,0,0,0,6,0,1240288
1238539,0,0,2,64,0,0,0,1,1,0,0,0,0,0,0,7922,0,1,0,0,0,1,0,0,0,0,0,0,0,0,0,0,0,6,0,1240289
1238637,42,0,0,6,0,0,0,0,1,0,0,0,0,0,0,1240329,0,1,0,0,0,1,1,0,0,0,0,0,0,0,0,0,0,1,0,1240330
1239074,42,0,0,6,0,0,0,0,1,0,0,0,0,0,0,1226461,0,1,0,0,0,1,10,0,0,0,0,0,0,0,0,0,0,1,0,1240571
1239269,23,0,1,6,0,0,1000,0,1,0,0,0,0,0,0,1240723,0,1,0,0,0,1,0,0,0,0,0,0,0,0,0,0,0,1,0,1240732
1239271,23,0,1,6,0,0,1000,0,1,0,0,0,0,0,0,1240724,0,1,0,0,0,1,0,0,0,0,0,0,0,0,0,0,0,1,0,1240733
1239273,23,0,1,6,0,0,1000,0,1,0,0,0,0,0,0,1240727,0,1,0,0,0,1,0,0,0,0,0,0,0,0,0,0,0,1,0,1240734
1239276,23,0,1,6,0,0,1000,0,1,0,0,0,0,0,0,1240730,0,1,0,0,0,1,0,0,0,0,0,0,0,0,0,0,0,1,0,1240736
1240259,23,0,0,6,0,0,2000,0,1,0,0,0,0,0,0,1241325,0,1,0,0,0,1,0,0,0,0,0,0,0,0,0,0,0,1,0,1241329
1240471,23,0,0,6,0,0,1000,0,1,0,0,0,0,0,0,1241466,0,1,0,0,0,1,0,0,0,0,0,0,0,0,0,0,0,1,0,1241465
1240642,0,0,1,64,0,0,0,0,1,0,0,0,0,0,0,1241585,0,1,0,0,0,1,0,0,0,0,0,0,0,0,0,0,0,6,0,1241582
1240643,0,0,2,64,0,0,0,0,1,0,0,0,0,0,0,1241588,0,1,0,0,0,1,0,0,0,0,0,0,0,0,0,0,0,6,0,1241582
1240648,0,0,1,64,0,0,0,0,1,0,0,0,0,0,0,1241586,0,1,0,0,0,1,0,0,0,0,0,0,0,0,0,0,0,6,0,1241584
1240649,0,0,2,64,0,0,0,0,1,0,0,0,0,0,0,1241590,0,1,0,0,0,1,0,0,0,0,0,0,0,0,0,0,0,6,0,1241584
1241961,23,0,0,6,0,0,12000,1,1,0,0,0,0,0,0,1242446,0,1,0,0,0,1,0,0,0,0,0,0,0,0,0,0,0,1,0,1242436
1243358,23,0,0,6,0,0,1000,0,1,0,0,0,0,0,0,1243265,0,1,0,0,0,1,0,0,0,0,0,0,0,0,0,0,0,1,0,1243264
1243431,0,0,0,64,0,0,0,0,1,0,0,0,0,0,0,1243318,0,1,0,0,0,1,0,0,0,0,0,0,0,0,0,0,0,1,0,1243312
1243441,0,0,1,64,0,0,0,0,1,0,0,0,0,0,0,1243318,0,1,0,0,0,1,0,0,0,0,0,0,0,0,0,0,0,1,0,1243312
1243442,0,0,2,64,0,0,0,0,1,0,0,0,0,0,0,1243318,0,1,0,0,0,1,0,0,0,0,0,0,0,0,0,0,0,1,0,1243312
1243846,23,0,0,6,0,0,400,0,1,0,0,0,0,0,0,1243564,0,1,0,0,0,1,0,0,0,0,0,0,0,0,0,0,0,1,0,1243562
1244894,227,0,1,6,0,0,10000,1,1,0,0,0,0,0,0,19708,0,1,0,0,0,1,1,0,0,0,0,0,0,0,0,0,0,1,0,1244245
1245266,23,0,0,6,0,0,2000,0,1,0,0,0,0,0,0,15578,0,1,0,0,0,1,0,0,0,0,0,0,0,0,0,0,0,1,0,1244484
1245587,23,0,0,6,0,0,500,0,1,0,0,0,0,0,0,1244674,0,1,0,0,0,1,0,0,0,0,0,0,0,0,0,0,0,1,0,1244671
1245869,23,0,0,6,0,0,500,0,1,0,0,0,0,0,0,1245010,0,1,0,0,0,1,0,0,0,0,0,0,0,0,0,0,0,1,0,1245011
1245978,23,0,0,6,0,0,500,0,1,0,0,0,0,0,0,1245086,0,1,0,0,0,1,0,0,0,0,0,0,0,0,0,0,0,1,0,1245088
1246022,23,0,0,6,0,0,500,0,1,0,0,0,0,0,0,1245113,0,1,0,0,0,1,0,0,0,0,0,0,0,0,0,0,0,1,0,1245114
1246327,0,0,0,64,0,0,0,0,1,0,0,0,0,0,0,1245340,0,1,0,0,0,1,0,0,0,0,0,0,0,0,0,0,0,1,0,1245338
1246331,0,0,1,64,0,0,0,0,1,0,0,0,0,0,0,1245340,0,1,0,0,0,1,0,0,0,0,0,0,0,0,0,0,0,1,0,1245338
1246918,23,0,0,6,0,0,10000,1,1,0,0,0,0,0,0,1245714,0,1,0,0,0,1,1,0,0,0,0,0,0,0,0,0,0,1,0,1245713
1248033,23,0,0,6,0,0,2000,0,1,0,0,0,0,0,0,1246482,0,1,0,0,0,1,0,0,0,0,0,0,0,0,0,0,0,1,0,1246475
1249175,23,0,0,6,0,0,5000,0,1,0,0,0,0,0,0,1243847,0,1,0,0,0,1,0,0,0,0,0,0,0,0,0,0,0,1,0,1247183
1251264,0,0,0,64,1,0,0,0,1,0,0,0,0,0,0,433,0,1,0,0,0,1,0,0,0,0,0,0,0,0,0,0,0,1,0,1248377
1251265,227,0,1,6,0,0,10000,0,1,0,0,0,0,0,0,1248406,0,1,0,0,0,1,1,0,0,0,0,0,0,0,0,0,0,1,0,1248377
1251266,0,0,0,64,1,0,0,0,1,0,0,0,0,0,0,433,0,1,0,0,0,1,0,0,0,0,0,0,0,0,0,0,0,1,0,1248378
1251267,227,0,1,6,0,0,10000,0,1,0,0,0,0,0,0,1248420,0,1,0,0,0,1,1,0,0,0,0,0,0,0,0,0,0,1,0,1248378
1251268,0,0,0,64,1,0,0,0,1,0,0,0,0,0,0,433,0,1,0,0,0,1,0,0,0,0,0,0,0,0,0,0,0,1,0,1248379
1251269,227,0,1,6,0,0,10000,0,1,0,0,0,0,0,0,1248421,0,1,0,0,0,1,1,0,0,0,0,0,0,0,0,0,0,1,0,1248379
1251270,0,0,0,64,1,0,0,0,1,0,0,0,0,0,0,433,0,1,0,0,0,1,0,0,0,0,0,0,0,0,0,0,0,1,0,1248380
1251271,227,0,1,6,0,0,10000,0,1,0,0,0,0,0,0,1248422,0,1,0,0,0,1,1,0,0,0,0,0,0,0,0,0,0,1,0,1248380
1251272,0,0,0,64,1,0,0,0,1,0,0,0,0,0,0,434,0,1,0,0,0,1,0,0,0,0,0,0,0,0,0,0,0,1,0,1248381
1251273,227,0,1,6,0,0,10000,0,1,0,0,0,0,0,0,1248406,0,1,0,0,0,1,3,0,0,0,0,0,0,0,0,0,0,1,0,1248381
1251274,0,0,0,64,1,0,0,0,1,0,0,0,0,0,0,434,0,1,0,0,0,1,0,0,0,0,0,0,0,0,0,0,0,1,0,1248382
1251275,227,0,1,6,0,0,10000,0,1,0,0,0,0,0,0,1248420,0,1,0,0,0,1,3,0,0,0,0,0,0,0,0,0,0,1,0,1248382
1251276,0,0,0,64,1,0,0,0,1,0,0,0,0,0,0,434,0,1,0,0,0,1,0,0,0,0,0,0,0,0,0,0,0,1,0,1248383
1251277,227,0,1,6,0,0,10000,0,1,0,0,0,0,0,0,1248421,0,1,0,0,0,1,3,0,0,0,0,0,0,0,0,0,0,1,0,1248383
1251278,0,0,0,64,1,0,0,0,1,0,0,0,0,0,0,434,0,1,0,0,0,1,0,0,0,0,0,0,0,0,0,0,0,1,0,1248384
1251279,227,0,1,6,0,0,10000,0,1,0,0,0,0,0,0,1248422,0,1,0,0,0,1,3,0,0,0,0,0,0,0,0,0,0,1,0,1248384
1251281,0,0,0,64,1,0,0,0,1,0,0,0,0,0,0,435,0,1,0,0,0,1,0,0,0,0,0,0,0,0,0,0,0,1,0,1248386
1251282,227,0,1,6,0,0,10000,0,1,0,0,0,0,0,0,1248406,0,1,0,0,0,1,5,0,0,0,0,0,0,0,0,0,0,1,0,1248386
1251283,0,0,0,64,1,0,0,0,1,0,0,0,0,0,0,435,0,1,0,0,0,1,0,0,0,0,0,0,0,0,0,0,0,1,0,1248387
1251284,227,0,1,6,0,0,10000,0,1,0,0,0,0,0,0,1248420,0,1,0,0,0,1,5,0,0,0,0,0,0,0,0,0,0,1,0,1248387
1251286,0,0,0,64,1,0,0,0,1,0,0,0,0,0,0,435,0,1,0,0,0,1,0,0,0,0,0,0,0,0,0,0,0,1,0,1248388
1251287,227,0,1,6,0,0,10000,0,1,0,0,0,0,0,0,1248421,0,1,0,0,0,1,5,0,0,0,0,0,0,0,0,0,0,1,0,1248388
1251288,0,0,0,64,1,0,0,0,1,0,0,0,0,0,0,435,0,1,0,0,0,1,0,0,0,0,0,0,0,0,0,0,0,1,0,1248389
1251289,227,0,1,6,0,0,10000,0,1,0,0,0,0,0,0,1248422,0,1,0,0,0,1,5,0,0,0,0,0,0,0,0,0,0,1,0,1248389
1251290,0,0,0,64,1,0,0,0,1,0,0,0,0,0,0,1127,0,1,0,0,0,1,0,0,0,0,0,0,0,0,0,0,0,1,0,1248390
1251291,227,0,1,6,0,0,10000,0,1,0,0,0,0,0,0,1248406,0,1,0,0,0,1,10,0,0,0,0,0,0,0,0,0,0,1,0,1248390
1251292,0,0,0,64,1,0,0,0,1,0,0,0,0,0,0,1127,0,1,0,0,0,1,0,0,0,0,0,0,0,0,0,0,0,1,0,1248391
1251293,227,0,1,6,0,0,10000,0,1,0,0,0,0,0,0,1248420,0,1,0,0,0,1,10,0,0,0,0,0,0,0,0,0,0,1,0,1248391
1251294,0,0,0,64,1,0,0,0,1,0,0,0,0,0,0,1127,0,1,0,0,0,1,0,0,0,0,0,0,0,0,0,0,0,1,0,1248392
1251295,227,0,1,6,0,0,10000,0,1,0,0,0,0,0,0,1248421,0,1,0,0,0,1,10,0,0,0,0,0,0,0,0,0,0,1,0,1248392
1251296,0,0,0,64,1,0,0,0,1,0,0,0,0,0,0,1127,0,1,0,0,0,1,0,0,0,0,0,0,0,0,0,0,0,1,0,1248393
1251297,227,0,1,6,0,0,10000,0,1,0,0,0,0,0,0,1248422,0,1,0,0,0,1,10,0,0,0,0,0,0,0,0,0,0,1,0,1248393
1251298,0,0,0,64,1,0,0,0,1,0,0,0,0,0,0,1129,0,1,0,0,0,1,0,0,0,0,0,0,0,0,0,0,0,1,0,1248394
1251299,227,0,1,6,0,0,10000,0,1,0,0,0,0,0,0,1248406,0,1,0,0,0,1,15,0,0,0,0,0,0,0,0,0,0,1,0,1248394
1251300,0,0,0,64,1,0,0,0,1,0,0,0,0,0,0,1129,0,1,0,0,0,1,0,0,0,0,0,0,0,0,0,0,0,1,0,1248395
1251301,227,0,1,6,0,0,10000,0,1,0,0,0,0,0,0,1248420,0,1,0,0,0,1,15,0,0,0,0,0,0,0,0,0,0,1,0,1248395
1251302,0,0,0,64,1,0,0,0,1,0,0,0,0,0,0,1129,0,1,0,0,0,1,0,0,0,0,0,0,0,0,0,0,0,1,0,1248396
1251303,227,0,1,6,0,0,10000,0,1,0,0,0,0,0,0,1248421,0,1,0,0,0,1,15,0,0,0,0,0,0,0,0,0,0,1,0,1248396
1251304,0,0,0,64,1,0,0,0,1,0,0,0,0,0,0,1129,0,1,0,0,0,1,0,0,0,0,0,0,0,0,0,0,0,1,0,1248397
1251305,227,0,1,6,0,0,10000,0,1,0,0,0,0,0,0,1248422,0,1,0,0,0,1,15,0,0,0,0,0,0,0,0,0,0,1,0,1248397
1251306,0,0,0,64,1,0,0,0,1,0,0,0,0,0,0,1131,0,1,0,0,0,1,0,0,0,0,0,0,0,0,0,0,0,1,0,1248398
1251307,227,0,1,6,0,0,10000,0,1,0,0,0,0,0,0,1248406,0,1,0,0,0,1,20,0,0,0,0,0,0,0,0,0,0,1,0,1248398
1251308,0,0,0,64,1,0,0,0,1,0,0,0,0,0,0,1131,0,1,0,0,0,1,0,0,0,0,0,0,0,0,0,0,0,1,0,1248399
1251309,227,0,1,6,0,0,10000,0,1,0,0,0,0,0,0,1248420,0,1,0,0,0,1,20,0,0,0,0,0,0,0,0,0,0,1,0,1248399
1251310,0,0,0,64,1,0,0,0,1,0,0,0,0,0,0,1131,0,1,0,0,0,1,0,0,0,0,0,0,0,0,0,0,0,1,0,1248400
1251311,227,0,1,6,0,0,10000,0,1,0,0,0,0,0,0,1248421,0,1,0,0,0,1,20,0,0,0,0,0,0,0,0,0,0,1,0,1248400
1251313,0,0,0,64,1,0,0,0,1,0,0,0,0,0,0,1131,0,1,0,0,0,1,0,0,0,0,0,0,0,0,0,0,0,1,0,1248401
1251314,227,0,1,6,0,0,10000,0,1,0,0,0,0,0,0,1248422,0,1,0,0,0,1,20,0,0,0,0,0,0,0,0,0,0,1,0,1248401
1251773,0,0,0,64,1,0,0,0,1,0,0,0,0,0,0,434,0,1,0,0,0,1,0,0,0,0,0,0,0,0,0,0,0,1,0,1248687
1251774,23,0,1,6,0,0,10000,0,1,0,0,0,0,0,0,1248688,0,1,0,0,0,1,0,0,0,0,0,0,0,0,0,0,0,1,0,1248687
1251896,42,0,0,6,0,0,0,0,1,0,0,0,0,0,0,1299796,0,1,0,0,0,1,100,0,0,0,0,0,0,0,0,0,0,1,0,1248758
1251904,42,0,0,6,0,0,0,0,1,0,0,0,0,0,0,1248759,0,1,0,0.5,0,1,100,0,0,0,0,0,0,0,0,0,0,1,0,1248761
1252223,42,0,0,6,0,0,0,0,1,0,0,0,0,0,0,1302521,0,1,0,0,0,1,0,0,0,0,0,0,0,0,0,0,0,1,0,1248996
1252336,42,0,0,6,0,0,0,0,1,0,0,0,0,0,0,1249073,0,1,0,0,0,1,0,0,0,0,0,0,0,0,0,0,0,1,0,1249072
1252398,42,0,0,6,0,0,0,0,1,0,0,0,0,0,0,1249119,0,1,0,0.5,0,1,0,0,0,0,0,0,0,0,0,0,0,1,0,1249118
1253037,0,0,0,64,1,0,0,0,1,0,0,0,0,0,0,433,0,1,0,0,0,1,0,0,0,0,0,0,0,0,0,0,0,1,0,1249500
1253038,227,0,1,6,0,0,10000,0,1,0,0,0,0,0,0,1249519,0,1,0,0,0,1,2,0,0,0,0,0,0,0,0,0,0,1,0,1249500
1253039,0,0,0,64,1,0,0,0,1,0,0,0,0,0,0,433,0,1,0,0,0,1,0,0,0,0,0,0,0,0,0,0,0,1,0,1249501
1253040,227,0,1,6,0,0,10000,1,1,0,0,0,0,0,0,1249520,0,1,0,0,0,1,1,0,0,0,0,0,0,0,0,0,0,1,0,1249501
1253041,0,0,0,64,1,0,0,0,1,0,0,0,0,0,0,433,0,1,0,0,0,1,0,0,0,0,0,0,0,0,0,0,0,1,0,1249502
1253042,227,0,1,6,0,0,10000,0,1,0,0,0,0,0,0,1249521,0,1,0,0,0,1,3,0,0,0,0,0,0,0,0,0,0,1,0,1249502
1253043,0,0,0,64,1,0,0,0,1,0,0,0,0,0,0,434,0,1,0,0,0,1,0,0,0,0,0,0,0,0,0,0,0,1,0,1249503
1253044,227,0,1,6,0,0,10000,0,1,0,0,0,0,0,0,1249519,0,1,0,0,0,1,6,0,0,0,0,0,0,0,0,0,0,1,0,1249503
1253045,0,0,0,64,1,0,0,0,1,0,0,0,0,0,0,434,0,1,0,0,0,1,0,0,0,0,0,0,0,0,0,0,0,1,0,1249504
1253046,227,0,1,6,0,0,10000,1,1,0,0,0,0,0,0,1249520,0,1,0,0,0,1,4,0,0,0,0,0,0,0,0,0,0,1,0,1249504
1253047,0,0,0,64,1,0,0,0,1,0,0,0,0,0,0,434,0,1,0,0,0,1,0,0,0,0,0,0,0,0,0,0,0,1,0,1249505
1253048,227,0,1,6,0,0,10000,0,1,0,0,0,0,0,0,1249521,0,1,0,0,0,1,5,0,0,0,0,0,0,0,0,0,0,1,0,1249505
1253049,0,0,0,64,1,0,0,0,1,0,0,0,0,0,0,435,0,1,0,0,0,1,0,0,0,0,0,0,0,0,0,0,0,1,0,1249506
1253050,227,0,1,6,0,0,10000,0,1,0,0,0,0,0,0,1249519,0,1,0,0,0,1,10,0,0,0,0,0,0,0,0,0,0,1,0,1249506
1253051,0,0,0,64,1,0,0,0,1,0,0,0,0,0,0,435,0,1,0,0,0,1,0,0,0,0,0,0,0,0,0,0,0,1,0,1249507
1253052,227,0,1,6,0,0,10000,1,1,0,0,0,0,0,0,1249520,0,1,0,0,0,1,7,0,0,0,0,0,0,0,0,0,0,1,0,1249507
1253053,0,0,0,64,1,0,0,0,1,0,0,0,0,0,0,435,0,1,0,0,0,1,0,0,0,0,0,0,0,0,0,0,0,1,0,1249508
1253054,227,0,1,6,0,0,10000,0,1,0,0,0,0,0,0,1249521,0,1,0,0,0,1,8,0,0,0,0,0,0,0,0,0,0,1,0,1249508
1253055,0,0,0,64,1,0,0,0,1,0,0,0,0,0,0,1127,0,1,0,0,0,1,0,0,0,0,0,0,0,0,0,0,0,1,0,1249509
1253056,227,0,1,6,0,0,10000,0,1,0,0,0,0,0,0,1249519,0,1,0,0,0,1,20,0,0,0,0,0,0,0,0,0,0,1,0,1249509
1253057,0,0,0,64,1,0,0,0,1,0,0,0,0,0,0,1127,0,1,0,0,0,1,0,0,0,0,0,0,0,0,0,0,0,1,0,1249510
1253058,227,0,1,6,0,0,10000,1,1,0,0,0,0,0,0,1249520,0,1,0,0,0,1,14,0,0,0,0,0,0,0,0,0,0,1,0,1249510
1253059,0,0,0,64,1,0,0,0,1,0,0,0,0,0,0,1127,0,1,0,0,0,1,0,0,0,0,0,0,0,0,0,0,0,1,0,1249511
1253060,227,0,1,6,0,0,10000,0,1,0,0,0,0,0,0,1249521,0,1,0,0,0,1,12,0,0,0,0,0,0,0,0,0,0,1,0,1249511
1253061,0,0,0,64,1,0,0,0,1,0,0,0,0,0,0,1129,0,1,0,0,0,1,0,0,0,0,0,0,0,0,0,0,0,1,0,1249512
1253062,227,0,1,6,0,0,10000,0,1,0,0,0,0,0,0,1249519,0,1,0,0,0,1,30,0,0,0,0,0,0,0,0,0,0,1,0,1249512
1253063,0,0,0,64,1,0,0,0,1,0,0,0,0,0,0,1129,0,1,0,0,0,1,0,0,0,0,0,0,0,0,0,0,0,1,0,1249513
1253064,227,0,1,6,0,0,10000,1,1,0,0,0,0,0,0,1249520,0,1,0,0,0,1,22,0,0,0,0,0,0,0,0,0,0,1,0,1249513
1253065,0,0,0,64,1,0,0,0,1,0,0,0,0,0,0,1129,0,1,0,0,0,1,0,0,0,0,0,0,0,0,0,0,0,1,0,1249514
1253066,227,0,1,6,0,0,10000,0,1,0,0,0,0,0,0,1249521,0,1,0,0,0,1,18,0,0,0,0,0,0,0,0,0,0,1,0,1249514
1253067,0,0,0,64,1,0,0,0,1,0,0,0,0,0,0,1131,0,1,0,0,0,1,0,0,0,0,0,0,0,0,0,0,0,1,0,1249515
1253068,227,0,1,6,0,0,10000,0,1,0,0,0,0,0,0,1249519,0,1,0,0,0,1,40,0,0,0,0,0,0,0,0,0,0,1,0,1249515
1253069,0,0,0,64,1,0,0,0,1,0,0,0,0,0,0,1131,0,1,0,0,0,1,0,0,0,0,0,0,0,0,0,0,0,1,0,1249516
1253070,227,0,1,6,0,0,10000,1,1,0,0,0,0,0,0,1249520,0,1,0,0,0,1,28,0,0,0,0,0,0,0,0,0,0,1,0,1249516
1253071,0,0,0,64,1,0,0,0,1,0,0,0,0,0,0,1131,0,1,0,0,0,1,0,0,0,0,0,0,0,0,0,0,0,1,0,1249517
1253072,227,0,1,6,0,0,10000,1,1,0,0,0,0,0,0,1249521,0,1,0,0,0,1,25,0,0,0,0,0,0,0,0,0,0,1,0,1249517
1253078,0,0,0,64,1,0,0,0,1,0,0,0,0,0,0,1131,0,1,0,0,0,1,0,0,0,0,0,0,0,0,0,0,0,1,0,1249522
1253079,227,0,1,6,0,0,10000,0,1,0,0,0,0,0,0,1249523,0,1,0,0,0,1,1,0,0,0,0,0,0,0,0,0,0,1,0,1249522
1253705,0,0,0,64,1,0,0,0,1,0,0,0,0,0,0,1133,0,1,0,0,0,1,0,0,0,0,0,0,0,0,0,0,0,1,0,1249906
1253706,23,0,1,6,0,0,10000,0,1,0,0,0,0,0,0,1249907,0,1,0,0,0,1,0,0,0,0,0,0,0,0,0,0,0,1,0,1249906
1253719,0,0,0,64,1,0,0,0,1,0,0,0,0,0,0,430,0,1,0,0,0,1,0,0,0,0,0,0,0,0,0,0,0,1,0,1249914
1253720,227,0,1,6,0,0,10000,0,1,0,0,0,0,0,0,1249926,0,1,0,0,0,1,1,0,0,0,0,0,0,0,0,0,0,1,0,1249914
1253721,0,0,0,64,1,0,0,0,1,0,0,0,0,0,0,431,0,1,0,0,0,1,0,0,0,0,0,0,0,0,0,0,0,1,0,1249915
1253722,227,0,1,6,0,0,10000,0,1,0,0,0,0,0,0,1249926,0,1,0,0,0,1,3,0,0,0,0,0,0,0,0,0,0,1,0,1249915
1253723,0,0,0,64,1,0,0,0,1,0,0,0,0,0,0,432,0,1,0,0,0,1,0,0,0,0,0,0,0,0,0,0,0,1,0,1249916
1253724,227,0,1,6,0,0,10000,0,1,0,0,0,0,0,0,1249926,0,1,0,0,0,1,5,0,0,0,0,0,0,0,0,0,0,1,0,1249916
1253725,0,0,0,64,1,0,0,0,1,0,0,0,0,0,0,1133,0,1,0,0,0,1,0,0,0,0,0,0,0,0,0,0,0,1,0,1249917
1253726,227,0,1,6,0,0,10000,0,1,0,0,0,0,0,0,1249926,0,1,0,0,0,1,10,0,0,0,0,0,0,0,0,0,0,1,0,1249917
1253727,0,0,0,64,1,0,0,0,1,0,0,0,0,0,0,1135,0,1,0,0,0,1,0,0,0,0,0,0,0,0,0,0,0,1,0,1249918
1253728,227,0,1,6,0,0,10000,0,1,0,0,0,0,0,0,1249926,0,1,0,0,0,1,15,0,0,0,0,0,0,0,0,0,0,1,0,1249918
1253729,0,0,0,64,1,0,0,0,1,0,0,0,0,0,0,1137,0,1,0,0,0,1,0,0,0,0,0,0,0,0,0,0,0,1,0,1249919
1253730,227,0,1,6,0,0,10000,0,1,0,0,0,0,0,0,1249926,0,1,0,0,0,1,20,0,0,0,0,0,0,0,0,0,0,1,0,1249919
1253731,0,0,0,64,1,0,0,0,1,0,0,0,0,0,0,430,0,1,0,0,0,1,0,0,0,0,0,0,0,0,0,0,0,1,0,1249920
1253732,227,0,1,6,0,0,10000,0,1,0,0,0,0,0,0,1249927,0,1,0,0,0,1,2,0,0,0,0,0,0,0,0,0,0,1,0,1249920
1253733,0,0,0,64,1,0,0,0,1,0,0,0,0,0,0,431,0,1,0,0,0,1,0,0,0,0,0,0,0,0,0,0,0,1,0,1249921
1253734,227,0,1,6,0,0,10000,0,1,0,0,0,0,0,0,1249927,0,1,0,0,0,1,7,0,0,0,0,0,0,0,0,0,0,1,0,1249921
1253735,0,0,0,64,1,0,0,0,1,0,0,0,0,0,0,432,0,1,0,0,0,1,0,0,0,0,0,0,0,0,0,0,0,1,0,1249922
1253736,227,0,1,6,0,0,10000,0,1,0,0,0,0,0,0,1249927,0,1,0,0,0,1,11,0,0,0,0,0,0,0,0,0,0,1,0,1249922
1253737,0,0,0,64,1,0,0,0,1,0,0,0,0,0,0,1133,0,1,0,0,0,1,0,0,0,0,0,0,0,0,0,0,0,1,0,1249923
1253738,227,0,1,6,0,0,10000,0,1,0,0,0,0,0,0,1249927,0,1,0,0,0,1,22,0,0,0,0,0,0,0,0,0,0,1,0,1249923
1253739,0,0,0,64,1,0,0,0,1,0,0,0,0,0,0,1135,0,1,0,0,0,1,0,0,0,0,0,0,0,0,0,0,0,1,0,1249924
1253740,227,0,1,6,0,0,10000,0,1,0,0,0,0,0,0,1249927,0,1,0,0,0,1,33,0,0,0,0,0,0,0,0,0,0,1,0,1249924
1253741,0,0,0,64,1,0,0,0,1,0,0,0,0,0,0,1137,0,1,0,0,0,1,0,0,0,0,0,0,0,0,0,0,0,1,0,1249925
1253742,227,0,1,6,0,0,10000,0,1,0,0,0,0,0,0,1249927,0,1,0,0,0,1,44,0,0,0,0,0,0,0,0,0,0,1,0,1249925
1254194,0,0,0,16,0,0,0,0,1,0,0,0,0,0,0,0,0,1,0,0,0,1,1,0,0,82060,0,0,0,0,0,0,0,1,0,1250207
1254529,0,0,3,64,0,0,0,1,1,0,0,0,0,0,0,15091,0,1,0,0,0,1,0,0,0,0,0,0,0,0,0,0,0,1,0,1250423
1254779,23,0,0,6,0,0,5000,0,1,0,0,0,0,0,0,1250617,0,1,0,0,0,1,0,0,0,0,0,0,0,0,0,0,0,1,0,1250618
1256241,23,0,0,6,0,0,5000,0,1,0,0,0,0,0,0,1251474,0,1,0,0,0,1,17,0,0,0,0,0,0,0,0,0,0,1,0,1251563
1256942,23,0,0,6,0,0,3000,0,1,0,0,0,0,0,0,1251691,0,1,0,0,0,1,0,0,0,0,0,0,0,0,0,0,0,1,0,1252017
1257099,23,0,0,6,0,0,5000,0,1,0,0,0,0,0,0,1251693,0,1,0,0,0,1,0,0,0,0,0,0,0,0,0,0,0,1,0,1252106
1259057,23,0,0,6,0,0,3000,0,1,0,0,0,0,0,0,1253351,0,1,0,0,0,1,0,0,0,0,0,0,0,0,0,0,0,1,0,1253348
1259150,0,0,1,64,0,0,0,0,1,0,0,0,0,0,0,1253414,0,1,0,0,0,1,0,0,0,0,0,0,0,0,0,0,0,1,0,1253408
1259790,23,0,0,6,0,0,10000,0,1,0,0,0,0,0,0,1253348,0,1,0,0,0,1,0,0,0,0,0,0,0,0,0,0,0,1,0,1253772
1259858,0,0,2,16,0,0,0,0,1,0,0,0,0,0,0,0,0,1,0,0,0,1,1,0,0,92490,0,0,0,0,0,0,0,1,0,1253348
1260193,0,0,0,64,0,0,0,0,1,0,0,0,0,0,0,1254002,0,1,0,0,0,1,0,0,0,0,0,0,0,0,0,0,0,1,0,1253999
1260228,0,0,1,64,0,0,0,0,1,0,0,0,0,0,0,1254002,0,1,0,0,0,1,0,0,0,0,0,0,0,0,0,0,0,1,0,1253999
1260229,0,0,2,64,0,0,0,0,1,0,0,0,0,0,0,1254002,0,1,0,0,0,1,0,0,0,0,0,0,0,0,0,0,0,1,0,1253999
1260394,428,0,0,6,0,0,0,0,1,0,0,0,0,0,0,1252890,0,1,0,0,0,1,0,0,0,4,0,0,0,0,0,0,0,1,0,1254114
1260395,428,0,0,6,0,0,0,0,1,0,0,0,0,0,0,1252807,0,1,0,0,0,1,0,0,0,1,0,0,0,0,0,0,0,1,0,1254115
1260467,428,0,0,6,0,0,0,0,1,0,0,0,0,0,0,1250060,0,1,0,0,0,1,0,0,0,1,0,0,0,0,0,0,0,1,0,1254164
1260618,23,0,0,6,0,0,1000,0,1,0,0,0,0,0,0,1254269,0,1,0,0,0,1,0,0,0,0,0,0,0,0,0,0,0,1,0,1254268
1260855,23,0,0,6,0,0,3000,0,1,0,0,0,0,0,0,1254443,0,1,0,0,0,1,0,0,0,0,0,0,0,0,0,0,0,1,0,1254442
1260980,23,0,0,6,0,0,500,0,1,0,0,0,0,0,0,1254523,0,1,0,0,0,1,0,0,0,0,0,0,0,0,0,0,0,1,0,1254524
1261072,0,0,0,64,0,0,0,0,1,0,0,0,0,0,0,1254586,0,1,0,0,0,1,0,0,0,0,0,0,0,0,0,0,0,1,0,1254585
1261073,0,0,1,64,0,0,0,0,1,0,0,0,0,0,0,1254586,0,1,0,0,0,1,0,0,0,0,0,0,0,0,0,0,0,1,0,1254585
1261074,0,0,2,64,0,0,0,0,1,0,0,0,0,0,0,1254586,0,1,0,0,0,1,0,0,0,0,0,0,0,0,0,0,0,1,0,1254585
1261433,0,0,1,16,0,0,0,0,1,0,0,0,0,0,0,0,0,1,0,0,0,1,1,0,0,92542,0,0,0,0,0,0,0,1,0,1254832
1261477,0,0,1,16,0,0,0,0,1,0,0,0,0,0,0,0,0,1,0,0,0,1,0,0,0,92543,0,20,0,0,0,0,0,7,0,1254871
1262253,0,0,0,64,1,0,0,0,1,0,0,0,0,0,0,1248398,0,1,0,0,0,1,0,0,0,0,0,0,0,0,0,0,0,1,0,1255415
1262254,0,0,1,64,1,0,0,0,1,0,0,0,0,0,0,1254546,0,1,0,0,0,1,0,0,0,100,0,0,0,0,0,0,0,1,0,1255415
1264366,0,0,1,64,0,0,0,0,1,0,0,0,0,0,0,1256717,0,1,0,0,0,1,0,0,0,0,0,0,0,0,0,0,0,1,0,1256704
1264794,0,0,1,64,0,0,0,0,1,0,0,0,0,0,0,1257055,0,1,0,0,0,1,1,0,0,0,0,0,0,0,0,0,0,38,0,1257014
1267091,0,0,1,64,0,0,0,0,1,0,0,0,0,0,0,1258428,0,1,0,0,0,1,0,0,0,2000,0,0,0,0,0,0,0,38,0,1258429
1267217,0,0,1,64,0,0,0,0,1,0,0,0,0,0,0,1258518,0,1,0,0,0,1,0,0,0,2200,0,0,0,0,0,0,0,6,0,1258519
1267219,0,0,1,64,0,0,0,0,1,0,0,0,0,0,0,1258519,0,1,0,0,0,1,0,0,0,0,0,0,0,0,0,0,0,6,0,1258520
1268507,0,0,1,64,0,0,0,0,1,0,0,0,0,0,0,1259417,0,1,0,0,0,1,0,0,0,0,0,0,0,0,0,0,0,1,0,1259416
1268787,0,0,3,64,0,0,0,0,1,0,0,0,0,0,0,1247330,0,1,0,0,0,1,0,0,0,10,0,0,0,0,0,0,0,1,0,1258446
1268881,0,0,0,64,0,0,0,0,1,0,0,0,0,0,0,1259688,0,1,0,0,0,1,0,0,0,0,0,0,0,0,0,0,0,1,0,1259686
1268891,0,0,0,64,0,0,0,0,1,0,0,0,0,0,0,1270842,0,1,0,0,0,1,0,0,0,0,0,0,0,0,0,0,0,1,0,1259705
1270835,23,0,0,6,0,0,90000,0,1,0,0,0,0,0,0,1261190,0,1,0,0,0,1,0,0,0,0,0,0,0,0,0,0,0,1,0,1261191
1271586,0,0,1,64,0,0,0,0,1,0,0,0,0,0,0,1247330,0,1,0,0,0,1,0,0,0,100,0,0,0,0,0,0,0,1,0,1261692
1273802,231,0,1,6,0,0,0,0,1,0,0,0,0,0,2,1263261,0,1,0,0,0,1,5,0,0,0,0,0,0,0,0,0,0,6,0,1263260
1273932,542,0,2,6,0,0,0,0,1,0,0,0,0,0,0,1263337,0,1,0,0,0,1,0,0,0,3,0,0,0,0,0,0,0,1,0,1263284
1273993,0,0,0,16,0,0,0,0,1,0,0,0,0,0,0,0,0,1,0,0,0,1,0,0,0,93422,0,0,0,0,0,0,0,120,0,1263372
1273994,0,0,1,64,0,0,0,0,1,0,0,0,0,0,0,1253371,0,1,0,0,0,1,0,0,0,0,0,0,0,0,0,0,0,120,0,1263372
1274583,0,0,0,64,0,0,0,0,1,0,0,0,0,0,0,1263244,0,1,0,0,0,1,0,0,0,0,0,0,0,0,0,0,0,1,0,1263726
1274584,0,0,1,64,0,0,0,0,1,0,0,0,0,0,0,1263244,0,1,0,0,0,1,0,0,0,0,0,0,0,0,0,0,0,1,0,1263726
1274585,0,0,2,64,0,0,0,0,1,0,0,0,0,0,0,1263244,0,1,0,0,0,1,0,0,0,0,0,0,0,0,0,0,0,1,0,1263726
1274711,0,0,1,16,0,0,0,0,1,0,0,0,0,0,0,0,0,1,0,0,0,1,0,0,0,93444,0,0,0,0,0,0,0,6,0,1263807
1274712,0,0,1,64,0,0,0,0,1,0,0,0,0,0,0,1262779,0,1,0,0,0,1,0,0,0,0,0,0,0,0,0,0,0,1,0,1263808
1275006,0,0,0,16,0,0,0,0,1,0,0,0,0,0,0,0,0,1,0,0,0,1,0,0,0,93458,0,0,0,0,0,0,0,120,0,1263980
1275022,0,0,0,16,0,0,0,0,1,0,0,0,0,0,0,0,0,1,0,0,0,1,0,0,0,93463,0,0,0,0,0,0,0,1,0,1263987
1275023,0,0,0,16,0,0,0,0,1,0,0,0,0,0,0,0,0,1,0,0,0,1,0,0,0,93462,0,0,0,0,0,0,0,1,0,1263988
1279412,23,0,0,6,0,0,2000,0,1,0,0,0,0,0,0,1266752,0,1,0,0,0,1,0,0,0,0,0,0,0,0,0,0,0,1,0,1266753
1279530,0,0,0,16,0,0,0,0,1,0,0,0,0,0,0,0,0,1,0,0,0,1,0,0,0,93462,0,0,0,0,0,0,0,1,0,1266840
1279694,23,0,0,6,0,0,20000,0,1,0,0,0,0,0,0,1266979,0,1,0,0,0,1,0,0,0,0,0,0,0,0,0,0,0,1,0,1266970
1279834,0,0,1,64,0,0,0,0,1,0,0,0,0,0,0,1267059,0,1,0,0,0,1,0,0,0,1000,0,0,0,0,0,0,0,25,0,1267060
1280054,23,0,1,6,0,0,2000,0,1,0,0,0,0,0,0,1267193,0,1,0,0,0,1,0,0,0,0,0,0,0,0,0,0,0,25,0,1267199
1280674,23,0,0,6,0,0,1000,0,1,0,0,0,0,0,0,1269185,0,1,0,0,0,1,0,0,0,0,0,0,0,0,0,0,0,1,0,1269045
1280676,23,0,0,6,0,0,10000,0,1,0,0,0,0,0,0,1269509,0,1,0,0,0,1,0,0,0,0,0,0,0,0,0,0,0,1,0,1269047
1280677,23,0,0,6,0,0,10000,0,1,0,0,0,0,0,0,1269526,0,1,0,0,0,1,0,0,0,0,0,0,0,0,0,0,0,1,0,1269048
1281129,0,0,1,64,0,0,0,1,1,0,0,0,0,0,0,23448,0,1,0,0,0,1,0,0,0,0,0,0,0,0,0,0,0,1,0,1269353
1281380,42,0,0,6,0,0,0,0,1,0,0,0,0,0,0,1269508,0,1,0,0,0,1,0,0,0,0,0,0,0,0,0,0,0,1,0,1269507
1281383,0,0,0,64,0,0,0,0,1,0,0,0,0,0,0,1269510,0,1,0,0,0,1,0,0,0,0,0,0,0,0,0,0,0,1,0,1269509
1281385,0,0,1,64,0,0,0,0,1,0,0,0,0,0,0,1269510,0,1,0,0,0,1,0,0,0,0,0,0,0,0,0,0,0,1,0,1269509
1281386,0,0,2,64,0,0,0,0,1,0,0,0,0,0,0,1269510,0,1,0,0,0,1,0,0,0,0,0,0,0,0,0,0,0,1,0,1269509
1281419,0,0,0,64,0,0,0,0,1,0,0,0,0,0,0,1269525,0,1,0,0,0,1,0,0,0,0,0,0,0,0,0,0,0,1,0,1269526
1281420,0,0,1,64,0,0,0,0,1,0,0,0,0,0,0,1269525,0,1,0,0,0,1,0,0,0,0,0,0,0,0,0,0,0,1,0,1269526
1281421,0,0,2,64,0,0,0,0,1,0,0,0,0,0,0,1269525,0,1,0,0,0,1,0,0,0,0,0,0,0,0,0,0,0,1,0,1269526
1281490,23,0,0,6,0,0,2000,0,1,0,0,0,0,0,0,1269558,0,1,0,0,0,1,0,0,0,0,0,0,0,0,0,0,0,25,0,1269573
1281495,0,0,0,16,0,0,0,0,1,0,0,0,0,0,0,0,0,1,0,0,0,1,0,0,0,93844,0,0,0,0,0,0,0,1,0,1269577
1281498,0,0,0,16,0,0,0,0,1,0,0,0,0,0,0,0,0,1,0,0,0,1,0,0,0,93845,0,0,0,0,0,0,0,1,0,1269580
1281499,0,0,0,16,0,0,0,0,1,0,0,0,0,0,0,0,0,1,0,0,0,1,0,0,0,93846,0,0,0,0,0,0,0,1,0,1269581
1281500,0,0,0,16,0,0,0,0,1,0,0,0,0,0,0,0,0,1,0,0,0,1,0,0,0,93847,0,0,0,0,0,0,0,1,0,1269582
1281690,428,0,2,6,0,0,0,0,1,0,0,0,0,0,0,1269770,0,1,0,0,0,1,0,0,0,0,0,0,0,0,0,0,0,25,0,1269767
1281735,23,0,0,6,0,0,1000,0,1,0,0,0,0,0,0,1269554,0,1,0,0,0,1,0,0,0,0,0,0,0,0,0,0,0,1,0,1269872
1281782,23,0,0,6,0,0,10000,0,1,0,0,0,0,0,0,1269509,0,1,0,0,0,1,0,0,0,0,0,0,0,0,0,0,0,1,0,1269910
1281819,23,0,0,6,0,0,1000,0,1,0,0,0,0,0,0,1269185,0,1,0,0,0,1,0,0,0,0,0,0,0,0,0,0,0,1,0,1269931
1281822,23,0,0,6,0,0,10000,0,1,0,0,0,0,0,0,1269526,0,1,0,0,0,1,0,0,0,0,0,0,0,0,0,0,0,1,0,1269933
1281859,42,0,2,6,0,512,0,0,1,0,0,0,0,0,0,1251791,0,1,0,0,0,1,0,0,0,0,0,0,0,0,0,0,0,0,0,1269958
1281867,42,0,3,6,0,0,0,0,1,0,0,0,0,0,0,1251693,0,1,0,0,0,1,0,0,0,0,0,0,0,0,0,0,0,0,0,1269962
1282176,23,0,0,6,0,0,2000,0,1,0,0,0,0,0,0,1270260,0,1,0,0,0,1,0,0,0,0,0,0,0,0,0,0,0,1,0,1270257
1282890,23,0,0,6,0,0,1000,0,1,0,0,0,0,0,0,1270631,0,1,0,0,0,1,0,0,0,0,0,0,0,0,0,0,0,1,0,1270623
1283147,0,0,0,64,0,0,0,0,1,0,0,0,0,0,0,29544,0,1,0,0,0,1,0,0,0,0,0,0,0,0,0,0,0,6,0,1270811
1283474,428,0,2,6,0,0,0,0,1,0,0,7,0,0,0,1271001,0,1,0,0,0,1,0,0,0,0,0,0,0,0,0,0,0,25,0,1271000
1283503,0,0,1,64,0,0,0,0,1,0,0,0,0,0,0,1271019,0,1,0,0,0,1,0,0,0,0,0,0,0,0,0,0,0,1,0,1271020
1283647,0,0,1,16,0,0,0,1,1,0,0,0,0,0,0,0,0,1,0,0,0,1,0,0,0,94013,0,0,0,0,0,0,0,1,0,1271102
1283648,23,0,2,6,0,0,600000,1,1,0,0,0,0,0,0,19614,0,1,0,0,0,1,1,0,0,0,0,0,0,0,0,0,0,6,0,1271102
1283874,0,0,1,64,0,0,0,0,1,0,0,0,0,0,0,1271280,0,1,0,0,0,1,200,0,0,0,0,0,0,0,0,0,0,1,0,1271266
1284072,0,0,0,64,0,0,0,0,1,0,0,0,0,0,0,1259410,0,1,0,0,0,1,0,0,0,2000,0,0,0,0,0,0,0,1,0,1271396
1284122,23,0,0,6,0,0,1000,0,1,0,0,0,0,0,0,1271414,0,1,0,0,0,1,0,0,0,0,0,0,0,0,0,0,0,25,0,1271427
1284670,23,0,0,6,0,0,2000,0,1,0,0,0,0,0,0,1271898,0,1,0,0,0,1,0,0,0,0,0,0,0,0,0,0,0,1,0,1271759
1284872,23,0,0,6,0,0,1000,0,1,0,0,0,0,0,0,1271867,0,1,0,0,0,1,0,0,0,0,0,0,0,0,0,0,0,1,0,1271866
1285575,23,0,0,6,1,0,500,0,1,0,0,0,0,0,0,1272371,0,1,0,0,0,1,0,0,0,0,0,0,0,0,0,0,0,1,0,1272366
1285683,23,0,0,6,1,0,500,0,1,0,0,0,0,0,0,1272446,0,1,0,0,0,1,0,0,0,0,0,0,0,0,0,0,0,1,0,1272447
1286365,0,0,0,64,0,0,0,0,1,0,0,0,0,0,0,1273006,0,1,0,0,0,1,0,0,0,2000,0,0,0,0,0,0,0,1,0,1273007
1286372,0,0,0,64,0,0,0,0,1,0,0,0,0,0,0,1273009,0,1,0,0,0,1,0,0,0,2000,0,0,0,0,0,0,0,1,0,1273010
1287090,23,0,0,6,0,0,6000,1,1,0,0,0,0,0,0,1275553,0,1,0,0,0,1,1,0,0,0,0,0,0,0,0,0,0,1,0,1275552
1287476,23,0,0,6,0,0,4000,0,1,0,0,0,0,0,0,1275834,0,1,0,0,0,1,0,0,0,0,0,0,0,0,0,0,0,1,0,1275832
1287523,23,0,0,6,0,0,4000,0,1,0,0,0,0,0,0,1275867,0,1,0,0,0,1,0,0,0,0,0,0,0,0,0,0,0,1,0,1275865
1288219,23,0,0,6,0,0,5000,0,1,0,0,0,0,0,0,1276443,0,1,0,0,0,1,0,0,0,0,0,0,0,0,0,0,0,1,0,1276442
1289674,23,0,1,6,0,0,10000,0,1,0,0,0,0,0,0,1253371,0,1,0,0,0,1,0,0,0,0,0,0,0,0,0,0,0,1,0,1277346
1289703,23,0,0,6,0,0,3000,0,1,0,0,0,0,0,0,1277367,0,1,0,0,0,1,0,0,0,0,0,0,0,0,0,0,0,1,0,1277364
1289777,23,0,0,6,0,0,3000,0,1,0,0,0,0,0,0,1277418,0,1,0,0,0,1,0,0,0,0,0,0,0,0,0,0,0,1,0,1277417
1289793,23,0,0,6,0,0,1000,0,1,0,0,0,0,0,0,1277430,0,1,0,0,0,1,0,0,0,0,0,0,0,0,0,0,0,1,0,1277431
1290299,0,0,1,16,0,0,0,1,1,0,0,0,0,0,0,0,0,1,0,0,0,1,0,0,0,94792,0,0,0,0,0,0,0,1,0,1277851
1290300,23,0,2,6,0,0,600000,1,1,0,0,0,0,0,0,19614,0,1,0,0,0,1,1,0,0,0,0,0,0,0,0,0,0,6,0,1277851
1290693,0,0,1,16,0,0,0,1,1,0,0,0,0,0,0,0,0,1,0,0,0,1,0,0,0,94863,0,0,0,0,0,0,0,1,0,1278060
1290694,23,0,2,6,0,0,600000,1,1,0,0,0,0,0,0,19614,0,1,0,0,0,1,1,0,0,0,0,0,0,0,0,0,0,6,0,1278060
1290696,0,0,1,16,0,0,0,1,1,0,0,0,0,0,0,0,0,1,0,0,0,1,0,0,0,94864,0,0,0,0,0,0,0,1,0,1278061
1290697,23,0,2,6,0,0,600000,1,1,0,0,0,0,0,0,19614,0,1,0,0,0,1,1,0,0,0,0,0,0,0,0,0,0,6,0,1278061
1291225,0,0,0,64,0,0,0,0,1,0,0,0,0,0,0,1278902,0,1,0,0,0,1,0,0,0,2000,0,0,0,0,0,0,0,1,0,1278903
1292670,0,0,1,16,0,0,0,1,1,0,0,0,0,0,0,0,0,1,0,0,0,1,0,0,0,94978,0,0,0,0,0,0,0,1,0,1280004
1292671,23,0,2,6,0,0,600000,1,1,0,0,0,0,0,0,19614,0,1,0,0,0,1,1,0,0,0,0,0,0,0,0,0,0,6,0,1280004
1292736,0,0,1,16,0,0,0,1,1,0,0,0,0,0,0,0,0,1,0,0,0,1,0,0,0,94979,0,0,0,0,0,0,0,1,0,1280044
1292737,23,0,2,6,0,0,600000,1,1,0,0,0,0,0,0,19614,0,1,0,0,0,1,1,0,0,0,0,0,0,0,0,0,0,6,0,1280044
1293499,0,0,0,64,0,0,0,0,1,0,0,0,0,0,0,1280533,0,1,0,0,0,1,0,0,0,0,0,0,0,0,0,0,0,1,0,1280530
1293504,23,0,0,6,0,0,5000,0,1,0,0,0,0,0,0,1280540,0,1,0,0,0,1,0,0,0,0,0,0,12,0,0,0,0,22,15,1280533
1294841,23,0,0,6,0,0,120000,0,1,0,0,0,0,0,0,1278201,0,1,0,0,0,1,0,0,0,0,0,0,0,0,0,0,0,1,0,1281639
1295085,23,0,0,6,0,0,500,0,1,0,0,0,0,0,0,1319550,0,1,0,0,0,1,0,0,0,0,0,0,0,0,0,0,0,1,0,1281782
1296675,42,0,0,6,0,0,0,0,1,0,0,0,0,0,0,1282733,0,1,0,0,0,1,0,0,0,0,0,0,0,0,0,0,0,1,0,1282735
1298799,0,0,0,64,0,0,0,0,1,0,0,0,0,0,0,1284040,0,1,0,0,0,1,0,0,0,2000,0,0,0,0,0,0,0,1,0,1284041
1299315,23,0,0,6,0,0,1000,0,1,0,0,0,0,0,0,1284377,0,1,0,0,0,1,0,0,0,0,0,0,0,0,0,0,0,1,0,1284376
1299568,0,0,1,16,0,0,0,0,1,0,0,0,0,0,0,0,0,1,0,0,0,1,0,0,0,95351,0,0,0,0,0,0,0,1,0,1283919
1301302,0,0,0,64,0,0,0,0,1,0,0,0,0,0,0,11329,0,1,0,0,0,1,0,0,0,0,0,0,0,0,0,0,0,1,0,1285372
1301303,0,0,1,64,0,0,0,0,1,0,0,0,0,0,0,18461,0,1,0,0,0,1,0,0,0,0,0,0,0,0,0,0,0,1,0,1285372
1302695,23,0,0,6,0,0,1000,0,1,0,0,0,0,0,0,1294721,0,1,0,0,0,1,0,0,0,0,0,0,0,0,0,0,0,1,0,1286114
1303033,23,0,1,6,0,0,1000,0,1,0,0,0,0,0,0,1286301,0,1,0,0,0,1,0,0,0,0,0,0,22,0,0,0,0,22,15,1286299
1303034,23,0,1,6,0,0,1000,0,1,0,0,0,0,0,0,1286301,0,1,0,0,0,1,0,0,0,0,0,0,22,0,0,0,0,22,15,1286298
1303035,23,0,1,6,0,0,1000,0,1,0,0,0,0,0,0,1286301,0,1,0,0,0,1,0,0,0,0,0,0,22,0,0,0,0,22,15,1269555
1303714,42,0,0,6,0,0,0,0,1,0,0,0,0,0,0,1322318,0,1,0,0,0,1,0,0,0,0,0,0,0,0,0,0,0,1,0,1286699
1305817,0,0,1,64,0,0,0,0,1,0,0,0,0,0,0,1287973,0,1,0,0,0,1,0,0,0,2000,0,0,0,0,0,0,0,1,0,1287963
1305905,0,0,2,64,0,0,0,0,1,0,0,0,0,0,0,1287973,0,1,0,0,0,1,0,0,0,2000,0,0,0,0,0,0,0,0,0,1287963
1305915,0,0,3,64,0,0,0,0,1,0,0,0,0,0,0,1288047,0,1,0,0,0,1,0,0,0,2000,0,0,0,0,0,0,0,0,0,1287963
1306034,0,0,4,64,0,0,0,0,1,0,0,0,0,0,0,1287973,0,1,0,0,0,1,0,0,0,7000,0,0,0,0,0,0,0,1,0,1287963
1306035,0,0,5,64,0,0,0,0,1,0,0,0,0,0,0,1287973,0,1,0,0,0,1,0,0,0,7000,0,0,0,0,0,0,0,1,0,1287963
1306053,23,0,0,6,0,0,1000,0,1,0,0,0,0,0,0,1288142,0,1,0,0,0,1,0,0,0,0,0,0,9,0,0,0,0,1,8,1288136
1306126,0,0,6,64,0,0,0,0,1,0,0,0,0,0,0,1288047,0,1,0,0,0,1,0,0,0,12000,0,0,0,0,0,0,0,0,0,1287963
1306128,0,0,7,64,0,0,0,0,1,0,0,0,0,0,0,1288047,0,1,0,0,0,1,0,0,0,12000,0,0,0,0,0,0,0,0,0,1287963
1306129,0,0,8,64,0,0,0,0,1,0,0,0,0,0,0,1288184,0,1,0,0,0,1,1,0,0,15000,0,0,0,0,0,0,0,1,0,1287963
1306453,23,0,0,6,0,0,4000,0,1,0,0,0,0,0,0,1288389,0,1,0,0,0,1,0,0,0,0,0,0,0,0,0,0,0,1,0,1288388
1306458,23,0,0,6,0,0,3500,0,1,0,0,0,0,0,0,1288391,0,1,0,0,0,1,0,0,0,0,0,0,0,0,0,0,0,1,0,1288392
1306669,23,0,0,6,0,0,10000,0,1,0,0,0,0,0,0,1290040,0,1,0,0,0,1,0,0,0,0,0,0,22,0,0,0,0,22,15,1288558
1306671,33,0,0,6,0,0,0,0,1,0,0,0,0,0,0,29214,0,1,0,0,0,1,-30,0,0,0,0,0,22,0,0,0,0,22,15,1288560
1306981,23,0,0,6,0,0,1000,0,1,0,0,0,0,0,0,1294351,0,1,0,0,0,1,0,0,0,0,0,0,0,0,0,0,0,1,0,1288851
1307139,23,0,0,6,1,0,1000,0,1,0,0,0,0,0,0,1289053,0,1,0,0.15199999511,0,1,0,0,0,0,0,0,0,0,0,0,0,1,0,1288961
1307249,23,0,1,6,0,0,1000,0,1,0,0,0,0,0,0,1289055,0,1,0,0,0,1,0,0,0,0,0,0,0,0,0,0,0,1,0,1288961
1307336,23,0,0,6,0,0,500,0,1,0,0,0,0,0,0,1289122,0,1,0,0,0,1,0,0,0,0,0,0,0,0,0,0,0,1,0,1289121
1307338,23,0,0,6,0,0,500,0,1,0,0,0,0,0,0,1289124,0,1,0,0,0,1,0,0,0,0,0,0,0,0,0,0,0,1,0,1289123
1307438,0,0,0,16,0,0,0,0,1,0,0,0,0,0,0,0,0,1,0,0,0,1,0,0,0,95944,0,0,0,0,0,0,0,1,0,1289195
1307440,0,0,0,16,0,0,0,0,1,0,0,0,0,0,0,0,0,1,0,0,0,1,0,0,0,95945,0,0,0,0,0,0,0,1,0,1289196
1307442,0,0,0,16,0,0,0,0,1,0,0,0,0,0,0,0,0,1,0,0,0,1,0,0,0,95946,0,0,0,0,0,0,0,1,0,1289197
1307444,0,0,0,16,0,0,0,0,1,0,0,0,0,0,0,0,0,1,0,0,0,1,0,0,0,95947,0,0,0,0,0,0,0,1,0,1289198
1307446,0,0,0,16,0,0,0,0,1,0,0,0,0,0,0,0,0,1,0,0,0,1,0,0,0,95948,0,0,0,0,0,0,0,1,0,1289199
1307448,0,0,0,16,0,0,0,0,1,0,0,0,0,0,0,0,0,1,0,0,0,1,0,0,0,95949,0,0,0,0,0,0,0,1,0,1289200
1307929,42,0,2,6,0,0,0,0,1,0,0,0,0,0,0,1289532,0,1,0,0,0,1,1,0,0,0,0,0,0,0,0,0,0,6,0,1289531
1307932,42,0,2,6,0,0,0,0,1,0,0,0,0,0,0,7103,0,1,0,0,0,1,1,0,0,0,0,0,0,0,0,0,0,4,0,1289532
1308185,42,0,0,6,0,0,0,0,1,0,0,0,0,0,0,1282733,0,1,0,0,0,1,15,0,0,0,0,0,0,0,0,0,0,1,0,1289682
1308248,226,0,0,6,0,0,60000,0,1,0,0,0,0,0,0,1229741,0,1,0,0,0,1,4,0,0,0,0,0,0,0,0,0,0,1,0,1289723
1308280,0,0,3,64,0,0,0,0,1,0,0,0,0,0,0,1247330,0,1,0,0,0,1,0,0,0,250,0,0,0,0,0,0,0,1,0,1289727
1308421,4,0,0,6,0,0,0,0,1,0,0,0,0,0,0,1289695,0,1,0,0,0,1,50,0,0,0,0,0,0,0,0,0,0,1,0,1289849
1308544,42,0,0,6,0,0,0,0,1,0,0,0,0,0,0,1240329,0,1,0,0,0,1,1,0,0,0,0,0,0,0,0,0,0,1,0,1289931
1308705,23,0,0,6,0,0,45000,0,1,0,0,0,0,0,0,1286050,0,1,0,0,0,1,0,0,0,0,0,0,0,0,0,0,0,1,0,1290045
1308706,23,0,0,6,0,0,20000,0,1,0,0,0,0,0,0,1290042,0,1,0,0,0,1,0,0,0,0,0,0,0,0,0,0,0,1,0,1290046
1308851,23,0,0,6,0,0,5000,0,1,0,0,0,0,0,0,1290129,0,1,0,0,0,1,0,0,0,0,0,0,0,0,0,0,0,1,0,1290130
1309136,42,0,0,6,0,0,0,0,1,0,0,0,0,0,0,16459,0,1,0,0,0,1,5,0,0,0,0,0,0,0,0,0,0,1,0,1290312
1309975,0,0,0,64,0,0,0,0,1,0,0,0,0,0,0,26474,0,1,0,0,0,1,0,0,0,0,0,0,0,0,0,0,0,1,0,1290859
1309976,0,0,1,64,0,0,0,0,1,0,0,0,0,0,0,26475,0,1,0,0,0,1,0,0,0,0,0,0,0,0,0,0,0,1,0,1290859
1309977,0,0,0,64,0,0,0,0,1,0,0,0,0,0,0,26472,0,1,0,0,0,1,0,0,0,0,0,0,0,0,0,0,0,1,0,1290860
1309978,0,0,1,64,0,0,0,0,1,0,0,0,0,0,0,26473,0,1,0,0,0,1,0,0,0,0,0,0,0,0,0,0,0,1,0,1290860
1309979,0,0,0,64,0,0,0,0,1,0,0,0,0,0,0,25695,0,1,0,0,0,1,0,0,0,0,0,0,0,0,0,0,0,1,0,1290861
1309980,0,0,1,64,0,0,0,0,1,0,0,0,0,0,0,25696,0,1,0,0,0,1,0,0,0,0,0,0,0,0,0,0,0,1,0,1290861
1311016,42,0,0,6,0,0,0,0,1,0,0,0,0,0,0,1291570,0,1,0,0,0,1,0,0,0,0,0,0,0,0,0,0,0,1,0,1291568
1311130,23,0,0,6,0,0,3000,0,1,0,0,0,0,0,0,1291646,0,1,0,0,0,1,0,0,0,0,0,0,0,0,0,0,0,1,0,1291644
1311131,20,0,1,6,0,0,3000,0,1,0,0,0,0,0,0,1291647,0,1,0,0,0,1,200,0,0,0,0,0,0,0,0,0,0,1,0,1291644
1311224,42,0,0,6,0,0,0,0,1,0,0,0,0,0,0,1291662,0,1,0,0,0,1,0,0,0,0,0,0,0,0,0,0,0,1,0,1291686
1311407,42,0,0,6,0,0,0,0,1,0,0,0,0,0,0,1291797,0,1,0,0,0,1,25,0,0,0,0,0,0,0,0,0,0,1,0,1291796
1311417,42,0,0,6,0,0,0,0,1,0,0,0,0,0,0,1291806,0,1,0,0,0,1,0,0,0,0,0,0,0,0,0,0,0,1,0,1291807
1311621,42,0,0,6,0,0,0,0,1,0,0,0,0,0,0,1291908,0,1,0,0,0,1,0,0,0,0,0,0,0,0,0,0,0,1,0,1291906
1311786,42,0,0,6,0,0,0,0,1,0,0,0,0,0,0,1292029,0,1,0,0,0,1,0,0,0,0,0,0,0,0,0,0,0,1,0,1292028
1312759,42,0,0,6,0,0,0,0,1,0,0,0,0,0,0,1292598,0,1,0,0,0,1,0,0,0,0,0,0,0,0,0,0,0,1,0,1292594
1312890,42,0,0,6,0,0,0,0,1,0,0,0,0,0,0,1292675,0,1,0,0,0,1,0,0,0,0,0,0,0,0,0,0,0,1,0,1292674
1313025,42,0,0,6,0,0,0,0,1,0,0,0,0,0,0,1292746,0,1,0,0,0,1,100,0,0,0,0,0,0,0,0,0,0,1,0,1292749
1313053,42,0,0,6,0,0,0,0,1,0,0,0,0,0,0,12685,0,1,0,0,0,1,5,0,0,0,0,0,0,0,0,0,0,1,0,1292765
1313110,23,0,0,6,0,0,2000,0,1,0,0,0,0,0,0,1293689,0,1,0,0,0,1,0,0,0,0,0,0,0,0,0,0,0,38,0,1292804
1313227,42,0,0,6,0,0,0,0,1,0,0,0,0,0,0,1292879,0,1,0,0,0,1,0,0,0,0,0,0,0,0,0,0,0,1,0,1292880
1313903,42,0,0,6,0,0,0,0,1,0,0,0,0,0,0,1293333,0,1,0,0,0,1,0,0,0,0,0,0,0,0,0,0,0,1,0,1293331
1313936,42,0,0,6,0,0,0,0,1,0,0,0,0,0,0,1293345,0,1,0,0,0,1,5,0,0,0,0,0,0,0,0,0,0,1,0,1293342
1314029,0,0,0,16,0,0,0,0,1,0,0,0,0,0,0,0,0,1,0,0,0,1,0,0,0,96340,0,0,0,0,0,0,0,1,0,1293393
1314031,0,0,0,16,0,0,0,0,1,0,0,0,0,0,0,0,0,1,0,0,0,1,0,0,0,96341,0,0,0,0,0,0,0,1,0,1293394
1314033,0,0,0,16,0,0,0,0,1,0,0,0,0,0,0,0,0,1,0,0,0,1,0,0,0,96342,0,0,0,0,0,0,0,1,0,1293395
1314035,0,0,0,16,0,0,0,0,1,0,0,0,0,0,0,0,0,1,0,0,0,1,0,0,0,96343,0,0,0,0,0,0,0,1,0,1293396
1314085,4,0,0,6,0,0,0,0,1,0,0,0,0,0,0,1293429,0,1,0,0,0,1,0,0,0,0,0,0,0,0,0,0,0,6,0,1293433
1314324,0,0,0,16,0,0,0,0,1,0,0,0,0,0,0,0,0,1,0,0,0,1,0,0,0,96396,0,0,0,0,0,0,0,1,0,1293571
1314339,0,0,0,16,0,0,0,0,1,0,0,0,0,0,0,0,0,1,0,0,0,1,0,0,0,96397,0,0,0,0,0,0,0,1,0,1293576
1314340,0,0,0,16,0,0,0,0,1,0,0,0,0,0,0,0,0,1,0,0,0,1,0,0,0,96398,0,0,0,0,0,0,0,1,0,1293577
1314341,0,0,0,16,0,0,0,0,1,0,0,0,0,0,0,0,0,1,0,0,0,1,0,0,0,96399,0,0,0,0,0,0,0,1,0,1293578
1314555,42,0,0,6,0,0,0,0,1,0,0,0,0,0,0,1293733,0,1,0,0,0,1,20,0,0,0,0,0,0,0,0,0,0,1,0,1293670
1314560,42,0,0,6,0,0,0,0,1,0,0,0,0,0,0,1293675,0,1,0,0,0,1,0,0,0,0,0,0,0,0,0,0,0,1,0,1293673
1314561,42,0,0,6,0,0,0,0,1,0,0,0,0,0,0,1293673,0,1,0,0,0,1,3,0,0,0,0,0,0,0,0,0,0,1,0,1293674
1314608,42,0,0,6,0,0,0,0,1,0,0,0,0,0,0,1293700,0,1,0,0,0,1,12,0,0,0,0,0,0,0,0,0,0,1,0,1293701
1314764,42,0,0,6,0,0,0,0,1,0,0,0,0,0,0,1293782,0,1,0,0,0,1,0,0,0,0,0,0,0,0,0,0,0,1,0,1293783
1314804,0,0,0,16,0,0,0,0,1,0,0,0,0,0,0,0,0,1,0,0,0,1,1,0,0,96411,0,0,0,0,0,0,0,1,0,1293805
1314818,42,0,0,6,0,0,0,0,1,0,0,0,0,0,0,1293814,0,1,0,0,0,1,0,0,0,0,0,0,0,0,0,0,0,1,0,1293815
1314892,0,0,0,16,0,0,0,0,1,0,0,0,0,0,0,0,0,1,0,0,0,1,0,0,0,96412,0,0,0,0,0,0,0,1,0,1293857
1314893,0,0,0,16,0,0,0,0,1,0,0,0,0,0,0,0,0,1,0,0,0,1,0,0,0,96413,0,0,0,0,0,0,0,1,0,1293858
1314919,0,0,0,16,0,0,0,0,1,0,0,0,0,0,0,0,0,1,0,0,0,1,0,0,0,96418,0,0,0,0,0,0,0,1,0,1293875
1314920,0,0,0,16,0,0,0,0,1,0,0,0,0,0,0,0,0,1,0,0,0,1,0,0,0,96419,0,0,0,0,0,0,0,1,0,1293876
1314921,0,0,0,16,0,0,0,0,1,0,0,0,0,0,0,0,0,1,0,0,0,1,0,0,0,96420,0,0,0,0,0,0,0,1,0,1293877
1314922,0,0,0,16,0,0,0,0,1,0,0,0,0,0,0,0,0,1,0,0,0,1,0,0,0,96421,0,0,0,0,0,0,0,1,0,1293878
1315088,42,0,0,6,0,0,0,0,1,0,0,0,0,0,0,18083,0,1,0,0.33333334327,0,1,0,0,0,0,0,0,0,0,0,0,0,1,0,1293980
1315097,23,0,0,6,0,0,2000,0,1,0,0,0,0,0,0,1302937,0,1,0,0,0,1,-50,0,0,0,0,0,0,0,0,0,0,6,0,1293986
1315124,0,0,0,64,1,0,0,0,1,0,0,0,0,0,0,1131,0,1,0,0,0,1,0,0,0,0,0,0,0,0,0,0,0,1,0,1294006
1315125,23,0,1,6,0,0,10000,0,1,0,0,0,0,0,0,1294007,0,1,0,0,0,1,0,0,0,0,0,0,0,0,0,0,0,1,0,1294006
1315206,42,0,0,6,0,0,0,0,1,0,0,0,0,0,0,1294058,0,1,0,0,0,1,0,0,0,0,0,0,0,0,0,0,0,1,0,1294055
1315219,42,0,0,6,0,0,0,0,1,0,0,0,0,0,0,1294065,0,1,0,0,0,1,0,0,0,0,0,0,0,0,0,0,0,1,0,1294064
1315262,42,0,0,6,0,0,0,0,1,0,0,0,0,0,0,1294070,0,1,0,0,0,1,100,0,0,0,0,0,0,0,0,0,0,1,0,1294086
1315263,42,0,0,6,0,0,0,0,1,0,0,0,0,0,0,1294071,0,1,0,0,0,1,0,0,0,0,0,0,0,0,0,0,0,1,0,1294087
1315305,42,0,0,6,0,0,0,1,1,0,0,0,0,0,0,1294112,0,1,0,0,0,1,0,0,0,0,0,0,0,0,0,0,0,1,0,1294111
1315516,42,0,0,6,0,0,0,0,1,0,0,0,0,0,0,1294258,0,1,0,0,0,1,5,0,0,0,0,0,0,0,0,0,0,1,0,1294255
1315517,23,0,0,6,0,0,5000,0,1,0,0,0,0,0,0,1294258,0,1,0,0,0,1,0,0,0,0,0,0,0,0,0,0,0,1,0,1294256
1315532,42,0,0,6,0,0,0,0,1,0,0,0,0,0,0,1294269,0,1,0,0,0,1,1,0,0,0,0,0,0,0,0,0,0,1,0,1294270
1315540,42,0,0,6,0,0,0,0,1,0,0,0,0,0,0,1294273,0,1,0,0,0,1,1,0,0,0,0,0,0,0,0,0,0,1,0,1294274
1315547,0,0,0,16,0,0,0,0,1,0,0,0,0,0,0,0,0,1,0,0,0,1,0,0,0,96452,0,0,0,0,0,0,0,120,0,1294277
1315784,0,0,3,64,0,0,0,0,1,0,0,0,0,0,0,1294431,0,1,0,0,0,1,0,0,0,0,0,0,0,0,0,0,0,6,0,1294430
1315939,42,0,0,6,0,0,0,0,1,0,0,0,0,0,0,1294537,0,1,0,0,0,1,0,0,0,0,0,0,0,0,0,0,0,1,0,1294530
1316123,42,0,0,6,1,0,0,0,1,0,0,0,0,0,0,1294645,0,1,0,0.00999999978,0,1,0,0,0,0,0,0,0,0,0,0,0,1,0,1294644
1316157,42,0,0,6,0,0,0,0,1,0,0,0,0,0,0,1294666,0,1,0,0,0,1,1,0,0,0,0,0,0,0,0,0,0,1,0,1294668
1316184,23,0,0,6,0,0,2000,0,1,0,0,0,0,0,0,1294684,0,1,0,0,0,1,0,0,0,0,0,0,0,0,0,0,0,1,0,1294683
1316197,23,0,0,6,0,0,2000,0,1,0,0,0,0,0,0,1294692,0,1,0,0,0,1,0,0,0,0,0,0,0,0,0,0,0,1,0,1294690
1316417,4,0,0,6,0,0,0,0,1,0,0,0,0,0,0,21951,0,1,0,0,0,1,3,0,0,0,0,0,0,0,0,0,0,1,0,1294794
1316647,42,0,0,6,0,0,0,0,1,0,0,0,0,0,0,1294940,0,1,0,0,0,1,1,0,0,0,0,0,0,0,0,0,0,1,0,1294939
1316865,42,0,0,6,0,0,0,0,1,0,0,0,0,0,0,1295065,0,1,0,0,0,1,0,0,0,0,0,0,0,0,0,0,0,1,0,1295064
1317437,0,0,1,64,0,0,0,0,1,0,0,0,0,0,0,1253371,0,1,0,0,0,1,0,0,0,500,0,0,0,0,0,0,0,1,0,1295392
1319985,42,0,0,6,0,0,0,0,1,0,0,0,0,0,0,1297082,0,1,0,0,0,1,0,0,0,0,0,0,0,0,0,0,0,1,0,1297085
1320517,260,0,0,6,0,0,0,0,1,0,0,0,0,0,0,1293987,0,1,0,0,0,1,0,0,0,2514,2,0,0,0,0,0,0,1,0,1297328
1320588,42,0,0,6,1,0,0,0,1,0,0,0,0,0,0,1297369,0,1,0,0,0,1,0,0,0,0,0,0,0,0,0,0,0,1,0,1297370
1320698,0,0,1,64,0,0,0,0,1,0,0,0,0,0,0,1297001,0,1,0,0,0,1,0,0,0,0,0,0,0,0,0,0,0,1,0,22686
1320980,0,0,0,64,0,0,0,0,1,0,0,0,0,0,0,1297672,0,1,0,0,0,1,20,0,0,0,0,0,0,0,0,0,0,1,0,1297671
1321225,495,0,0,6,0,0,0,0,1,0,0,0,0,0,0,1297817,0,1,0,0,0,1,0,0,0,0,0,0,0,0,0,0,0,1,0,1297813
1321804,42,0,0,6,0,0,0,0,1,0,0,0,0,0,0,1298231,0,1,0,0,0,1,0,0,0,0,0,0,0,0,0,0,0,1,0,1298230
1322066,42,0,0,6,0,0,0,0,1,0,0,0,0,0,0,1298414,0,1,0,0,0,1,0,0,0,0,0,0,0,0,0,0,0,1,0,1298413
1322094,42,0,0,6,0,0,0,0,1,0,0,0,0,0,0,1298438,0,1,0,0,0,1,0,0,0,0,0,0,0,0,0,0,0,1,0,1298437
1322195,42,0,0,6,0,0,0,0,1,0,0,0,0,0,0,1298499,0,1,0,0,0,1,0,0,0,0,0,0,0,0,0,0,0,1,0,1298500
1322199,23,0,1,6,0,0,1000,0,1,0,0,0,0,0,0,1298506,0,1,0,0,0,1,0,0,0,0,0,0,0,0,0,0,0,6,0,1298503
1322251,0,0,0,64,0,0,0,0,1,0,0,0,0,0,0,1279600,0,1,0,0,0,1,0,0,0,0,0,0,0,0,0,0,0,25,0,1298546
1322367,23,0,0,6,0,0,1000,0,1,0,0,0,0,0,0,1298630,0,1,0,0,0,1,0,0,0,0,0,0,12,0,0,0,0,22,15,1298627
1323442,23,0,0,6,0,0,300,0,1,0,0,0,0,0,0,1299293,0,1,0,0,0,1,0,0,0,0,0,0,0,0,0,0,0,1,0,1299292
1323696,0,0,0,16,0,0,0,0,1,0,0,0,0,0,0,0,0,1,0,0,0,1,0,0,0,97078,0,0,0,0,0,0,0,1,0,1299449
1323697,42,0,2,6,0,0,0,0,1,0,0,0,0,0,0,1299448,0,1,0,0,0,1,0,0,0,0,0,0,0,0,0,0,0,1,0,13161
1323698,42,0,2,6,0,0,0,0,1,0,0,0,0,0,0,1299448,0,1,0,0,0,1,0,0,0,0,0,0,0,0,0,0,0,1,0,1299445
1323699,42,0,2,6,0,0,0,0,1,0,0,0,0,0,0,1299448,0,1,0,0,0,1,0,0,0,0,0,0,0,0,0,0,0,1,0,1299446
1323700,42,0,2,6,0,0,0,0,1,0,0,0,0,0,0,1299448,0,1,0,0,0,1,0,0,0,0,0,0,0,0,0,0,0,1,0,1299447
1324120,42,0,0,6,0,0,0,0,1,0,0,0,0,0,0,1299735,0,1,0,0.66666668653,0,1,0,0,0,0,0,0,0,0,0,0,0,1,0,1299737
1324123,42,0,0,6,0,0,0,0,1,0,0,0,0,0,0,1299739,0,1,0,0,0,1,7,0,0,0,0,0,0,0,0,0,0,6,0,1299740
1324127,42,0,0,6,0,0,0,0,1,0,0,0,0,0,0,1299746,0,1,0,0,0,1,1,0,0,0,0,0,0,0,0,0,0,1,0,1299743
1324383,42,0,0,6,0,0,0,0,1,0,0,0,0,0,0,1299943,0,1,0,0.66666668653,0,1,0,0,0,0,0,0,0,0,0,0,0,1,0,1299948
1324644,42,0,0,6,0,0,0,0,1,0,0,0,0,0,0,1300130,0,1,0,0,0,1,1,0,0,0,0,0,0,0,0,0,0,1,0,1300128
1324667,42,0,0,6,0,0,0,0,1,0,0,0,0,0,0,1300140,0,1,0,0,0,1,1,0,0,0,0,0,0,0,0,0,0,1,0,1300141
1325611,42,0,0,6,0,0,0,0,1,0,0,0,0,0,0,1300782,0,1,0,0.66666668653,0,1,0,0,0,0,0,0,0,0,0,0,0,1,0,1300781
1325715,23,0,0,6,0,0,3000,0,1,0,0,0,0,0,0,1300844,0,1,0,0,0,1,0,0,0,0,0,0,0,0,0,0,0,1,0,1300846
1325757,42,0,0,6,0,0,0,0,1,0,0,0,0,0,0,1300891,0,1,0,0,0,1,100,0,0,0,0,0,0,0,0,0,0,1,0,1300890
1325832,4,0,1,6,0,0,0,0,1,0,0,0,0,0,0,15601,0,1,0,0,0,1,3,0,0,0,0,0,0,0,0,0,0,1,0,15600
1325971,42,0,0,6,0,0,0,0,1,0,0,0,0,0,0,15494,0,1,0,0,0,1,1,0,0,0,0,0,0,0,0,0,0,1,0,1301046
1325972,4,0,1,6,0,0,0,0,1,0,0,0,0,0,0,15601,0,1,0,0,0,1,2,0,0,0,0,0,0,0,0,0,0,1,0,1301046
1326087,42,0,0,6,0,0,0,0,1,0,0,0,0,0,0,1301124,0,1,0,0,0,1,5,0,0,0,0,0,0,0,0,0,0,1,0,1301123
1326146,0,0,0,64,0,0,0,0,1,0,0,0,0,0,0,1316048,0,1,0,0.14285714924,0,1,0,0,0,0,0,0,0,0,0,0,0,1,0,1301167
1326148,495,0,2,6,0,0,0,0,1,0,0,0,0,0,0,1301168,0,1,0,0,0,1,0,0,0,1,0,0,0,0,0,0,0,1,0,1301167
1327489,0,0,0,64,1,0,0,0,1,0,0,0,0,0,0,1127,0,1,0,0,0,1,0,0,0,0,0,0,0,0,0,0,0,1,0,1302066
1327490,226,0,1,6,0,0,10000,1,1,0,0,0,0,0,0,1302064,0,1,0,0,0,1,10,0,0,0,0,0,0,0,0,0,0,1,0,1302066
1327564,42,0,0,6,0,0,0,0,1,0,0,0,0,0,0,1302109,0,1,0,0.66666668653,0,1,0,0,0,0,0,0,0,0,0,0,0,1,0,1302108
1327678,0,0,0,16,0,0,0,0,1,0,0,0,0,0,0,0,0,1,0,0,0,1,1,0,0,97264,0,0,0,0,0,0,0,1,0,1302189
1327684,42,0,0,6,0,0,0,0,1,0,0,0,0,0,0,1302191,0,1,0,0,0,1,0,0,0,0,0,0,0,0,0,0,0,1,0,1302190
1327712,0,0,1,64,0,0,0,0,1,0,0,0,0,0,0,1302206,0,1,0,0,0,1,0,0,0,0,0,0,0,0,0,0,0,1,0,1302205
1327772,42,0,0,6,0,0,0,0,1,0,0,0,0,0,0,1302247,0,1,0,0,0,1,0,0,0,0,0,0,0,0,0,0,0,1,0,1302248
1327904,42,0,0,6,0,0,0,0,1,0,0,0,0,0,0,1302342,0,1,0,0,0,1,0,0,0,0,0,0,0,0,0,0,0,1,0,1302341
1327912,42,0,0,6,0,0,0,0,1,0,0,0,0,0,0,1302350,0,1,0,0,0,1,65,0,0,0,0,0,0,0,0,0,0,1,0,1302348
1327923,0,0,0,16,0,0,0,0,1,0,0,0,0,0,0,0,0,1,0,0,0,1,0,0,0,97268,0,0,0,0,0,0,0,120,0,1302355
1327924,42,0,0,6,0,0,0,0,1,0,0,0,0,0,0,1302357,0,1,0,0,0,1,0,0,0,0,0,0,0,0,0,0,0,1,0,1302356
1327927,23,0,0,6,0,0,4000,0,1,0,0,0,0,0,0,1302360,0,1,0,0,0,1,0,0,0,0,0,0,0,0,0,0,0,6,0,1302359
1327955,42,0,0,6,1,0,0,0,1,0,0,0,0,0,0,1302378,0,1,0,0,0,1,25,0,0,0,0,0,0,0,0,0,0,1,0,1302380
1328183,23,0,0,6,0,0,10000,0,1,0,0,0,0,0,0,1302578,0,1,0,0,0,1,0,0,0,0,0,0,0,0,0,0,0,1,0,1302569
1328235,23,0,0,6,0,0,2000,0,1,0,0,0,0,0,0,1302606,0,1,0,0,0,1,0,0,0,0,0,0,0,0,0,0,0,38,0,1302605
1328341,42,0,0,6,0,0,0,1,1,0,0,0,0,0,0,1302700,0,1,0,0,0,1,1,0,0,0,0,0,0,0,0,0,0,1,0,1302698
1328355,42,0,0,6,0,0,0,0,1,0,0,0,0,0,0,1302707,0,1,0,0,0,1,1,0,0,0,0,0,0,0,0,0,0,1,0,1302708
1328361,42,0,0,6,0,0,0,1,1,0,0,0,0,0,0,1302711,0,1,0,0,0,1,1,0,0,0,0,0,0,0,0,0,0,1,0,1302712
1328365,42,0,0,6,0,0,0,1,1,0,0,0,0,0,0,1302715,0,1,0,0,0,1,1,0,0,0,0,0,0,0,0,0,0,1,0,1302716
1328367,42,0,0,6,0,0,0,1,1,0,0,0,0,0,0,1302717,0,1,0,0,0,1,1,0,0,0,0,0,0,0,0,0,0,1,0,1302718
1328372,42,0,0,6,0,0,0,0,1,0,0,0,0,0,0,1302720,0,1,0,0,0,1,1,0,0,0,0,0,0,0,0,0,0,1,0,1302721
1328450,23,0,0,6,0,0,5000,0,1,0,0,0,0,0,0,1302783,0,1,0,0,0,1,0,0,0,0,0,0,0,0,0,0,0,1,0,1302780
1328974,0,0,1,64,0,0,0,0,1,0,0,0,0,0,0,11920,0,1,0,0,0,1,1,0,0,0,0,0,0,0,0,0,0,6,0,1303136
1328981,23,0,0,6,0,0,2000,0,1,0,0,0,0,0,0,1303135,0,1,0,0,0,1,0,0,0,0,0,0,0,0,0,0,0,1,0,1303140
1329634,23,0,0,6,0,0,2000,0,1,0,0,0,0,0,0,1303498,0,1,0,0,0,1,0,0,0,0,0,0,0,0,0,0,0,1,0,1303499
1329770,23,0,0,6,0,0,500,0,1,0,0,0,0,0,0,1303603,0,1,0,0,0,1,1,0,0,0,0,0,0,0,0,0,0,1,0,1303599
1330310,42,0,2,6,0,0,0,0,1,0,0,0,0,0,0,9204,0,1,0,0,0,1,0,0,0,0,0,0,0,0,0,0,0,1,0,1303979
1331133,42,0,0,6,0,0,0,0,1,0,0,0,0,0,0,1304472,0,1,0,0,0,1,0,0,0,0,0,0,0,0,0,0,0,6,0,1304473
1332629,23,0,0,6,0,0,3000,0,1,0,0,0,0,0,0,1305420,0,1,0,0,0,1,0,0,0,0,0,0,0,0,0,0,0,1,0,1305419
1332634,42,0,0,6,0,0,0,0,1,0,0,0,0,0,0,1305426,0,1,0,0,0,1,1,0,0,0,0,0,0,0,0,0,0,1,0,1305424
1332895,42,0,0,6,0,0,0,0,1,0,0,0,0,0,0,1305718,0,1,0,0,0,1,0,0,0,0,0,0,0,0,0,0,0,1,0,1305732
1334567,23,0,1,6,0,0,3000,0,1,0,0,0,0,0,0,1306811,0,1,0,0,0,1,0,0,0,0,0,0,0,0,0,0,0,1,0,1306794
1334688,42,0,0,6,0,0,0,0,1,0,0,0,0,0,0,20005,0,1,0,0,0,1,0,0,0,0,0,0,0,0,0,0,0,1,0,1307019
1334742,0,0,1,64,0,0,0,0,1,0,0,0,0,0,0,1307063,0,1,0,0,0,1,0,0,0,0,0,0,0,0,0,0,0,0,0,11513
1334752,23,0,0,6,0,0,1000,0,1,0,0,0,0,0,0,1307066,0,1,0,0,0,1,0,0,0,0,0,0,0,0,0,0,0,1,0,1307067
1335244,42,0,0,6,0,0,0,0,1,0,0,0,0,0,0,1307288,0,1,0,0,0,1,0,0,0,0,0,0,0,0,0,0,0,1,0,1307315
1335649,42,0,0,6,0,0,0,0,1,0,0,0,0,0,0,1307520,0,1,0,0,0,1,0,0,0,0,0,0,0,0,0,0,0,1,0,1307519
1335830,42,0,0,6,0,0,0,0,1,0,0,0,0,0,0,1306610,0,1,0,0,0,1,0,0,0,0,0,0,0,0,0,0,0,1,0,1307644
1335984,42,0,0,6,0,0,0,0,1,0,0,0,0,0,0,1307791,0,1,0,0,0,1,1,0,0,0,0,0,0,0,0,0,0,1,0,1307792
1336856,0,0,0,16,0,0,0,0,1,0,0,0,0,0,0,0,0,1,0,0,0,1,0,0,0,98294,0,0,0,0,0,0,0,1,0,1308380
1336998,42,0,0,6,0,0,0,0,1,0,0,0,0,0,0,1308474,0,1,0,0,0,1,0,0,0,0,0,0,0,0,0,0,0,1,0,1308473
1337719,42,0,0,6,1,0,0,0,1,0,0,0,0,0,0,1308910,0,1,0,0,0,1,0,0,0,0,0,0,0,0,0,0,0,1,0,1308911
1337721,42,0,0,6,0,0,0,0,1,0,0,0,0,0,0,1306613,0,1,0,0,0,1,0,0,0,0,0,0,0,0,0,0,0,1,0,1308913
1337723,42,0,0,6,0,0,0,0,1,0,0,0,0,0,0,1306620,0,1,0,0,0,1,0,0,0,0,0,0,0,0,0,0,0,1,0,1308914
1337753,42,0,0,6,0,0,0,0,1,0,0,0,0,0,0,1308937,0,1,0,0,0,1,0,0,0,0,0,0,0,0,0,0,0,1,0,1308935
1337942,23,0,0,6,0,0,2000,0,1,0,0,0,0,0,0,1309071,0,1,0,0.10000000149,0,1,10,0,0,0,0,0,0,0,0,0,0,1,0,1309072
1338279,42,0,0,6,0,0,0,0,1,0,0,0,0,0,0,1309321,0,1,0,0,0,1,0,0,0,0,0,0,0,0,0,0,0,1,0,1309320
1338281,42,0,0,6,0,0,0,0,1,0,0,0,0,0,0,1309323,0,1,0,0,0,1,0,0,0,0,0,0,0,0,0,0,0,1,0,1309322
1338735,0,0,0,64,0,0,0,0,1,0,0,0,0,0,0,1309725,0,1,0,0,0,1,0,0,0,0,0,0,0,0,0,0,0,1,0,1309685
1338736,0,0,1,64,0,0,0,0,1,0,0,0,0,0,0,1309726,0,1,0,0,0,1,0,0,0,0,0,0,0,0,0,0,0,1,0,1309685
1338737,0,0,2,64,0,0,0,0,1,0,0,0,0,0,0,1309728,0,1,0,0,0,1,0,0,0,0,0,0,0,0,0,0,0,1,0,1309685
1338775,42,0,1,6,0,0,0,0,1,0,0,0,0,0,0,1309719,0,1,0,0,0,1,0,0,0,0,0,0,0,0,0,0,0,6,0,1309718
1338839,42,0,0,6,0,0,0,0,1,0,0,0,0,0,0,1309761,0,1,0,0,0,1,0,0,0,0,0,0,0,0,0,0,0,1,0,1309765
1338997,0,0,0,16,0,0,0,0,1,0,0,0,0,0,0,0,0,1,0,0,0,1,0,0,0,98395,0,0,0,0,0,0,0,1,0,1309871
1339135,42,0,1,6,0,0,0,1,1,0,0,0,0,0,0,16922,0,1,0,0,0,1,15,0,0,0,0,0,0,0,0,0,0,1,0,16850
1339448,23,0,0,6,0,0,21000,0,1,0,0,0,0,0,0,1310163,0,1,0,0,0,1,0,0,0,0,0,0,0,0,0,0,0,1,0,1310161
1339453,23,0,1,6,0,0,14000,0,1,0,0,0,0,0,0,1310162,0,1,0,0,0,1,0,0,0,0,0,0,0,0,0,0,0,1,0,1310161
1339454,23,0,0,6,0,0,14000,0,1,0,0,0,0,0,0,1310162,0,1,0,0,0,1,0,0,0,0,0,0,0,0,0,0,0,1,0,1310164
1339455,23,0,0,6,0,0,21000,0,1,0,0,0,0,0,0,1310163,0,1,0,0,0,1,0,0,0,0,0,0,0,0,0,0,0,1,0,1310165
1339745,42,0,0,6,0,0,0,0,1,0,0,0,0,0,0,23602,0,1,0,0,0,1,0,0,0,0,0,0,0,0,0,0,0,1,0,1310316
1339750,42,0,1,6,0,0,0,0,1,0,0,0,0,0,0,1310318,0,1,0,0,0,1,100,0,0,0,0,0,0,0,0,0,0,1,0,12298
1340116,42,0,0,6,0,0,0,0,1,0,0,0,0,0,0,1310726,0,1,0,0,0,1,10,0,0,0,0,0,0,0,0,0,0,1,0,1310532
1340404,231,0,1,6,0,0,0,1,1,0,0,0,0,0,0,1310697,0,1,0,0,0,1,2,0,0,0,0,0,0,0,0,0,0,1,0,14168
1340427,0,0,1,64,0,0,0,0,1,0,0,0,0,0,0,1310706,0,1,0,0,0,1,0,0,0,0,0,0,0,0,0,0,0,6,0,1310707
1340428,0,0,2,64,0,0,0,0,1,0,0,0,0,0,0,1310705,0,1,0,0,0,1,0,0,0,0,0,0,0,0,0,0,0,6,0,1310707
1340439,42,0,1,6,0,0,0,0,1,0,0,0,0,0,0,1310710,0,1,0,0,0,1,45,0,0,0,0,0,0,0,0,0,0,1,0,1224716
1340456,42,0,0,6,0,0,0,1,1,0,0,0,0,0,0,1310723,0,1,0,0,0,1,0,0,0,0,0,0,0,0,0,0,0,1,0,1310721
1340827,42,0,1,6,0,0,0,0,1,0,0,0,0,0,0,1310925,0,1,0,0,0,1,100,0,0,0,0,0,0,0,0,0,0,1,0,20150
1340832,4,0,2,6,0,0,0,0,1,0,0,0,0,0,0,20231,0,1,0,0,0,1,20183,0,0,0,0,0,0,0,0,0,0,1,0,20163
1341060,231,0,1,6,0,0,0,0,1,0,0,0,0,0,0,1311033,0,1,0,0,0,1,15,0,0,0,0,0,0,0,0,0,0,1,0,1311034
1341997,231,0,0,6,0,0,0,0,1,0,0,0,0,0,0,1311601,0,1,0,0,0,1,0,0,0,0,0,0,0,0,0,0,0,6,0,1311599
1342094,4,0,2,6,0,0,0,0,1,0,0,0,0,0,0,1311647,0,1,0,0,0,1,1311650,0,0,0,0,0,0,0,0,0,0,1,0,1311649
1342108,4,0,2,6,0,0,0,0,1,0,0,0,0,0,0,1311654,0,1,0,0,0,1,1311655,0,0,0,0,0,0,0,0,0,0,1,0,1311656
1342621,23,0,0,6,0,0,3000,0,1,0,0,0,0,0,0,1312010,0,1,0,0,0,1,0,0,0,0,0,0,0,0,0,0,0,1,0,1312009
1342702,0,0,1,64,0,0,0,0,1,0,0,0,0,0,0,1312052,0,1,0,0,0,1,0,0,0,0,0,0,0,0,0,0,0,6,0,443265
1342837,0,0,1,64,0,0,0,0,1,0,0,0,0,0,0,1312128,0,1,0,0,0,1,0,0,0,5000,0,0,0,0,0,0,0,0,0,18955
1345030,0,0,0,255,0,0,0,0,1,0,0,0,0,0,0,0,0,1,0,0,0,1,0,0,0,5914,0,0,0,0,0,0,0,1,0,1306128
1345031,0,0,1,16,0,0,0,0,1,0,0,0,0,0,0,0,0,1,0,0,0,1,0,0,0,97984,0,0,0,0,0,0,0,1,0,1306128
1345070,0,0,0,255,0,0,0,0,1,0,0,0,0,0,0,0,0,1,0,0,0,1,0,0,0,5700,0,0,0,0,0,0,0,1,0,1289402
1345071,0,0,1,16,0,0,0,0,1,0,0,0,0,0,0,0,0,1,0,0,0,1,0,0,0,95977,0,0,0,0,0,0,0,1,0,1289402
1345072,0,0,0,255,0,0,0,0,1,0,0,0,0,0,0,0,0,1,0,0,0,1,0,0,0,5701,0,0,0,0,0,0,0,1,0,1289407
1345073,0,0,1,16,0,0,0,0,1,0,0,0,0,0,0,0,0,1,0,0,0,1,0,0,0,95978,0,0,0,0,0,0,0,1,0,1289407
1345074,0,0,0,255,0,0,0,0,1,0,0,0,0,0,0,0,0,1,0,0,0,1,0,0,0,5702,0,0,0,0,0,0,0,1,0,1289417
1345075,0,0,1,16,0,0,0,0,1,0,0,0,0,0,0,0,0,1,0,0,0,1,0,0,0,95979,0,0,0,0,0,0,0,1,0,1289417
1345076,0,0,0,255,0,0,0,0,1,0,0,0,0,0,0,0,0,1,0,0,0,1,0,0,0,5703,0,0,0,0,0,0,0,1,0,1289419
1345077,0,0,1,16,0,0,0,0,1,0,0,0,0,0,0,0,0,1,0,0,0,1,0,0,0,95980,0,0,0,0,0,0,0,1,0,1289419
1345888,42,0,0,6,0,0,0,0,1,0,0,0,0,0,0,16939,0,1,0,0,0,1,0,0,0,0,0,0,0,0,0,0,0,1,0,1314143
1347370,23,0,0,6,0,0,21000,0,1,0,0,0,0,0,0,1315217,0,1,0,0,0,1,0,0,0,0,0,0,0,0,0,0,0,1,0,1315218
1348923,42,0,0,6,0,0,0,0,1,0,0,0,0,0,0,29502,0,1,0,0,0,1,100,0,0,0,0,0,0,0,0,0,0,1,0,1316319
1349079,42,0,0,6,0,0,0,0,1,0,0,0,0,0,0,1316387,0,1,0,0,0,1,1,0,0,0,0,0,0,0,0,0,0,1,0,1316388
1350038,23,0,1,6,0,0,1000,0,1,0,0,0,0,0,0,1316991,0,1,0,0,0,1,0,0,0,0,0,0,0,0,0,0,0,1,0,1316992
1350041,23,0,1,6,0,0,1000,0,1,0,0,0,0,0,0,1316993,0,1,0,0,0,1,0,0,0,0,0,0,0,0,0,0,0,1,0,1316994
1350104,42,0,0,6,0,0,0,0,1,0,0,0,0,0,0,1317040,0,1,0,0,0,1,0,0,0,0,0,0,0,0,0,0,0,1,0,1317039
1350847,23,0,0,6,0,0,40000,1,1,0,0,0,0,0,0,1317695,0,1,0,0,0,1,0,0,0,0,0,0,0,0,0,0,0,1,0,1317692
1351318,42,0,0,6,0,0,0,0,1,0,0,0,0,0,0,1318031,0,1,0,0,0,1,100,0,0,0,0,0,0,0,0,0,0,1,0,1318034
1351352,42,0,0,6,0,0,0,0,1,0,0,0,0,0,0,1318061,0,1,0,0,0,1,100,0,0,0,0,0,0,0,0,0,0,1,0,1318062
1351359,42,0,0,6,0,0,0,0,1,0,0,0,0,0,0,1318068,0,1,0,0,0,1,100,0,0,0,0,0,0,0,0,0,0,1,0,1318069
1351428,42,0,0,6,0,0,0,0,1,0,0,0,0,0,0,1318121,0,1,0,0,0,1,100,0,0,0,0,0,0,0,0,0,0,1,0,1318123
1351472,4,0,2,6,0,0,0,0,1,0,0,0,0,0,0,1295633,0,1,0,0,0,1,2,0,0,0,0,0,0,0,0,0,0,6,0,1295271
1351486,42,0,0,6,0,0,0,0,1,0,0,0,0,0,0,1265634,0,1,0,0,0,1,2,0,0,0,0,0,0,0,0,0,0,1,0,1318159
1351520,42,0,0,6,0,0,0,0,1,0,0,0,0,0,0,1318178,0,1,0,0,0,1,100,0,0,0,0,0,0,0,0,0,0,1,0,1318182
1351527,42,0,0,6,0,0,0,0,1,0,0,0,0,0,0,1318163,0,1,0,0,0,1,100,0,0,0,0,0,0,0,0,0,0,1,0,1318185
1351739,42,0,0,6,0,0,0,0,1,0,0,0,0,0,0,1318324,0,1,0,0,0,1,0,0,0,0,0,0,0,0,0,0,0,1,0,1318323
1352387,0,0,0,16,0,0,0,0,1,0,0,0,0,0,0,0,0,1,0,0,0,1,0,0,0,99043,0,0,0,0,0,0,0,1,0,1318780
1352521,0,0,0,16,0,0,0,0,1,0,0,0,0,0,0,0,0,1,0,0,0,1,0,0,0,99063,0,0,0,0,0,0,0,1,0,1318863
1352522,0,0,0,16,0,0,0,0,1,0,0,0,0,0,0,0,0,1,0,0,0,1,0,0,0,99064,0,0,0,0,0,0,0,1,0,1318864
1352523,0,0,0,16,0,0,0,0,1,0,0,0,0,0,0,0,0,1,0,0,0,1,0,0,0,99065,0,0,0,0,0,0,0,1,0,1318865
1352524,0,0,0,16,0,0,0,0,1,0,0,0,0,0,0,0,0,1,0,0,0,1,0,0,0,99066,0,0,0,0,0,0,0,1,0,1318866
1352525,0,0,0,16,0,0,0,0,1,0,0,0,0,0,0,0,0,1,0,0,0,1,0,0,0,99067,0,0,0,0,0,0,0,1,0,1318867
1352526,0,0,0,16,0,0,0,0,1,0,0,0,0,0,0,0,0,1,0,0,0,1,0,0,0,99068,0,0,0,0,0,0,0,1,0,1318868
1352627,42,0,0,6,0,0,0,0,1,0,0,0,0,0,0,1318930,0,1,0,0,0,1,1,0,0,0,0,0,0,0,0,0,0,1,0,1318931
1353207,0,0,0,64,1,0,0,0,1,0,0,0,0,0,0,1129,0,1,0,0,0,1,0,0,0,0,0,0,0,0,0,0,0,1,0,1319311
1353208,227,0,1,6,0,0,10000,0,1,0,0,0,0,0,0,1319310,0,1,0,0,0,1,150,0,0,0,0,0,0,0,0,0,0,1,0,1319311
1353746,23,0,1,6,0,0,5000,0,1,0,0,0,0,0,0,1319623,0,1,0,0,0,1,0,0,0,0,0,0,0,0,0,0,0,1,0,1319611
1356758,0,0,1,64,0,0,0,0,1,0,0,0,0,0,0,1314956,0,1,0,0,0,1,0,0,0,0,0,0,0,0,0,0,0,0,0,1314917
1356876,42,0,0,6,0,0,0,0,1,0,0,0,0,0,0,1321558,0,1,0,0,0,1,15,0,0,0,0,0,0,0,0,0,0,1,0,1321560
1356919,42,0,0,6,0,0,0,0,1,0,0,0,0,0,0,1321586,0,1,0,0,0,1,100,0,0,0,0,0,0,0,0,0,0,1,0,1321587
1357715,23,0,0,6,0,0,1000,0,1,0,0,0,0,0,0,1322067,0,1,0,0,0,1,0,0,0,0,0,0,0,0,0,0,0,1,0,1322065
1359378,23,0,0,6,0,0,2000,0,1,0,0,15,0,0,0,1286850,0,1,0,0,0,1,0,0,0,0,0,0,0,0,0,0,0,1,0,1323184
